tree
version=v4
num_class=3
num_tree_per_iteration=3
label_index=0
max_feature_idx=37
objective=multiclass num_class:3
feature_names=Marital_status Application_mode Application_order Course Daytime/evening_attendance	 Previous_qualification Previous_qualification_(grade) Nacionality Mother's_qualification Father's_qualification Mother's_occupation Father's_occupation Admission_grade Displaced Educational_special_needs Debtor Tuition_fees_up_to_date Gender Scholarship_holder Age_at_enrollment International Curricular_units_1st_sem_(credited) Curricular_units_1st_sem_(enrolled) Curricular_units_1st_sem_(evaluations) Curricular_units_1st_sem_(approved) Curricular_units_1st_sem_(grade) Curricular_units_1st_sem_(without_evaluations) Curricular_units_2nd_sem_(credited) Curricular_units_2nd_sem_(enrolled) Curricular_units_2nd_sem_(evaluations) Curricular_units_2nd_sem_(approved) Curricular_units_2nd_sem_(grade) Curricular_units_2nd_sem_(without_evaluations) Unemployment_rate Inflation_rate GDP Grade_progress Avg_grade_both_sem
feature_infos=[1:6] [1:57] [1:9] [33:9991] [0:1] [1:43] [95:190] [1:109] [1:44] [1:44] [0:194] [0:195] [95:190] [0:1] [0:1] [0:1] [0:1] [0:1] [0:1] [17:70] [0:1] [0:20] [0:26] [0:45] [0:26] [0:18] [0:12] [0:18] [0:23] [0:33] [0:20] [0:18.571428571428573] [0:12] [7.5999999999999996:16.199999999999999] [-0.80000000000000004:3.7000000000000002] [-4.0599999999999996:3.5099999999999998] [-16.142857142857142:15] [0:17.952380952380953]
tree_sizes=1976 3119 3363 2178 2664 1472 2090 1885 2087 2325 1884 2562 2423 2481 3575 3102 2420 2618 2097 2768 1814 2216 2463 2322 2822 1595 1808 2490 3010 2251 2475 2731 2666 2172 2448 2570 1610 2404 2783 1859 2699 1779 1778 2544 2768 2298 1983 2848 2071 1892 1857 2132 2035 2137 1681 2845 2562 2321 3016 2497 1939 2232 1681 2387 2471 2756 1601 1955 2251 2153 1265 2129 2144 2493 1868 2048 1710 1711 1774 888 2233 1342 1418 1671 2391 893 906 2276 1136 1761 2108 1250 1674 1144 451 2026 1871 891 2661 1705 892 1943 1425 454 1146 1052 1047 1490 1047 227 1393 1259 227 529 1217 227 1140 1070 533 1613 1157 706 1470 1419 227 1705 1053 786 1512 834 897 1218 1135 227 1600 227 723 624 659 227 537 454 974 1148 446 227 547 533 227 227 227 227 629 227 604 1250 227 227 538 551 633 531 725 227 977 227 227 366 227 227 636 456 431 695 227 435 625 227 227 800 227 227 367 227 227 366 456 227 227 446 227 368 446 227 346 447 227 346 368 227 346 447 227 227 227 227 345 444 227 227 227 227 346 368 227 227 227 227 368 446 227 227 446 227 366 369 227 346 448 227 227 447 227 227 227 227 367 369 227 367 446 227 367 368 227 227 449 227 227 448 227 346 369 227 346 227 227 347 447 227 347 449 227 347 368 227 346 448 227 347 348 227 227 346 227 227 346 227 346 227 227 347 348 227 347 227 227 346 346 227 347 227 227 346 348 227 347 346 227 347 345 227 347 348 227 227 346 227 346 227 227 347 347 227 347 346 227 227 227 227 347 346 227 227 348 227 227 344 227 347 347 227 347 346 227 347 227 227 347 227 227 347 227 227 346 227 227 347 346 227 346 346 227 347 345 227 347 348 227 227 346 227 347 346 227 227 348 227 227 346 227 227 227 227 347 348 227 347 346 227 227 346 227 227 348 227 227 227 227 347 345 227 347 227 227 347 227 227 347 227 227 347 227 227 346 348 227 347 346 227 346 227 227 347 227 227 347 227 227 346 347 227 227 344 227 227 344 227 227 347 227 227 227 227 347 346 227 347 227 227 347 345 227 227 347 227 227 346 227 347 348 227 347 346 227 347 346 227 347 348 227 346 227 227 347 346 227 347 227 227 345 348 227 227 227 227 347 346 227 227 227 227 346 347 227 227 345 227 347 227 227 347 346 227 227 348 227 346 346 227 347 345 227 227 348 227 347 346 227 347 227 227 345 348 227 347 227 227 345 345 227 347 348 227 347 346 227 227 227 227 347 346 227 347 227 227 347 227 227 347 348 227 347 346 227 347 348 227 227 344 227 227 344 227 227 227 227 346 227 227 346 227 227 347 347 227 227 346 227 227 347 227 347 345 227 227 346 227 346 227 227 346 347 227 227 227 227 346 227 227 347 345 227 227 348 227 227 346 227 347 346 227 347 348 227 346 227 227 347

Tree=0
num_leaves=18
num_cat=0
split_feature=30 30 3 19 30 31 19 21 21 31 3 29 29 31 3 3 3
split_gain=837.979 60.8052 48.4441 23.9057 10.5031 8.2363 6.53118 5.78673 3.50103 1.56707 1.5605 1.16615 1.00023 0.219217 0.030414 0.125298 2.90015e-05
threshold=3.5000000000000004 1.5000000000000002 4092.5000000000005 22.500000000000004 5.5000000000000009 11.154761904761907 22.500000000000004 9.5000000000000018 1.5000000000000002 12.573214285714288 9813.0000000000018 10.500000000000002 16.500000000000004 11.392307692307694 9613.0000000000018 9138.5000000000018 9192.5000000000018
decision_type=2 2 2 2 2 2 2 2 2 2 2 2 2 2 2 2 2
left_child=1 2 -1 5 8 14 9 12 11 -3 -7 13 -6 -5 15 -2 -13
right_child=3 6 -4 4 7 10 -8 -9 -10 -11 -12 16 -14 -15 -16 -17 -18
leaf_value=-1.0530325989863032 -1.1354509865949274 -1.0646370863913548 -0.64022569553453901 -1.1354509865949274 -1.2896625180357029 -1.3511886514114708 -0.88483162210776256 -1.1354509865949274 -1.0106025842418993 -1.1354509865949274 -1.1409161174776801 -1.1354509865949274 -1.1354509865949274 -1.1831595509732027 -1.1354509865949274 -1.1580072305319882 -1.1350601346193809
leaf_weight=46.119302719831467 8.1771813333034533 62.47366538643837 205.08370783925056 9.1584430932998639 83.407249599695206 520.39582005143166 42.521342933177948 19.625235199928284 11.775141119956968 21.91484597325325 27.802416533231735 8.8313558399677294 4.2521342933177939 47.427651733160019 10.139704853296278 18.971060693264008 9.485530346632002
leaf_count=141 25 191 627 28 255 1591 130 60 36 67 85 27 13 145 31 58 29
internal_value=-1.13545 -0.789632 -0.702696 -1.30457 -1.19525 -1.33563 -0.99212 -1.25326 -1.13545 -1.08663 -1.34516 -1.14573 -1.2832 -1.17616 -1.13545 -1.1441 -1.13545
internal_weight=1157.56 378.113 251.203 779.449 193.963 585.486 126.91 107.285 86.6781 84.3885 548.198 74.903 87.6594 56.5861 37.2879 27.1482 18.3169
internal_count=3539 1156 768 2383 593 1790 388 328 265 258 1676 229 268 173 114 83 56
is_linear=0
shrinkage=1


Tree=1
num_leaves=29
num_cat=0
split_feature=23 19 29 31 18 11 23 31 31 29 1 3 3 31 32 3 3 3 31 6 33 31 31 23 33 11 29 3
split_gain=71.6952 30.4651 15.6559 14.5278 12.2986 8.20841 8.53731 4.31606 5.68372 3.73708 2.77819 4.0154 2.30066 2.23983 1.64853 1.17538 1.00045 0.984374 0.960742 0.642662 0.533001 0.429414 1.45123 1.15342 1.03221 0.461487 0.155756 0.0690078
threshold=8.5000000000000018 25.500000000000004 8.5000000000000018 1.0000000180025095e-35 1.0000000180025095e-35 1.5000000000000002 19.500000000000004 12.261363636363638 1.0000000180025095e-35 6.5000000000000009 42.500000000000007 9813.0000000000018 9813.0000000000018 14.33809523809524 1.0000000180025095e-35 9138.5000000000018 9124.5000000000018 9102.0000000000018 12.503750000000002 132.50000000000003 15.850000000000001 1.0000000180025095e-35 13.174242424242426 16.500000000000004 15.850000000000001 2.5000000000000004 15.500000000000002 9613.0000000000018
decision_type=2 2 2 2 2 2 2 2 2 2 2 2 2 2 2 2 2 2 2 2 2 2 2 2 2 2 2 2
left_child=2 3 10 -2 5 -5 9 8 -4 -7 11 14 20 -11 16 26 17 -1 -6 -9 -10 -17 23 24 25 -23 -3 -21
right_child=1 15 7 4 18 6 -8 19 12 13 -12 -13 -14 -15 -16 21 -18 -19 -20 27 -22 22 -24 -25 -26 -27 -28 -29
leaf_value=-1.7693621027338786 -1.7179744814527718 -1.7674794957936808 -1.7179744814527718 -1.7179744814527718 -1.6653485698706607 -1.7179744814527718 -1.7179744814527718 -1.7179744814527718 -1.5402693798342106 -1.4372512445490264 -1.7179744814527718 -1.7179744814527718 -1.7179744814527718 -1.7179744814527718 -1.7179744814527718 -1.7179744814527718 -1.8575559269444994 -1.7179744814527718 -1.7179744814527718 -1.7630991959827376 -1.7179744814527718 -1.7179744814527718 -1.7179744814527718 -1.7179744814527718 -1.7179744814527718 -1.6091146308739104 -1.7179744814527718 -1.7179744814527718
leaf_weight=88.119770631194115 19.214085325598717 38.649022206664085 7.9506559967994681 9.7174684405326825 22.306007102131844 8.613210663199423 4.6378826647996894 25.39792887866497 27.606444433331493 121.68920706212521 28.268999099731445 31.581772431731224 2.871070221066474 5.521288886666297 9.7174684405326825 9.2757653295993787 208.70471991598606 12.146835550665854 18.772382214665413 23.851967990398411 3.0919217765331259 2.6502186655998292 7.7298044413328162 4.6378826647996894 3.7544764429330817 25.177077323198318 6.1838435530662528 3.7544764429330817
leaf_count=399 87 175 36 44 101 39 21 115 125 551 128 143 13 25 44 42 945 55 85 108 14 12 35 21 17 114 28 17
internal_value=-1.71797 -1.61199 -1.78756 -1.55123 -1.52687 -1.48872 -1.47177 -1.70507 -1.63018 -1.45814 -1.81447 -1.82135 -1.57314 -1.44564 -1.83083 -1.72073 -1.8344 -1.75776 -1.71797 -1.72476 -1.55144 -1.71797 -1.69149 -1.65768 -1.63681 -1.61893 -1.76159 -1.75849
internal_weight=781.594 308.53 473.064 210.472 191.257 150.179 140.462 94.5245 41.5201 135.824 378.54 350.271 33.5694 127.21 318.689 98.0581 308.971 100.267 41.0784 53.0044 30.6984 53.2252 43.9495 36.2197 31.5818 27.8273 44.8329 27.6064
internal_count=3539 1397 2142 953 866 680 636 428 188 615 1714 1586 152 576 1443 444 1399 454 186 240 139 241 199 164 143 126 203 125
is_linear=0
shrinkage=1


Tree=2
num_leaves=31
num_cat=0
split_feature=37 23 31 22 15 15 22 29 23 22 22 36 3 31 17 19 37 22 37 12 12 19 37 3 31 19 3 37 3 37
split_gain=572.801 83.5024 70.5854 24.4406 15.4333 14.2256 9.03388 6.53982 5.20075 4.66076 3.46072 4.56328 3.39321 2.84146 4.4115 3.1456 2.18629 1.87208 1.87071 1.44828 1.36368 1.33461 1.24575 0.839185 0.634314 0.534666 0.476611 0.354404 0.258965 0.083294
threshold=11.919618055555558 8.5000000000000018 11.03846153846154 1.0000000180025095e-35 1.0000000180025095e-35 1.0000000180025095e-35 7.5000000000000009 9.5000000000000018 10.500000000000002 13.500000000000002 5.5000000000000009 0.12916666666666735 9613.0000000000018 12.163333333333336 1.0000000180025095e-35 19.500000000000004 11.804761904761907 11.500000000000002 12.301709401709402 113.75000000000001 139.45000000000002 21.500000000000004 12.400714285714288 9138.5000000000018 11.256250000000001 44.500000000000007 9036.5000000000018 12.301709401709402 9613.0000000000018 12.767261904761906
decision_type=2 2 2 2 2 2 2 2 2 2 2 2 2 2 2 2 2 2 2 2 2 2 2 2 2 2 2 2 2 2
left_child=2 5 3 -1 6 7 13 22 10 24 11 -4 21 -3 15 19 -5 -6 -8 -15 -21 23 -2 -12 -10 -20 -16 -9 -28 -7
right_child=1 4 8 16 17 29 18 27 9 -11 12 -13 -14 14 26 -17 -18 -19 25 20 -22 -23 -24 -25 -26 -27 28 -29 -30 -31
leaf_value=-0.73310330917555577 -0.6024885563529695 -0.73861482327627259 -0.69456100802576703 -1.0184038572215286 -0.85781170162297227 -0.69456100802576703 -0.69456100802576703 -0.69456100802576703 -0.69456100802576703 -0.69456100802576703 -0.69456100802576703 -0.81224745176929447 -0.69456100802576703 -0.69456100802576703 -0.69456100802576703 -0.69456100802576703 -0.69456100802576703 -0.69456100802576703 -0.5285271414924837 -0.53942288204532052 -0.69456100802576703 -0.69456100802576703 -0.42222464160949968 -0.57002503131525661 -0.8511290867119945 -0.69456100802576703 -0.73852274050796185 -0.64328849467809346 -0.69456100802576703 -0.67718182260907422
leaf_weight=51.374897927045822 55.874888986349106 37.874924749135971 15.749968707561491 320.62436297535896 25.124950081110004 14.249971687793733 13.124973922967909 7.8749843537807456 5.999988079071044 11.624976903200148 7.8749843537807456 37.12492623925209 14.24997168779373 4.8749903142452231 5.999988079071044 45.374909847974777 5.2499895691871634 4.8749903142452231 53.249894201755524 35.249929964542389 5.2499895691871634 13.499973177909849 367.4992698431015 26.999946355819702 50.999898672103882 5.2499895691871634 25.124950081110001 35.249929964542389 7.124985843896865 16.499967217445374
leaf_count=137 149 101 42 855 67 38 35 21 16 31 21 99 38 13 16 121 14 13 142 94 14 36 980 72 136 14 67 94 19 44
internal_value=-0.694561 -0.534345 -0.912488 -0.984269 -0.673908 -0.465049 -0.641059 -0.452567 -0.747892 -0.808287 -0.694561 -0.756367 -0.665605 -0.694309 -0.661588 -0.622192 -1.01499 -0.831672 -0.558497 -0.572665 -0.556874 -0.616132 -0.43863 -0.590414 -0.840703 -0.537567 -0.696279 -0.654327 -0.726502 -0.694561
internal_weight=1327.12 765.748 561.374 377.249 268.499 497.249 238.5 466.499 184.125 68.6249 115.5 52.8749 62.6249 166.875 129 90.7498 325.874 29.9999 71.6249 45.3749 40.4999 48.3749 423.374 34.8749 56.9999 58.4999 38.2499 43.1249 32.2499 30.7499
internal_count=3539 2042 1497 1006 716 1326 636 1244 491 183 308 141 167 445 344 242 869 80 191 121 108 129 1129 93 152 156 102 115 86 82
is_linear=0
shrinkage=1


Tree=3
num_leaves=22
num_cat=0
split_feature=30 15 30 21 22 10 30 29 29 30 3 1 32 26 1 31 26 29 10 22 1
split_gain=439.442 31.7534 21.1691 14.7464 11.2851 11.1675 7.62749 5.01343 4.73162 4.34703 2.74964 2.59582 1.07588 1.38991 0.529381 0.488039 0.472608 0.223296 0.161164 0.13689 0.0979911
threshold=3.5000000000000004 1.0000000180025095e-35 2.5000000000000004 1.5000000000000002 1.0000000180025095e-35 110.50000000000001 5.5000000000000009 16.500000000000004 12.500000000000002 5.5000000000000009 9813.0000000000018 6.0000000000000009 1.0000000180025095e-35 1.0000000180025095e-35 47.500000000000007 11.654761904761907 1.5000000000000002 12.500000000000002 1.0000000180025095e-35 7.5000000000000009 43.500000000000007
decision_type=2 2 2 2 2 2 2 2 2 2 2 2 2 2 2 2 2 2 2 2 2
left_child=2 3 4 8 -1 7 17 -6 14 -5 12 -4 13 -11 16 -8 18 -3 -2 -17 -13
right_child=1 6 11 9 5 -7 15 -9 -10 10 -12 20 -14 -15 -16 19 -18 -19 -20 -21 -22
leaf_value=0.046495314072391797 0 0.14332139032948674 0 0.051598193811050914 0.29961164382123107 0 0 0 0 -0.1160135038427423 0 0.086254181674129279 0 0 0 -0.05357856330694602 0 0 -0.18655182930729219 0 0
leaf_weight=46.667631030082703 6.4865070283412924 26.719222694635395 23.105630218982697 16.40268674492836 281.41784915328026 5.0215189158916465 4.146706938743594 5.0152536928653708 24.024907410144806 48.844456285238266 10.870949566364287 48.124609589576721 7.0254174172878256 4.2699743509292594 4.2216185331344596 16.982154428958896 11.188368231058119 4.2380898594856253 509.9315524995327 6.501387655735015 6.8206701874732962
leaf_count=137 22 84 69 51 763 14 13 14 78 165 35 139 23 14 14 55 38 13 1757 21 20
internal_value=0 -0.139335 0.228941 -0.158387 0.262282 0.286876 0.0268183 0.294666 -0.176354 -0.0136521 -0.063705 0.0466409 -0.0901013 -0.102802 -0.182231 -0.0211116 -0.183172 0.133016 -0.185322 -0.0431166 0.0804742
internal_weight=1118.03 701.854 416.173 643.266 338.122 291.455 58.5876 286.433 555.853 87.4135 71.0108 78.0509 60.1398 53.1144 531.828 27.6302 527.606 30.9573 516.418 23.4835 54.9453
internal_count=3539 2383 1156 2197 928 791 186 777 1909 288 237 228 202 179 1831 89 1817 97 1779 76 159
is_linear=0
shrinkage=0.285707


Tree=4
num_leaves=28
num_cat=0
split_feature=24 16 24 36 25 25 19 28 11 19 16 11 36 19 3 19 3 3 3 25 28 19 11 18 5 35 19
split_gain=41.2171 45.2392 28.8276 11.8932 8.57324 8.02541 7.28071 6.09821 5.29064 4.79735 4.62822 2.53211 2.04445 1.66736 1.19129 1.18242 1.50614 0.932205 0.550889 0.341401 0.335081 0.322402 0.420009 0.316956 0.24866 0.124459 0.0730357
threshold=5.5000000000000009 1.0000000180025095e-35 1.0000000180025095e-35 -7.4999999999999991 12.716428571428573 14.586428571428572 42.500000000000007 8.5000000000000018 1.0000000180025095e-35 18.500000000000004 1.0000000180025095e-35 102.50000000000001 3.5833333333333335 18.500000000000004 8508.5000000000018 19.500000000000004 9124.5000000000018 4092.5000000000005 9813.0000000000018 13.599166666666669 7.5000000000000009 28.500000000000004 1.5000000000000002 1.0000000180025095e-35 38.500000000000007 -3.5899999999999994 23.500000000000004
decision_type=2 2 2 2 2 2 2 2 2 2 2 2 2 2 2 2 2 2 2 2 2 2 2 2 2 2 2
left_child=1 9 12 -4 15 6 7 8 -5 -1 -6 17 13 -3 -10 16 -2 -12 -18 -11 24 22 -17 25 -15 -24 -14
right_child=4 2 3 5 10 -7 -8 -9 14 19 11 -13 26 20 -16 21 18 -19 -20 -21 -22 -23 23 -25 -26 -27 -28
leaf_value=0 0 0 0 0 0 0 0 0 0 -0.14793658827479281 0 0 0.023033345993677502 -0.079103942261791377 0.20510047060311595 0 -0.073220834319707342 -0.1296904122630258 0 0 0 0 0 0 0 0.046739484600834963 0
leaf_weight=9.6883167028427106 7.9223986417055121 12.867791593074797 19.278461158275604 3.2832894921302787 6.9755467623472205 10.577773123979567 9.4515167325735074 4.6825204342603675 5.773956522345542 66.74942871928215 3.2471959292888632 3.5611416846513739 5.2261868715286246 54.339888483285904 221.77735927700996 3.9357401132583609 43.307969555258751 186.37698911130428 4.1235306560993186 3.0010609179735175 3.5268432796001425 22.567122578620911 4.7942308336496344 13.919706791639326 3.7967628985643378 38.231606528162956 2.6391380280256271
leaf_count=44 35 62 94 15 31 52 44 19 25 307 14 17 21 264 936 18 200 916 19 14 18 100 20 63 18 161 12
internal_value=0 0.0579972 0.105056 0.150193 -0.0737333 0.167129 0.1781 0.188206 0.195508 -0.117159 -0.111763 -0.121758 -0.0174767 -0.0490641 0.201519 0 -0.0396558 -0.127088 -0.0640796 -0.143703 -0.0698295 0.000445771 0.0198417 0.0310303 -0.0746368 0.0419979 0
internal_weight=775.623 436.66 357.221 274.825 338.963 255.546 244.969 235.517 230.835 79.4388 200.161 193.185 82.3966 74.5313 227.551 138.802 55.3539 189.624 47.4315 69.7505 61.6635 83.4484 60.8813 56.9455 58.1367 43.0258 7.86532
internal_count=3539 1945 1580 1185 1594 1091 1039 995 976 365 978 947 395 362 961 616 254 930 219 321 300 362 262 244 282 181 33
is_linear=0
shrinkage=0.285707


Tree=5
num_leaves=14
num_cat=0
split_feature=30 16 30 30 22 23 32 26 11 31 23 12 37
split_gain=547.189 45.1098 20.7417 12.2666 18.1279 11.7167 3.67028 4.9101 2.29787 1.93323 1.2708 0.968781 0.201887
threshold=4.5000000000000009 1.0000000180025095e-35 5.5000000000000009 3.5000000000000004 1.0000000180025095e-35 10.500000000000002 1.0000000180025095e-35 1.0000000180025095e-35 102.50000000000001 11.436507936507939 6.5000000000000009 141.45000000000002 14.83854166666667
decision_type=2 2 2 2 2 2 2 2 2 2 2 2 2
left_child=3 10 5 4 -1 9 7 8 -4 -3 -2 -12 -11
right_child=1 2 6 -5 -6 -7 -8 -9 -10 12 11 -13 -14
leaf_value=-0.025490598896750673 0 0 0.22126434099854267 -0.095073097072094201 -0.27380709151031618 -0.030894054848091011 0 0 0 0.12573158877414459 -0.15900954045042434 0 0
leaf_weight=51.293316394090652 5.8367258012294796 25.841296136379242 473.63533610105515 123.9100940823555 355.01122796535492 32.353961944580078 18.845325917005539 8.8701325356960279 11.85318350791931 135.12537521123886 21.531070291996006 4.4652565419673911 10.509523510932921
leaf_count=137 16 70 1301 335 1019 87 51 24 32 368 58 12 29
internal_value=0 0.158105 0.174585 -0.219334 -0.249289 0.0736115 0.208606 0.213903 0.217705 0.107651 -0.116492 -0.138874 0.120848
internal_weight=1279.08 748.867 717.034 530.215 406.305 203.83 513.204 494.359 485.489 171.476 31.8331 25.9963 145.635
internal_count=3539 2048 1962 1491 1156 554 1408 1357 1333 467 86 70 397
is_linear=0
shrinkage=0.285707


Tree=6
num_leaves=21
num_cat=0
split_feature=24 16 16 31 3 19 10 19 19 12 8 3 23 1 31 31 27 12 31 8
split_gain=202.331 47.1269 39.3343 32.878 9.11518 7.16208 6.47678 5.43662 2.21152 1.65164 1.05681 0.807519 0.682255 0.675142 0.301562 0.154535 0.167022 0.0756203 0.0533728 0.0505417
threshold=4.5000000000000009 1.0000000180025095e-35 1.0000000180025095e-35 10.225000000000001 9813.0000000000018 23.500000000000004 1.0000000180025095e-35 18.500000000000004 45.500000000000007 142.35000000000005 38.500000000000007 4092.5000000000005 7.5000000000000009 16.500000000000004 13.997222222222224 12.566964285714286 3.5000000000000004 132.55000000000004 11.392307692307694 11.500000000000002
decision_type=2 2 2 2 2 2 2 2 2 2 2 2 2 2 2 2 2 2 2 2
left_child=2 12 -1 7 6 13 -3 17 10 -7 11 -8 -2 14 -5 19 -17 -4 -15 -6
right_child=1 4 3 5 15 9 8 -9 -10 -11 -12 -13 -14 18 -16 16 -18 -19 -20 -21
leaf_value=0.29271630162166601 0 0 0.017343960992144431 -0.078788030274376905 0 0.088130666961324031 0 0.18709235980426961 0 0 0 -0.16297493399281585 0.17129512340683356 0 0 -0.031747374285815581 0 0 -0.010068959188155771 0.012383175497270244
leaf_weight=109.42069688439369 11.035672962665556 10.464140564203261 14.509160846471788 54.25115579366684 6.0645529329776791 48.71992914378643 8.4019347727298719 146.25273510813713 10.394817560911177 8.685717359185217 3.2645893394947043 451.31224337220192 27.905407875776291 22.489405259490013 3.4376853555440894 20.031455516815189 3.6408518850803366 13.618151485919951 36.961607053875923 20.893548905849457
leaf_count=310 36 36 41 178 20 144 31 413 36 26 12 1778 84 65 11 75 13 39 122 69
internal_value=0 -0.114784 0.138302 0.0787687 -0.139656 0 -0.151785 0.164577 -0.156986 0.0676555 -0.159924 -0.161059 0.144567 -0.0488896 -0.0740683 0 -0.0206147 0 0 0
internal_weight=1031.76 573.409 458.346 348.926 534.468 174.545 483.838 174.38 473.374 57.4056 462.979 459.714 38.9411 117.14 57.6888 50.6304 23.6723 28.1273 59.451 26.9581
internal_count=3539 2190 1349 1039 2070 546 1893 493 1857 170 1821 1809 120 376 189 177 88 80 187 89
is_linear=0
shrinkage=0.285707


Tree=7
num_leaves=19
num_cat=0
split_feature=29 30 30 37 29 30 27 36 22 36 32 30 30 37 36 3 32 32
split_gain=33.4625 39.8773 9.66165 4.55178 3.91689 3.67006 2.67696 2.56963 2.09629 1.62083 1.39594 1.05685 0.98579 0.7723 0.7487 0.319157 0.109904 3.16414e-06
threshold=7.5000000000000009 6.5000000000000009 1.0000000180025095e-35 14.492424242424244 6.5000000000000009 5.5000000000000009 1.5000000000000002 -0.10357142857142948 1.5000000000000002 -0.80198412698412713 3.5000000000000004 6.5000000000000009 1.5000000000000002 11.804761904761907 2.3875000000000006 8508.5000000000018 1.0000000180025095e-35 3.5000000000000004
decision_type=2 2 2 2 2 2 2 2 2 2 2 2 2 2 2 2 2 2
left_child=4 2 17 6 8 9 10 -3 -1 -6 15 -7 -11 -9 16 -4 -10 -2
right_child=1 7 3 -5 5 11 -8 13 14 12 -12 -13 -14 -15 -16 -17 -18 -19
leaf_value=0 -9.0953215000974375e-05 0 0 0 0 -0.083698778669033996 0 0 -0.10900554391270498 0 0 0 0.091587660080927141 -0.10348992857378338 0 0.13856716037873609 0 0
leaf_weight=28.835174292325974 25.210958972573284 31.093413501977921 7.7885988354682913 9.1611685007810575 13.465569719672201 40.033984363079071 17.73105600476265 8.8502177298068982 165.78969012200832 5.1032458096742621 4.0098904073238364 6.0313140749931327 26.898577749729156 84.421778053045273 3.1946239769458762 271.56774844229221 4.5782248526811591 2.6467707306146613
leaf_count=142 136 149 34 47 60 227 75 37 871 27 15 31 112 459 15 1066 22 14
internal_value=0.000876491 0.0516878 0.105235 0.120597 -0.070255 0 0.127229 -0.0730514 -0.0929391 0.0350612 0.133919 -0.0673614 0.0717307 -0.0955012 -0.104774 0.136329 -0.107345 0
internal_weight=756.412 462.482 338.116 310.258 293.93 91.5327 301.097 124.365 202.398 45.4674 283.366 46.0653 32.0018 93.272 173.563 279.356 170.368 27.8577
internal_count=3539 2032 1387 1237 1507 457 1190 645 1050 199 1115 258 139 496 908 1100 893 150
is_linear=0
shrinkage=0.285707


Tree=8
num_leaves=21
num_cat=0
split_feature=30 30 28 3 28 28 30 15 15 10 37 2 37 32 3 6 2 31 31 3
split_gain=313.693 20.8613 17.3845 8.84069 6.57271 5.56287 10.4491 3.61711 3.38023 3.3133 2.92827 3.02161 2.75523 1.12641 0.208103 0.235637 0.182221 0.145492 0.149786 0.0497282
threshold=4.5000000000000009 5.5000000000000009 5.5000000000000009 9813.0000000000018 6.5000000000000009 1.0000000180025095e-35 3.5000000000000004 1.0000000180025095e-35 1.0000000180025095e-35 50.000000000000007 12.897321428571429 3.5000000000000004 11.251068376068377 1.0000000180025095e-35 9721.5000000000018 133.05000000000004 1.5000000000000002 14.488888888888892 11.975714285714288 9138.5000000000018
decision_type=2 2 2 2 2 2 2 2 2 2 2 2 2 2 2 2 2 2 2 2
left_child=5 2 8 7 14 16 -7 9 12 13 11 -8 -2 -3 17 -16 -1 18 -4 -9
right_child=1 3 4 -5 -6 6 10 19 -10 -11 -12 -13 -14 -15 15 -17 -18 -19 -20 -21
leaf_value=-0.028497593487438442 0 0.17765480327424399 0 0 -0.15526410613459685 -0.22664094728356504 -0.11310513156868945 0 0 0 0 0 0.15158840714879096 0 0 -0.035495918571375053 0 0 0.026331753503881998 0.013934991476022934
leaf_weight=37.361371070146561 7.0228008329868308 409.23568788170815 23.774871230125427 30.203450083732605 19.852490603923798 303.04056560993195 94.708416163921356 13.648372501134874 4.8616054952144614 6.8945409953594199 19.984879583120346 8.4651443660259229 82.104118138551712 16.79699981212616 14.43764039874077 12.351032018661497 13.829600989818571 4.2072623074054709 47.625162810087204 14.892960190773008
leaf_count=100 19 1222 65 84 54 1019 258 37 13 19 54 23 229 46 40 34 37 12 133 41
internal_value=0 0.11962 0.0293828 0.153499 -0.0260403 -0.178434 -0.191346 0.163181 0.12345 0.170388 -0.0788359 -0.0976828 0.137546 0.173555 0 -0.0109056 -0.018861 0.0126623 0.0179573 0
internal_weight=1185.3 707.909 216.237 491.672 122.248 477.39 426.199 461.469 93.9885 432.927 123.158 103.174 89.1269 426.033 102.396 26.7887 51.191 75.6073 71.4 28.5413
internal_count=3539 2048 599 1449 338 1491 1354 1365 261 1287 335 281 248 1268 284 74 137 210 198 78
is_linear=0
shrinkage=0.285707


Tree=9
num_leaves=24
num_cat=0
split_feature=30 16 17 3 28 11 37 31 11 29 15 27 37 29 37 12 19 29 3 11 11 28 11
split_gain=129.91 63.2838 9.37075 8.27007 4.87948 5.62273 3.99195 3.01516 2.92141 2.67835 2.07982 1.87402 2.03922 2.45001 1.56627 1.52619 1.45592 0.475418 0.462255 0.235491 0.289661 0.159723 0.014781
threshold=2.5000000000000004 1.0000000180025095e-35 1.0000000180025095e-35 9813.0000000000018 1.0000000180025095e-35 100.00000000000001 13.124687500000002 11.336666666666668 1.0000000180025095e-35 16.500000000000004 1.0000000180025095e-35 1.5000000000000002 14.83854166666667 11.500000000000002 13.560470779220781 136.05000000000004 46.500000000000007 8.5000000000000018 4092.5000000000005 3.5000000000000004 9.5000000000000018 5.5000000000000009 3.5000000000000004
decision_type=2 2 2 2 2 2 2 2 2 2 2 2 2 2 2 2 2 2 2 2 2 2 2
left_child=4 6 3 8 15 9 -2 19 -3 14 11 12 13 16 -6 -1 22 -5 -10 -4 -21 -19 -9
right_child=1 2 7 17 5 -7 -8 10 18 -11 -12 -13 -14 -15 -16 -17 -18 21 -20 20 -22 -23 -24
leaf_value=0.062719187052733369 0.22174923635949989 0 0 -0.033824417392751896 0.18099613979055082 0 0 0 0 0 0 0 0 0 0 0 0 0 -0.15392859832015335 0.038282802940043555 0 0.022097524524586385 -0.12477111117875157
leaf_weight=25.77201646566391 44.814068779349327 6.4709698855876914 8.5221393555402738 27.908922612667084 243.9690614938736 4.6047241985797873 10.960618004202841 16.580975875258446 4.2395353019237509 5.0390539169311515 12.73177933692932 20.251624077558517 6.5557006299495688 9.8681734800338727 5.7957516014575949 23.690264582633972 2.8553227484226218 4.9864520728588131 338.45242029428482 23.238428696990017 4.9504641890525809 20.689521372318268 72.400468334555626
leaf_count=71 128 24 28 100 748 13 36 71 17 14 43 79 30 35 16 66 11 16 1522 71 16 67 317
internal_value=0 -0.0750461 -0.106149 -0.132815 0.148949 0.166791 0.187552 -0.0299782 -0.149003 0.173408 -0.0528596 -0.0657314 -0.0801562 -0.0914407 0.177531 0.00283072 -0.106059 0 -0.152636 0 0.023708 0 -0.113304
internal_weight=945.348 636.478 580.703 402.748 308.871 259.409 55.7747 177.955 349.163 254.804 141.244 128.512 108.261 101.705 249.765 49.4623 91.8368 53.5849 342.692 36.711 28.1889 25.676 88.9814
internal_count=3539 2611 2447 1746 928 791 164 701 1563 778 586 543 464 434 764 137 399 183 1539 115 87 83 388
is_linear=0
shrinkage=0.285707


Tree=10
num_leaves=19
num_cat=0
split_feature=24 31 19 19 15 19 25 31 25 9 35 35 9 18 31 31 31 8
split_gain=14.2259 23.7518 5.90012 5.42933 3.62886 2.86117 1.96823 1.3931 0.76717 1.03162 0.530859 0.476767 0.311523 0.149903 0.10998 0.121024 0.0574615 0.00938866
threshold=5.5000000000000009 1.0000000180025095e-35 19.500000000000004 25.500000000000004 1.0000000180025095e-35 18.500000000000004 14.388750000000002 11.256250000000001 13.356250000000001 30.500000000000004 2.7650000000000001 -3.5899999999999994 16.000000000000004 1.0000000180025095e-35 10.225000000000001 13.997222222222224 12.484732142857146 32.000000000000007
decision_type=2 2 2 2 2 2 2 2 2 2 2 2 2 2 2 2 2 2
left_child=1 5 7 4 6 -1 14 -2 9 11 -7 -4 -10 -13 -3 -16 -14 -11
right_child=2 3 8 -5 -6 10 -8 -9 12 17 -12 13 16 -15 15 -17 -18 -19
leaf_value=0 0 0 0 0 0 -0.089228351324738706 0 -0.090855788120041997 0 0 0 0.058274473514701317 0 0 0.11928686280327512 0 -0.048890514863517691 -0.0041530833060541214
leaf_weight=18.811277076601982 6.5455144494771949 9.0552005469799024 4.9297949969768515 70.823064714670181 27.811663880944252 87.67308098077774 9.3955560624599439 130.66476441919804 16.494192138314247 14.547604545950888 5.1748827248811713 37.4122584015131 2.5779555141925838 9.314691409468649 206.39363339543343 14.299152061343191 27.727335602045059 38.421744666993618
leaf_count=98 26 32 23 300 103 540 45 798 94 70 34 169 14 48 733 60 167 185
internal_value=0.00266438 0.0372991 -0.0425274 0.0782205 0.0965894 -0.0631324 0.107686 -0.0841636 0 0.010457 -0.0843007 0.0408662 -0.0309308 0.0506369 0.112871 0.115275 -0.0457324 0
internal_weight=738.073 449.438 288.636 337.778 266.955 111.659 239.144 137.21 151.426 104.626 92.848 51.6567 46.7995 46.7269 229.748 220.693 30.3053 52.9693
internal_count=3539 1945 1594 1273 973 672 870 824 770 495 574 240 275 217 825 793 181 255
is_linear=0
shrinkage=0.285707


Tree=11
num_leaves=26
num_cat=0
split_feature=37 16 37 23 3 23 3 17 16 26 3 23 27 12 6 15 25 6 23 10 37 9 25 12 10
split_gain=111.165 23.7936 17.5199 9.70798 9.50178 5.76757 3.92715 3.13677 2.39866 2.36799 2.18234 2.17851 2.06439 1.68261 1.48564 1.04689 0.977739 0.908187 0.878774 0.501157 0.466972 0.276629 0.206637 0.098546 0.0363865
threshold=12.251562500000002 1.0000000180025095e-35 10.75357142857143 8.5000000000000018 4092.5000000000005 10.500000000000002 9613.0000000000018 1.0000000180025095e-35 1.0000000180025095e-35 1.0000000180025095e-35 9102.0000000000018 6.5000000000000009 10.500000000000002 109.95000000000002 140.40000000000003 1.0000000180025095e-35 11.830952380952382 141.50000000000003 6.5000000000000009 1.0000000180025095e-35 11.668333333333335 37.500000000000007 12.164583333333335 141.65000000000001 133.00000000000003
decision_type=2 2 2 2 2 2 2 2 2 2 2 2 2 2 2 2 2 2 2 2 2 2 2 2 2
left_child=2 18 4 9 14 6 7 8 -4 16 13 -8 17 -5 -1 22 -3 24 -2 -18 -9 -13 -15 -20 -7
right_child=1 3 5 10 -6 12 11 20 -10 -11 -12 21 -14 15 -16 -17 19 -19 23 -21 -22 -23 -24 -25 -26
leaf_value=-0.05531801469508045 0 0 0 0 -0.20246573767890239 -0.12009499882737945 0 -0.039490584146121721 0.069652870423342617 0 0 -0.10055769408208882 0 0 0 0 0 0 -0.14166562371169503 0.14086751294276734 0 0 0.098771661667297936 0 0
leaf_weight=33.723927348852158 5.5280255675315884 9.8482095003128034 6.5615044087171546 6.4242922365665427 154.50520396232605 84.305142015218735 14.786869943141935 27.262146502733231 88.712032496929169 10.524238377809523 112.41582934558392 43.443386182188988 7.9564866721630088 4.7889686524868003 18.129011541604996 6.0174288451671591 3.9836572706699362 12.552061185240744 20.55251477658749 324.63565775752068 23.694457471370697 7.4943200051784506 51.930322736501694 4.291861653327941 4.0763813853263846
leaf_count=93 16 29 21 19 671 256 43 85 261 31 330 126 22 14 49 17 12 37 60 1078 70 22 153 12 12
internal_value=-0.000610216 0.0851772 -0.09646 0.102179 -0.165326 -0.0423698 -0.00162251 0.0118765 0.0510301 0.132656 0.0280366 -0.0646327 -0.0959124 0.0658128 -0.00235831 0.0820606 0.136735 -0.107048 -0.111624 0.139589 -0.0155481 -0.0915677 0.0934996 -0.130449 -0.117339
internal_weight=1088.14 560.941 527.203 530.569 206.358 320.845 211.955 146.23 95.2735 348.992 181.577 65.7246 108.89 69.161 51.8529 62.7367 338.468 100.934 30.3724 328.619 50.9566 50.9377 56.7193 24.8444 88.3815
internal_count=3539 1771 1768 1683 813 955 628 437 282 1150 533 191 327 203 142 184 1119 305 88 1090 155 148 167 72 268
is_linear=0
shrinkage=0.285707


Tree=12
num_leaves=25
num_cat=0
split_feature=24 19 21 15 3 10 31 19 3 31 12 26 10 31 31 29 12 19 24 19 24 31 31 12
split_gain=70.7369 12.0878 11.869 9.87595 5.74364 4.14578 3.77502 2.00055 1.90206 1.56751 2.50744 1.4945 1.33073 1.27264 0.783494 0.575361 0.274145 0.487463 0.268768 0.266163 1.51969 0.668168 0.139482 0.110744
threshold=4.5000000000000009 23.500000000000004 1.0000000180025095e-35 1.0000000180025095e-35 9246.0000000000018 94.500000000000014 1.0000000180025095e-35 45.500000000000007 9813.0000000000018 10.225000000000001 140.85000000000005 1.0000000180025095e-35 1.0000000180025095e-35 15.154761904761907 11.673333333333334 7.5000000000000009 111.85000000000001 20.500000000000004 5.5000000000000009 21.500000000000004 14.500000000000002 12.261363636363638 14.488888888888892 117.85000000000001
decision_type=2 2 2 2 2 2 2 2 2 2 2 2 2 2 2 2 2 2 2 2 2 2 2 2
left_child=1 4 3 6 9 22 -2 8 12 10 15 14 -8 -14 -6 -1 -11 -18 -5 23 21 -21 -3 -4
right_child=2 5 19 18 11 -7 7 -9 -10 16 -12 -13 13 -15 -16 -17 17 -19 -20 20 -22 -23 -24 -25
leaf_value=0.074983514350272493 0 0.16062456606432696 0 0.031112122892537366 0.11752924998561337 0 0 0 0 0 0 0 -0.14159239536899701 0 0 0 -0.046449481779520657 0 0 0.075560763572782436 0 0 0 -0.017253584875655561
leaf_weight=49.024332880973816 4.7302011847496024 153.00376643240452 4.0876741558313361 16.654083922505379 57.637369275093079 4.4335298538207999 4.055610015988349 6.7824377566575995 32.313686206936836 7.4676187187433234 19.595551282167435 4.5729258954524985 263.23102355003357 15.868221834301947 17.364673048257828 12.858552724122999 55.321271240711212 18.889200881123543 17.840394154191017 28.886684015393257 8.6382017284631711 31.005294352769852 4.3045931160449973 27.955739066004753
leaf_count=154 15 521 16 52 192 14 16 26 123 23 56 15 1409 93 64 42 192 63 66 95 34 122 13 123
internal_value=0 0.085354 -0.0771181 -0.101051 0.0300349 0.14957 -0.117004 -0.121762 -0.125087 0 0.0257018 0.0899992 -0.133911 -0.136265 0.100314 0.0621765 -0.0282858 -0.0339635 0 0 0.0166461 0.0468586 0.158274 -0.00530665
internal_weight=866.523 404.473 462.049 361.476 242.731 161.742 326.981 322.251 315.469 163.157 81.4784 79.575 283.155 279.099 75.002 61.8829 81.6781 74.2105 34.4945 100.574 68.5302 59.892 157.308 32.0434
internal_count=3539 1349 2190 1800 801 548 1682 1667 1641 530 252 271 1518 1502 256 196 278 255 118 390 251 217 534 139
is_linear=0
shrinkage=0.285707


Tree=13
num_leaves=26
num_cat=0
split_feature=29 30 10 33 36 30 36 27 3 3 29 23 10 5 28 24 37 22 36 5 36 37 10 37 3
split_gain=15.3433 16.662 5.47382 3.88489 3.44674 2.79579 3.23229 2.3247 1.95721 1.40893 2.07919 1.26912 1.06242 0.848422 0.735613 1.82821 2.30989 0.583954 0.503053 0.501489 0.516599 0.292506 0.0303538 0.0166185 0.011653
threshold=6.5000000000000009 5.5000000000000009 1.5000000000000002 15.850000000000001 -1.0000000180025095e-35 4.5000000000000009 -7.4999999999999991 1.5000000000000002 9077.5000000000018 9813.0000000000018 10.500000000000002 14.500000000000002 147.50000000000003 3.5000000000000004 6.5000000000000009 10.500000000000002 14.046130952380954 5.5000000000000009 1.4731547619047627 39.500000000000007 2.7125000000000004 11.629166666666668 3.5000000000000004 12.747916666666669 9077.5000000000018
decision_type=2 2 2 2 2 2 2 2 2 2 2 2 2 2 2 2 2 2 2 2 2 2 2 2 2
left_child=8 2 23 5 14 6 -4 11 -1 10 -6 -8 19 17 22 16 24 -7 21 20 -10 -19 -3 -2 -16
right_child=1 4 3 -5 9 13 7 -9 12 -11 -12 -13 -14 -15 15 -17 -18 18 -20 -21 -22 -23 -24 -25 -26
leaf_value=0 -0.0081721817517298821 0 0 0 -0.087460750057468922 0 0.13595443541665828 0 -0.091798527364327157 0 0 0 0 0 0 0 0 0 0 0 0 0.061841839096486974 -0.0086499546055790986 0 0.11693849750823478
leaf_weight=47.800969287753105 14.301157787442209 6.9138080924749366 9.1483709961175901 30.739233329892159 83.878970615565777 22.8484116345644 175.07748301327229 7.0410353094339362 115.61457925289869 9.5291745662689191 26.556842744350433 10.580662295222281 1.8266455978155125 9.9489352554082853 4.9926029443740871 12.27086068689823 3.9994254037737837 12.841490492224692 5.6950107067823401 1.9308962672948826 1.883560687303542 48.283098861575127 27.104024648666382 2.9011322855949393 23.151311494410038
leaf_count=281 68 37 59 124 574 84 618 29 738 45 129 38 9 39 24 63 27 42 23 12 10 194 154 11 107
internal_value=0.00621391 0.0325015 0.07163 0.0819325 -0.0243825 0.0917355 0.115855 0.123968 -0.0630226 -0.056551 -0.0666886 0.130088 -0.0819696 0.0156227 0 0.0345081 0.0740614 0.0315163 0.0442649 -0.0866499 -0.0892022 0.0523187 0 0 0.107925
internal_weight=716.86 547.803 349.406 332.204 198.397 301.464 201.848 192.699 169.057 119.965 110.436 185.658 121.256 99.6169 78.432 44.4142 32.1433 89.668 66.8196 119.429 117.498 61.1246 34.0178 17.2023 28.1439
internal_count=3539 2489 1329 1250 1160 1126 744 685 1050 748 703 656 769 382 412 221 158 343 259 760 748 236 191 79 131
is_linear=0
shrinkage=0.285707


Tree=14
num_leaves=38
num_cat=0
split_feature=37 31 23 28 23 37 21 27 17 3 1 3 12 6 31 37 3 31 11 31 11 5 31 37 37 31 31 3 12 37 11 17 3 1 31 3 31
split_gain=65.3717 11.0599 9.6256 5.32643 2.93608 2.72199 1.63771 1.47819 0.883448 1.57585 1.17856 0.684983 0.880267 0.661602 0.554927 0.427507 0.398802 0.767366 0.395698 0.392319 0.513528 0.354049 0.288856 0.257461 0.283465 0.580116 0.252159 0.448291 0.487765 0.24004 0.195969 0.118268 0.493761 0.109236 0.0414473 0.0360667 0.00659413
threshold=12.251562500000002 11.154761904761907 8.5000000000000018 1.0000000180025095e-35 11.500000000000002 12.814880952380953 5.5000000000000009 10.500000000000002 1.0000000180025095e-35 9377.0000000000018 22.500000000000004 9102.0000000000018 109.95000000000002 140.40000000000003 12.566964285714286 12.064583333333335 9077.5000000000018 12.666190476190478 3.5000000000000004 13.495208333333336 9.5000000000000018 39.500000000000007 11.844791666666667 12.767261904761906 12.329464285714288 12.163333333333336 12.787593984962408 9377.0000000000018 105.05000000000001 11.201190476190478 2.5000000000000004 1.0000000180025095e-35 9138.5000000000018 47.500000000000007 11.330952380952382 9813.0000000000018 12.001000000000003
decision_type=2 2 2 2 2 2 2 2 2 2 2 2 2 2 2 2 2 2 2 2 2 2 2 2 2 2 2 2 2 2 2 2 2 2 2 2 2
left_child=1 3 5 13 8 18 15 29 9 10 16 12 -4 -1 34 -5 -3 -18 -2 20 23 22 -14 24 -20 -26 27 -13 -29 -6 -24 32 -28 -7 -10 -34 -11
right_child=2 4 11 6 7 33 -8 -9 14 36 -12 26 21 -15 -16 -17 17 -19 19 -21 -22 -23 30 -25 25 -27 31 28 -30 -31 -32 -33 35 -35 -36 -37 -38
leaf_value=-0.037663603298472396 0 0 0 -0.15482502071479873 0 0.11244279902358983 0 0 0 -0.0036882633373840228 0 0 0 0 0 0 0.079848373740797285 0 0 0 0 0 0 0 0 0.064700217504711208 0 0 -0.054182277793310807 -0.095658811413282266 0.061089497328269148 0 0.033398100298389174 0 -0.043606986144378017 0 0
leaf_weight=32.05992192029953 9.3613347411155683 6.9348454475402823 7.1172734498977652 184.23152084648609 6.0936106592416754 244.46751122176647 4.2071593403816214 7.907782554626464 5.3215257525444022 33.557932883501053 13.924351572990416 10.83561849594116 4.3624597042798987 18.135716050863266 7.3711012899875632 3.1695205569267264 46.261348694562912 3.8608369976282111 4.8054642379283896 5.8965224027633658 10.721733063459395 6.9556019604206076 9.6520835459232313 3.7544948458671561 5.5644008219242087 42.408032417297363 6.0803981423377982 4.4721289128065136 27.027517169713974 50.66319565474987 46.574362173676491 21.64703905582428 41.417179077863693 3.5354379117488852 50.54748959839344 7.1822315454483023 13.335982188582419
leaf_count=88 31 21 22 871 20 905 12 22 15 98 41 33 13 49 24 10 138 12 15 17 35 21 29 13 18 144 18 13 79 153 141 64 129 11 153 20 41
internal_value=-0.00337362 -0.0804264 0.0637745 -0.126361 -0.0234686 0.0934798 -0.149074 -0.0731662 0 0.0103401 0.0429276 0 0.0263267 0 -0.0291561 -0.152963 0.0614413 0.0694359 0.00746734 0.0216883 0.0307464 0.0416778 0.0485015 0.042162 0.0474199 0.0536418 0 -0.0206337 -0.0390419 -0.0891632 0.0538158 0 0.0126122 0.1115 -0.0410288 0.0302461 0
internal_weight=1011.42 487.584 523.839 241.804 245.78 330.515 191.608 64.6646 181.115 117.875 70.9814 193.324 74.6618 50.1956 63.2401 187.401 57.057 50.1222 82.512 73.1506 67.2541 67.5445 60.5889 56.5324 52.7779 47.9724 118.662 42.3353 31.4996 56.7568 56.2264 76.3268 54.6798 248.003 55.869 48.5994 46.8939
internal_count=3539 1768 1771 1030 738 1189 893 195 543 351 212 582 226 137 192 881 171 150 273 242 225 204 183 190 177 162 356 125 92 173 170 231 167 916 168 149 139
is_linear=0
shrinkage=0.285707


Tree=15
num_leaves=33
num_cat=0
split_feature=30 18 1 10 29 18 1 23 37 25 28 30 10 25 10 10 36 28 30 29 12 36 12 11 28 36 11 6 6 36 36 36
split_gain=54.6884 8.86296 6.0576 6.37616 5.77683 3.76627 3.87811 1.76223 1.60044 1.20691 1.50025 2.54303 1.33918 1.51209 1.18032 0.798555 0.809295 0.773924 0.691544 0.571147 0.55833 0.485635 0.473138 0.454147 0.417708 0.22299 0.105442 0.0696364 0.132742 0.0504693 0.0315625 0.010532
threshold=3.5000000000000004 1.0000000180025095e-35 6.0000000000000009 110.50000000000001 8.5000000000000018 1.0000000180025095e-35 43.500000000000007 11.500000000000002 14.83854166666667 13.113680555555558 5.5000000000000009 6.5000000000000009 94.500000000000014 11.215384615384616 2.5000000000000004 2.5000000000000004 -1.6658333333333342 5.5000000000000009 2.5000000000000004 15.500000000000002 100.05000000000001 0.16854636591478653 161.65000000000003 3.5000000000000004 5.5000000000000009 1.9714285714285718 1.0000000180025095e-35 132.50000000000003 158.50000000000003 0.15744810744810772 -0.33873144399460292 0.49603174603174699
decision_type=2 2 2 2 2 2 2 2 2 2 2 2 2 2 2 2 2 2 2 2 2 2 2 2 2 2 2 2 2 2 2 2
left_child=2 4 17 5 7 6 22 8 20 10 -6 12 13 -12 -15 -3 -17 27 29 -16 -2 23 -4 -11 -25 26 -22 31 30 -19 -29 -1
right_child=1 15 3 -5 9 -7 -8 -9 -10 21 11 -13 -14 14 19 16 -18 18 -20 -21 25 -23 -24 24 -26 -27 -28 28 -30 -31 -32 -33
leaf_value=0.0054230127910921333 0 0 0.15014744012279402 0 0 0 0 0 0 0 0 0 0 0 0.12717519410380415 0 -0.14125267395700883 0.06444086072402859 0 0 0 0 0 0 -0.067481601388255222 0 -0.089676990427488654 0 0 0 -0.024571411544723705 0
leaf_weight=23.221741020679477 6.2185727581381789 3.8707767575979224 183.04057793319225 6.5847704112529746 15.335575520992277 21.671719968318939 22.284274056553841 12.003443241119383 13.862575724720953 7.538308158516883 11.652435556054114 42.107005171477795 3.0946175605058661 7.9915584474802008 41.734784759581089 5.7942660301923743 116.87674582749605 23.842479169368747 11.388548821210859 3.6530016511678687 4.7401684224605551 11.368874803185461 3.2749113589525214 2.7152785658836391 25.362924233078957 5.2539694607257834 130.85783215612173 3.9041605442762402 6.062000334262847 4.2964842021465293 25.618018239736557 6.5129758864641181
leaf_count=72 26 23 653 19 59 70 70 45 82 37 43 175 12 29 159 34 679 88 35 12 19 58 12 11 128 25 727 13 17 12 75 20
internal_value=0 -0.062702 0.086217 0.112594 -0.0283377 0.123424 0.134923 -0.0649039 -0.0733284 0 0.0224739 0.0403138 0.0731316 0.0843797 0.102933 -0.132315 -0.136164 0.0014315 0.0373129 0.118815 -0.0819597 -0.0245957 0.148188 -0.0415025 -0.0564874 -0.0855111 -0.0878179 0 -0.0116901 0.0592414 -0.0215618 0
internal_weight=813.735 472.033 341.703 236.856 345.491 230.271 208.6 172.937 160.933 172.554 125.569 110.233 68.1264 65.0318 53.3793 126.542 122.671 104.846 39.5275 45.3878 147.071 46.9854 186.315 35.6165 28.0782 140.852 135.598 65.3189 35.5842 28.139 29.5222 29.7347
internal_count=3539 2383 1156 824 1647 805 735 924 879 723 489 430 255 243 200 736 713 332 135 171 797 234 665 176 139 771 746 197 105 100 88 92
is_linear=0
shrinkage=0.285707


Tree=16
num_leaves=25
num_cat=0
split_feature=30 16 23 10 23 30 36 3 30 12 35 36 12 36 35 3 1 10 16 36 12 6 10 36
split_gain=8.91489 12.6177 6.32356 4.61844 3.59297 3.08599 2.73635 2.0111 1.98147 1.70655 1.37115 3.70967 0.843786 1.16818 0.780751 0.618693 0.473902 0.630479 0.388366 0.0621981 0.129769 0.219984 0.044291 0.0335106
threshold=5.5000000000000009 1.0000000180025095e-35 5.5000000000000009 1.5000000000000002 8.5000000000000018 4.5000000000000009 -1.6666666666666667 9813.0000000000018 3.5000000000000004 98.800000000000026 1.7650000000000003 0.16854636591478653 120.85000000000001 0.053571428571428804 -3.5899999999999994 9528.0000000000018 42.500000000000007 2.5000000000000004 1.0000000180025095e-35 2.7125000000000004 163.35000000000005 137.50000000000003 147.50000000000003 -1.4388888888888889
decision_type=2 2 2 2 2 2 2 2 2 2 2 2 2 2 2 2 2 2 2 2 2 2 2 2
left_child=1 8 19 -4 7 6 -5 14 -1 -8 15 -12 -7 -14 -2 23 17 -16 -19 20 21 -3 -20 -6
right_child=4 2 3 5 10 12 9 -9 -10 -11 11 -13 13 -15 16 -17 -18 18 22 -21 -22 -23 -24 -25
leaf_value=-0.098062537656783799 0 0 0 0 0 0 0 0 0 0.11869327559874653 0.11618119258254718 0 0.061670606569700408 0 0 0 0 0 -0.10057781854025556 0 0 -0.034669569569810293 0 -0.036394833590404817
leaf_weight=43.737258061766624 7.6419774442911139 33.918764725327492 16.176479741930962 30.764030337333679 3.7587057352066031 45.465413808822632 1.8210680857300747 6.2314861118793479 20.485483765602112 183.64644260704517 22.746812537312508 11.27322608232498 41.82105465233326 31.891626961529255 8.8178329169750196 14.715306043624876 8.4326643869280797 2.3370001018047324 86.194963671267033 2.0981084555387488 1.9995888397097576 21.965197637677193 1.4477491229772557 54.235582455992699
leaf_count=302 59 209 78 141 18 175 8 37 87 636 96 56 166 133 76 65 56 13 702 9 12 134 7 264
internal_value=0.00615873 0.0311841 0.0531999 0.0689089 -0.0349779 0.0779591 0.101935 -0.0675128 -0.0671453 0.115007 0 0.0461777 0.0118854 0.032951 -0.0784281 -0.0183695 -0.0844326 -0.0898416 -0.0966909 0 -0.00891409 -0.0159113 -0.0996038 -0.0346996
internal_weight=703.624 475.791 411.568 351.586 227.833 335.41 216.232 121.104 64.2227 185.468 106.73 34.02 119.178 73.7127 114.872 72.7096 107.23 98.7975 89.9797 59.9817 57.8836 55.884 87.6427 57.9943
internal_count=3539 2090 1701 1337 1449 1259 785 950 389 644 499 152 474 299 913 347 854 798 722 364 355 343 709 282
is_linear=0
shrinkage=0.285707


Tree=17
num_leaves=27
num_cat=0
split_feature=16 37 29 37 3 3 7 29 37 23 23 36 3 7 36 23 23 25 3 23 23 36 36 37 10 1
split_gain=39.2763 30.2278 8.78157 3.72524 7.95474 2.91205 2.76165 2.13308 2.54923 1.64179 1.50646 1.32401 1.03646 0.83628 0.854853 0.31139 0.269198 0.246687 0.320172 0.420037 0.340337 0.182198 0.241585 0.352195 0.176123 6.03911e-05
threshold=1.0000000180025095e-35 11.998750000000003 9.5000000000000018 11.051785714285716 4092.5000000000005 9813.0000000000018 21.500000000000004 8.5000000000000018 11.201190476190478 20.500000000000004 11.500000000000002 1.8121428571428553 9377.0000000000018 33.500000000000007 -2.3333333333333326 10.500000000000002 16.500000000000004 12.825757575757578 9036.5000000000018 6.5000000000000009 16.500000000000004 -1.5071428571428569 1.0000000180025095e-35 12.522867063492065 1.0000000180025095e-35 3.5000000000000004
decision_type=2 2 2 2 2 2 2 2 2 2 2 2 2 2 2 2 2 2 2 2 2 2 2 2 2 2
left_child=6 3 5 4 25 10 -1 12 -9 -10 11 13 15 14 -3 -5 -6 18 -4 -20 -21 -19 23 -23 -16 -2
right_child=1 2 17 7 16 -7 -8 8 9 -11 -12 -13 -14 -15 24 -17 -18 21 19 20 -22 22 -24 -25 -26 -27
leaf_value=-0.18640753414567607 0.00039186815630413513 0 0 0.048467633298123342 -0.13418204173839132 0 0 0 -0.075266980316936641 0 0 0 0 0 0 0 0 0 0 -0.042732041068390798 0 0 0 0.038401044778403462 0.10131585207713435 0
leaf_weight=89.425037316977978 26.091062784194946 6.3046577125787726 11.182160764932631 42.422295749187469 96.884552657604218 37.294800013303757 5.390607461333274 13.07547380030155 86.395476683974266 4.984387829899787 18.924388557672501 18.915147691965103 30.344083532691002 4.3878777027130118 5.1939575076103202 5.0917754769325247 2.215958133339881 12.502377286553381 2.8688794970512381 50.103425353765488 6.4283469617366782 3.6854979842901221 22.744235321879387 40.926023036241531 291.36206528544426 16.322286441922188
leaf_count=411 72 21 33 131 528 113 19 42 274 14 57 64 90 15 16 15 11 38 8 151 18 12 71 129 1140 46
internal_value=-0.0045693 0.0125233 0.0564081 -0.0518938 -0.0894848 0.0791199 -0.175083 -0.00764956 -0.0405218 -0.0632385 0.0871892 0.0916801 0.00668866 0.0962173 0.0980321 0.0406295 -0.13197 0 -0.0136462 -0.0248516 -0.0345565 0.00827041 0.0168158 0.0282731 0.100206 0
internal_weight=951.467 856.651 532.824 323.827 141.514 382.383 94.8156 182.313 104.455 91.3799 345.088 326.164 77.8582 307.249 302.861 47.5141 99.1005 150.441 70.5828 59.4007 56.5318 79.8581 67.3558 44.6115 296.556 42.4133
internal_count=3539 3109 1886 1223 657 1426 430 566 330 288 1313 1256 236 1192 1177 146 539 460 210 177 169 250 212 141 1156 118
is_linear=0
shrinkage=0.285707


Tree=18
num_leaves=22
num_cat=0
split_feature=24 15 27 37 22 10 24 10 22 11 11 9 1 9 1 6 24 37 37 6 6
split_gain=29.9119 8.94676 6.20571 5.61571 2.87385 3.14617 2.08401 1.15687 1.11694 0.910739 0.71963 0.432692 0.872305 0.339521 0.424569 0.332618 0.962935 0.368319 0.568051 0.135211 0.00201324
threshold=3.5000000000000004 1.0000000180025095e-35 1.5000000000000002 10.812500000000002 2.5000000000000004 110.50000000000001 5.5000000000000009 1.5000000000000002 7.5000000000000009 9.5000000000000018 1.5000000000000002 37.500000000000007 42.500000000000007 38.500000000000007 47.500000000000007 137.50000000000003 14.500000000000002 12.251562500000002 11.105555555555556 142.50000000000003 133.55000000000004
decision_type=2 2 2 2 2 2 2 2 2 2 2 2 2 2 2 2 2 2 2 2 2
left_child=4 2 3 -2 20 8 9 -5 11 19 -9 12 -6 14 -12 16 17 18 -4 -3 -1
right_child=1 6 15 7 5 -7 -8 10 -10 -11 13 -13 -14 -15 -16 -17 -18 -19 -20 -21 -22
leaf_value=0.0024030045219821986 0 0.10210162829240926 0 0 0.11781795483393884 0 0 0 0 0 -0.091724224009551325 0 0 0 0 0 0 0 0.08500088897808479 0 0
leaf_weight=22.448422446846962 19.583785086870193 25.696559041738514 3.5732108354568508 13.512026287615297 154.06608726084232 4.0253114104270926 31.291547909379005 6.8392875865101805 3.958288609981536 3.925887629389762 320.19774582982063 27.814773440361023 25.894593372941017 2.0617781132459632 3.4156036078929892 20.241915680468082 5.4806649535894385 20.08990778028965 19.204757913947105 4.8644039481878272 30.11865209043026
leaf_count=64 68 81 11 65 627 12 114 37 14 13 1841 103 96 11 16 93 22 88 64 15 84
internal_value=0 -0.0423786 -0.0596055 -0.0746437 0.0747515 0.0892753 0.032333 -0.0847571 0.0964202 0.0778059 -0.088031 0.099476 0.107543 -0.0899242 -0.0906698 0 0.0223489 0.0465144 0.0686858 0.0934686 0
internal_weight=768.305 499.979 434.201 365.61 268.326 215.759 65.7784 346.026 211.734 34.4869 332.514 207.775 179.961 325.675 323.613 68.5905 48.3485 42.8679 22.778 30.561 52.5671
internal_count=3539 2539 2316 2038 1000 852 223 1970 840 109 1905 826 723 1868 1857 278 185 163 75 96 148
is_linear=0
shrinkage=0.285707


Tree=19
num_leaves=29
num_cat=0
split_feature=29 28 16 18 10 19 3 8 32 21 32 29 36 19 36 6 6 6 3 32 19 23 3 6 11 10 3 10
split_gain=6.58777 5.73092 4.4978 5.18491 4.08259 1.87731 1.78414 0.942852 0.813547 0.802257 0.571905 1.16542 0.695965 0.64634 0.53583 0.7754 0.565548 0.525439 0.545626 0.428826 0.322111 0.283083 0.209135 0.183745 0.182729 0.0709398 0.0430465 0.00564812
threshold=6.5000000000000009 7.5000000000000009 1.0000000180025095e-35 1.0000000180025095e-35 1.0000000180025095e-35 42.500000000000007 9124.5000000000018 38.500000000000007 3.5000000000000004 3.5000000000000004 2.5000000000000004 14.500000000000002 -1.6000000000000003 41.500000000000007 -0.47095959595959508 109.50000000000001 159.50000000000003 130.50000000000003 9813.0000000000018 1.0000000180025095e-35 18.500000000000004 16.500000000000004 9036.5000000000018 121.50000000000001 147.50000000000003 3.5000000000000004 9613.0000000000018 2.5000000000000004
decision_type=2 2 2 2 2 2 2 2 2 2 2 2 2 2 2 2 2 2 2 2 2 2 2 2 2 2 2 2
left_child=6 2 20 4 -4 7 -1 8 9 21 11 12 -3 24 -8 -16 19 23 22 -17 -2 -6 -19 -5 27 -22 -25 -14
right_child=1 10 3 17 5 -7 14 -9 -10 -11 -12 -13 13 -15 15 16 -18 18 -20 -21 25 -23 -24 26 -26 -27 -28 -29
leaf_value=0 0 0 0 0 0.090963556277482358 0 0 0 0 0 0 0 0 0 0 -0.09339912072480798 0 0 0 0 0 0 -0.051865069254241898 0.031803663957748619 0 -0.032155002876084332 0 -0.06229172574843727
leaf_weight=61.467794217169285 6.1094974726438513 3.5072972178459159 9.0413161814212781 18.315200202167034 267.37580412626266 8.3715981841087324 20.139516077935696 3.2446818500757209 3.1426065713167182 5.1217975318431845 4.0555913299322119 22.911459274590015 11.289486661553381 3.1787586957216254 2.5871514007449141 60.267250075936317 1.6938857883214939 5.7061090469360343 4.8065308183431616 2.0147785842418662 7.1748839244246474 3.2159034162759772 31.047848172485828 17.049687683582309 1.8281345069408406 27.740993686020374 5.3802021294832221 72.420784123241901
leaf_count=400 23 14 47 76 1024 37 150 13 13 22 19 101 68 16 20 456 12 29 22 12 37 14 159 72 6 152 24 501
internal_value=0.0068235 0.0243831 0.0419879 0.0537485 0.0710804 0.0795646 -0.0398084 0.0839425 0.0860045 0.0878352 -0.0173235 -0.0263723 -0.042733 -0.0499344 -0.064855 -0.077305 -0.0842696 0 -0.028292 -0.0891823 -0.00773429 0.0899701 -0.0439531 0.0101455 -0.0561811 -0.0266683 0.0263929 -0.0581969
internal_weight=690.207 542.036 422.845 381.819 299.514 290.472 148.17 282.101 278.856 275.714 119.192 115.136 92.2245 88.7172 86.7026 66.5631 63.9759 82.3056 41.5605 62.282 41.0254 270.592 36.754 40.7451 85.5384 34.9159 22.4299 83.7103
internal_count=3539 2489 1764 1552 1170 1123 1050 1086 1073 1060 725 706 605 591 650 500 480 382 210 468 212 1038 188 172 575 189 96 569
is_linear=0
shrinkage=0.285707


Tree=20
num_leaves=18
num_cat=0
split_feature=24 16 28 29 24 37 11 37 10 37 15 37 23 10 26 24 23
split_gain=58.0653 12.4148 5.92363 5.31086 2.29076 2.18218 2.03078 1.91151 1.16518 0.913711 0.754536 0.43436 0.441738 0.333515 0.163592 0.148223 0.22338
threshold=4.5000000000000009 1.0000000180025095e-35 1.0000000180025095e-35 9.5000000000000018 8.5000000000000018 14.024404761904764 9.5000000000000018 11.78452380952381 4.5000000000000009 10.59761904761905 1.0000000180025095e-35 11.170833333333336 6.5000000000000009 1.5000000000000002 1.5000000000000002 5.5000000000000009 13.500000000000002
decision_type=2 2 2 2 2 2 2 2 2 2 2 2 2 2 2 2 2
left_child=2 11 -1 6 8 -4 9 -6 13 -3 14 -2 -13 -5 -11 -10 -17
right_child=1 3 5 4 7 -7 -8 -9 15 10 -12 12 -14 -15 -16 16 -18
leaf_value=0 0 0 -0.13178120448379874 0 0 0 0 0.089260868986058783 0 0.090200304081414454 0 0 -0.10756623385219577 -0.046155412995472621 0 0.024281957181681482 0
leaf_weight=48.984742015600204 3.2321054935455313 2.5088718384504309 238.89709055423737 4.1812965124845496 12.711143404245375 6.8426916450262061 37.999606862664223 37.131625354290009 30.051574766635895 315.95751975476742 15.202902108430861 6.8001538515090934 26.604521289467812 51.660901889204979 5.0718010365962973 45.435075730085373 5.9463484883308402
leaf_count=137 15 13 1189 13 35 23 136 114 90 1285 48 20 85 160 15 143 18
internal_value=-0.00423269 0.043817 -0.109281 0.0573144 0.00253286 -0.127227 0.0775904 0.0579713 -0.00191245 0.0846444 0.0862272 -0.0846868 -0.0930564 -0.0393213 0.0892697 0 0.0145195
internal_weight=895.22 600.495 294.725 563.859 187.118 245.74 376.741 49.8428 137.275 338.741 336.232 36.6368 33.4047 55.8422 321.029 81.433 51.3814
internal_count=3539 2190 1349 2070 573 1212 1497 149 424 1361 1348 120 105 173 1300 251 161
is_linear=0
shrinkage=0.285707


Tree=21
num_leaves=23
num_cat=0
split_feature=16 24 3 19 3 10 10 25 6 25 3 6 6 8 19 33 10 6 1 6 8 25
split_gain=39.8177 9.54319 6.59073 4.56754 3.0599 2.89061 1.94202 1.71726 1.17677 1.15814 1.14197 0.936272 0.899773 0.793523 0.579081 0.492012 0.534247 0.428002 0.16487 0.14884 0.125032 0.317306
threshold=1.0000000180025095e-35 4.5000000000000009 9721.5000000000018 24.500000000000004 9246.0000000000018 1.0000000180025095e-35 94.500000000000014 15.320512820512823 154.20000000000002 13.356250000000001 9922.0000000000018 116.50000000000001 116.50000000000001 38.500000000000007 45.500000000000007 15.850000000000001 1.5000000000000002 159.50000000000003 42.500000000000007 112.50000000000001 32.000000000000007 13.830952380952382
decision_type=2 2 2 2 2 2 2 2 2 2 2 2 2 2 2 2 2 2 2 2 2 2
left_child=9 3 5 4 12 -3 8 13 10 -1 11 -5 -2 14 -7 16 -14 -18 19 -6 -4 -22
right_child=1 2 20 6 18 7 -8 -9 -10 -11 -12 -13 15 -15 -16 -17 17 -19 -20 -21 21 -23
leaf_value=0.16728517492733616 0 0 0 0 0 -0.096075861823337452 0 0 0 0 0 0.11313778753654934 0 0 0 0 -0.062143194313161017 0 0 0.029697172928989646 0.033411919265950774 0
leaf_weight=96.395766586065292 9.8463290035724622 7.3861821740865699 37.048127986490726 4.9164621978998175 3.0450985431671134 241.13634222745895 3.3611339628696433 9.6979158595204336 3.7854401469230643 11.355725288391112 20.143382668495178 54.454386010766029 5.830755501985549 2.5432895049452773 7.4571111202239981 6.7348535507917395 109.012515604496 6.9555370807647696 7.2828154414892188 49.898575574159622 26.332887277007107 4.6059748083353034
leaf_count=389 34 28 212 20 12 1573 11 71 15 41 73 212 21 12 30 22 383 21 24 191 116 28
internal_value=0 -0.0276293 -0.0605612 0.00313595 -0.0112646 -0.0808625 0.0614328 -0.0872008 0.0754386 0.156077 0.0840597 0.103289 -0.0417795 -0.091847 -0.0936726 -0.049185 -0.0534872 -0.0579237 0.0189158 0.0251055 0 0.0166198
internal_weight=729.227 621.475 336.208 285.267 198.606 268.221 86.6608 260.835 83.2997 107.751 79.5142 59.3708 138.38 251.137 248.593 128.534 121.799 115.968 60.2265 52.9437 67.987 30.9389
internal_count=3539 3109 2070 1039 708 1714 331 1686 320 430 305 232 481 1615 1603 447 425 404 227 203 356 144
is_linear=0
shrinkage=0.285707


Tree=22
num_leaves=26
num_cat=0
split_feature=29 30 10 19 30 2 29 19 27 36 19 2 11 6 36 12 6 8 37 37 23 23 12 23 6
split_gain=3.71007 5.01951 2.08968 1.6613 2.13273 2.51493 1.25622 1.1922 0.685613 0.781054 0.568346 1.09383 0.769451 0.430912 0.377808 0.375882 0.435328 0.053598 0.269887 0.320722 0.313947 0.281966 0.0946636 0.0662707 0.0302903
threshold=6.5000000000000009 7.5000000000000009 1.0000000180025095e-35 26.500000000000004 5.5000000000000009 4.5000000000000009 14.500000000000002 41.500000000000007 2.5000000000000004 -12.071428571428569 18.500000000000004 2.5000000000000004 9.5000000000000018 155.50000000000003 2.3875000000000006 165.50000000000003 109.50000000000001 13.000000000000002 14.197222222222225 11.902380952380954 12.500000000000002 8.5000000000000018 115.75000000000001 10.500000000000002 154.20000000000002
decision_type=2 2 2 2 2 2 2 2 2 2 2 2 2 2 2 2 2 2 2 2 2 2 2 2 2
left_child=10 2 -2 4 5 8 7 -3 9 -4 -1 12 14 -11 15 16 -12 18 19 -6 21 -21 -19 -24 -18
right_child=1 6 3 -5 17 -7 -8 -9 -10 13 11 -13 -14 -15 -16 -17 24 22 -20 20 -22 -23 23 -25 -26
leaf_value=0 0 -0.080617220495491776 0 0 0 0 0 0 0 0.072217599173522953 0 0 0 0 0 0 -0.075089152076480342 0 0 0 0 0.076761330713751158 -0.017480145087788848 0 0
leaf_weight=35.882254205644131 10.947252757847307 41.949784584343433 1.8356905281543721 81.153505727648735 6.9209007397294036 20.714575953781605 17.070083416998386 2.4727446362376204 4.4295163452625266 248.2373504191637 3.2935915961861602 15.424447141587732 9.1567098125815374 11.653264485299585 1.7052779272198666 1.9278966709971417 70.048414126038551 12.273010566830633 5.5150949582457534 16.012391537427909 2.1483824104070655 11.168760150671003 36.982147991657257 9.5198100358247739 3.088027983903884
leaf_count=252 63 315 12 375 30 70 82 13 17 837 26 114 70 43 10 15 538 62 50 132 9 47 293 39 25
internal_value=0.00476784 0.0185212 0.0316232 0.0371824 0.0448598 0.057425 -0.0407044 -0.0651987 0.0655965 0.0676987 -0.0298801 -0.0400199 -0.0529017 0.0696745 -0.0618548 -0.0653367 -0.0688542 0 0.00956946 0.0249963 0.0385741 0.0485423 0 -0.0121305 -0.0733972
internal_weight=681.531 541.004 479.512 468.564 387.411 286.87 61.4926 44.4225 266.156 261.726 140.527 104.644 89.2199 259.891 80.0632 78.3579 76.43 100.54 41.7655 36.2504 29.3295 27.1812 58.775 46.502 73.1364
internal_count=3539 2489 2079 2016 1641 979 410 328 909 892 1050 798 684 880 614 604 589 662 268 218 188 179 394 332 563
is_linear=0
shrinkage=0.285707


Tree=23
num_leaves=24
num_cat=0
split_feature=16 31 29 19 20 6 31 19 17 25 10 9 1 31 31 1 29 25 6 29 1 1 1
split_gain=22.262 9.77448 3.49676 3.34523 1.93813 1.80638 1.95886 2.22239 1.45972 1.22122 1.19432 1.23477 1.33974 1.13284 0.891812 0.820998 0.693215 0.639157 0.0720511 0.0587504 0.00132075 0.0217776 0.00170245
threshold=1.0000000180025095e-35 12.525543478260872 9.5000000000000018 21.500000000000004 1.0000000180025095e-35 140.40000000000003 12.001000000000003 48.500000000000007 1.0000000180025095e-35 10.535714285714286 2.5000000000000004 3.5000000000000004 40.500000000000007 12.484732142857146 10.083333333333334 43.500000000000007 4.5000000000000009 14.23309523809524 116.50000000000001 14.500000000000002 42.500000000000007 12.500000000000002 40.500000000000007
decision_type=2 2 2 2 2 2 2 2 2 2 2 2 2 2 2 2 2 2 2 2 2 2 2
left_child=4 3 10 8 -1 6 7 -5 9 -2 -3 -12 18 14 -11 19 -10 -18 -13 -16 21 -4 -23
right_child=1 2 20 5 -6 -7 -8 -9 16 13 11 12 -14 -15 15 -17 17 -19 -20 -21 -22 22 -24
leaf_value=-0.1571241963957308 0 0 0 -0.096346115799786247 0 0 0 0 0 0 0 0 0 0 0.054351745094957958 0 -0.047794911720049467 0 0.095360307577134679 0 0 -0.0078668068054179759 0
leaf_weight=72.720178507268429 30.854603305459023 33.396846041083336 36.379349395632744 90.337294362485409 5.4822179228067389 20.615589179098606 26.240094646811485 4.6710493341088286 19.033889673650265 4.6325313448905936 59.127626806497574 10.674892053008078 18.458323240280151 9.0731113106012327 123.87683051079512 7.7735255137085906 73.214467465877533 2.6880070567131034 138.26163819432259 4.034852758049964 28.356801465153694 26.701100900769237 4.0865683108568183
leaf_count=410 141 132 121 435 20 81 86 19 63 32 271 44 72 35 421 24 289 11 628 13 90 88 13
internal_value=-0.0043151 0.00782381 0.0444137 -0.0176996 -0.14561 -0.0523723 -0.0659231 -0.0840093 0 0.0158742 0.0612738 0.068651 0.0830736 0.0307164 0.0404221 0.0469161 -0.0267473 -0.0396542 0.0918104 0.0531912 0 -0.00121378 -0.00715804
internal_weight=850.691 772.489 355.443 417.046 78.2024 141.864 121.248 95.0083 275.182 180.245 259.919 226.522 167.395 149.391 140.318 135.685 94.9364 75.9025 148.937 127.912 95.5238 67.167 30.7877
internal_count=3539 3109 1459 1650 430 621 540 454 1029 666 1147 1015 744 525 490 458 363 300 672 434 312 222 101
is_linear=0
shrinkage=0.285707


Tree=24
num_leaves=30
num_cat=0
split_feature=30 18 1 11 30 28 24 21 18 1 37 11 37 6 6 5 37 37 19 28 12 3 29 37 28 6 6 6 6
split_gain=19.2347 5.52869 3.06309 3.68711 2.48506 3.62176 2.64862 2.14079 2.1392 1.80798 1.08173 1.01248 0.743133 0.613844 0.57296 0.52155 0.634472 0.315587 1.01326 0.307542 0.262869 0.262761 0.250122 0.219401 0.242643 0.140824 0.138898 0.134325 0.0226536
threshold=3.5000000000000004 1.0000000180025095e-35 6.0000000000000009 113.00000000000001 5.5000000000000009 5.5000000000000009 5.5000000000000009 8.5000000000000018 1.0000000180025095e-35 43.500000000000007 14.83854166666667 100.00000000000001 11.105555555555556 115.50000000000001 154.20000000000002 4.5000000000000009 11.089880952380954 14.122023809523812 20.500000000000004 5.5000000000000009 159.05000000000004 9102.0000000000018 14.500000000000002 15.005952380952385 11.500000000000002 109.50000000000001 127.50000000000001 158.50000000000003 132.50000000000003
decision_type=2 2 2 2 2 2 2 2 2 2 2 2 2 2 2 2 2 2 2 2 2 2 2 2 2 2 2 2 2
left_child=2 4 19 8 5 10 -6 23 9 14 13 12 -7 -2 25 16 -15 18 -14 26 -3 -21 -20 24 -8 -4 -1 28 -28
right_child=1 20 3 -5 6 11 7 -9 -10 -11 -12 -13 17 15 -16 -17 -18 -19 22 21 -22 -23 -24 -25 -26 -27 27 -29 -30
leaf_value=0 0 -0.10274002583037954 0 0 0 0 -0.084264184634484526 0 0 0 0 0 0 0 0 0 -0.075501706415376166 0 0.11103140426014936 0 0 0.036305984809876846 0 0 0 0.11311597044062055 0 0 -0.026526368894588568
leaf_weight=18.441362410783768 4.9024063721299163 93.931698530912399 5.2619597837328902 5.2727147638797751 17.440481938421726 9.9372802525758726 86.91888902336359 22.386644884943962 19.950877845287323 20.966704547405243 3.9771737754344931 2.7594287917017928 40.417054913938046 6.6627510637044898 5.8638066202402106 6.3300664126873007 45.675649635493755 3.7310906127095214 35.079402320086956 5.1279733330011359 2.5892760828137389 29.30645989626646 5.6619513481855384 7.3282005935907355 4.8671428412199012 141.73672839999199 9.2616763710975629 6.054874211549758 28.312759548425674
leaf_count=62 20 719 25 16 91 34 662 85 70 71 23 13 197 22 24 25 230 18 132 20 17 115 19 55 21 618 30 17 88
internal_value=0 -0.0387679 0.0563915 0.0767844 -0.00965739 0.0018662 -0.0399355 -0.0592328 0.0869361 0.0967848 -0.0290014 0.0475634 0.0560695 -0.046456 0.107389 -0.0556457 -0.0645134 0.0644577 0.0680306 0 -0.100398 0.0249137 0.101972 -0.0769284 -0.0808984 0.110815 0 -0.015113 -0.0226208
internal_weight=696.154 400.597 295.558 199.053 304.076 165.134 138.941 121.501 193.78 173.829 67.548 97.5862 94.8268 63.5709 152.862 58.6685 52.3384 84.8895 81.1584 96.5051 96.521 34.4344 40.7414 99.1142 91.786 146.999 62.0707 43.6293 37.5744
internal_count=3539 2383 1156 824 1647 733 914 823 808 738 320 413 400 297 667 277 252 366 348 332 736 135 151 738 683 643 197 135 118
is_linear=0
shrinkage=0.285707


Tree=25
num_leaves=16
num_cat=0
split_feature=10 24 29 36 25 19 10 27 19 23 29 25 19 25 3
split_gain=2.79661 1.63103 3.90963 1.74897 1.73238 1.46357 1.43134 1.36222 1.02271 0.697141 0.649857 0.10251 0.0875567 0.037886 0.0322366
threshold=110.50000000000001 5.5000000000000009 5.5000000000000009 -0.83888888888888935 13.251875000000002 26.500000000000004 1.0000000180025095e-35 1.5000000000000002 18.500000000000004 6.5000000000000009 10.500000000000002 16.450000000000003 45.500000000000007 13.287857142857144 9036.5000000000018
decision_type=2 2 2 2 2 2 2 2 2 2 2 2 2 2 2
left_child=1 2 8 -4 -3 6 -5 14 -1 -2 11 13 -10 -6 -8
right_child=9 4 3 5 10 -7 7 -9 12 -11 -12 -13 -14 -15 -16
leaf_value=0 0 0 0 0 0 0 0 0 -0.059042768984021728 0.10743807400640513 0 0 0 -0.064937927988168387 0.063063894664771858
leaf_weight=18.271773785352707 3.0374197363853481 149.12325291335583 92.55260493978858 3.968242034316062 1.4118737950921048 50.388509821146727 12.859575212001799 4.5427972301840773 49.339118774980307 19.442823618650436 18.765073232352734 1.2330741211771954 1.28739484399557 63.532687216997147 183.95575185492635
leaf_count=108 16 835 378 19 13 259 49 19 416 65 101 12 16 598 635
internal_value=0.00356189 0 0.0104029 0.0272259 -0.0190738 0.0393555 0.0498341 0.0556273 -0.0369591 0.0911868 -0.0501504 -0.0624794 -0.0572767 -0.0639487 0.0609256
internal_weight=673.712 651.232 417.166 348.267 234.066 255.715 205.326 201.358 68.8983 22.4802 84.9427 66.1776 50.6265 64.9446 196.815
internal_count=3539 3458 1899 1359 1559 981 722 703 540 81 724 623 432 611 684
is_linear=0
shrinkage=0.285707


Tree=26
num_leaves=18
num_cat=0
split_feature=30 22 30 29 22 30 16 16 26 29 29 32 19 37 37 36 6
split_gain=40.8328 4.31571 19.5896 6.34983 4.09183 7.72942 2.04765 1.33687 1.29782 1.18281 0.8487 0.429142 0.3905 0.312232 0.311667 0.127134 0.0323013
threshold=4.5000000000000009 6.5000000000000009 6.5000000000000009 7.5000000000000009 1.0000000180025095e-35 3.5000000000000004 1.0000000180025095e-35 1.0000000180025095e-35 1.0000000180025095e-35 17.500000000000004 14.500000000000002 1.0000000180025095e-35 19.500000000000004 10.75357142857143 11.422619047619049 -1.2966666666666657 140.40000000000003
decision_type=2 2 2 2 2 2 2 2 2 2 2 2 2 2 2 2 2
left_child=4 6 3 -3 16 9 -2 -4 13 -6 15 12 -7 -8 -5 -9 -1
right_child=1 2 7 14 5 11 8 10 -10 -11 -12 -13 -14 -15 -16 -17 -18
leaf_value=-0.0085173258239183529 0 0 0 0 -0.15457342577469135 0 0 0 0 0 0 0 -0.03980650307241753 0.074004007221182944 -0.19341649448821108 0.078053668627429768 0
leaf_weight=30.334788531064987 15.134851828217505 16.895442143082619 5.9269288033246985 4.0188875794410697 141.09031768888235 40.333625793457031 4.0307749211788169 4.1540281176567069 13.365909919142721 2.7349414825439444 27.710891798138618 12.675778433680533 53.792486131191254 271.39147183299065 35.544022023677826 121.532481148839 17.940335035324097
leaf_count=88 48 86 19 12 1007 124 13 13 42 12 82 39 172 1067 109 557 49
internal_value=-0.00444289 0.040642 0 -0.127204 -0.0902046 -0.104733 0.0627568 0.0596488 0.0686119 -0.151038 0.0661426 -0.0157138 -0.02506 0.0728532 -0.183174 0.0762982 0
internal_weight=818.608 519.706 215.783 56.4584 298.902 250.627 303.923 159.324 288.788 143.825 153.397 106.802 94.1261 275.422 39.5629 125.687 48.2751
internal_count=3539 2048 878 207 1491 1354 1170 671 1122 1019 652 335 296 1080 121 570 137
is_linear=0
shrinkage=0.285707


Tree=27
num_leaves=26
num_cat=0
split_feature=16 35 17 31 3 33 8 3 19 27 36 25 29 19 25 3 29 36 23 3 36 8 3 36 36
split_gain=20.2719 4.8688 4.86269 6.50824 5.89359 1.86525 0.999998 0.999537 0.886132 0.836559 0.707822 0.704669 0.550607 0.524038 0.489518 0.438857 0.436534 0.410492 0.38164 0.461765 0.364023 0.0874983 1.2528 0.0354786 0.00721244
threshold=1.0000000180025095e-35 1.9050000000000002 1.0000000180025095e-35 10.083333333333334 9721.5000000000018 10.950000000000001 38.500000000000007 9036.5000000000018 44.500000000000007 5.5000000000000009 -0.5070850202429148 13.802500000000002 13.500000000000002 25.500000000000004 14.835952380952383 4092.5000000000005 14.500000000000002 2.2071428571428569 12.500000000000002 9613.0000000000018 -2.2440476190476182 32.000000000000007 9922.0000000000018 1.8121428571428553 11.250000000000002
decision_type=2 2 2 2 2 2 2 2 2 2 2 2 2 2 2 2 2 2 2 2 2 2 2 2 2
left_child=1 -1 3 7 6 13 8 -2 14 10 -7 16 -9 18 15 -5 17 -12 19 20 -4 -6 -23 -17 -22
right_child=2 -3 5 4 21 9 -8 12 -10 -11 11 -13 -14 -15 -16 23 -18 -19 -20 -21 24 22 -24 -25 -26
leaf_value=0.15267058438332928 0 0 0 0 0 0 0 0.061460000639448994 0 0 0.075457932577361039 0 0 0 0 -0.10052303111879574 0 0 0 0 -0.0522820847399076 0.06360258320282379 0 0 0
leaf_weight=72.846336923539639 22.900562807917595 21.94257777929306 4.1178805977106085 3.1940902769565573 30.035097748041153 34.979565940797329 1.8280223906040181 31.905180223286152 8.7524500563740713 7.6979267150163642 64.46719853579998 6.6792897358536711 2.8127867430448523 26.818732939660549 12.894422143697737 175.62658966705203 3.60958108305931 4.3071627914905539 6.2329621165990821 16.110290005803108 48.713614158332348 21.034335248172283 15.113641723990439 15.196155712008474 2.7606568634510031
leaf_count=342 74 88 16 15 173 163 10 168 35 33 302 45 11 120 108 1248 11 16 22 76 227 101 51 76 8
internal_value=0 0.119548 -0.0193195 -0.0418105 -0.0622264 0.00413221 -0.084683 0.016194 -0.0871699 0.034102 0.0425008 0.0568169 0.0491218 -0.0083158 -0.0908331 -0.0947749 0.0650918 0.0701278 -0.0245115 -0.0324017 -0.0440034 0 0.0130159 -0.0964885 -0.0509108
internal_weight=662.577 94.7889 567.788 341.293 283.675 226.495 217.492 57.6185 215.664 121.741 114.043 79.0632 34.718 104.754 206.911 194.017 72.3839 68.7744 77.9354 71.7024 55.5922 66.1831 36.148 190.823 51.4743
internal_count=3539 430 3109 2070 1817 1039 1492 253 1482 570 537 374 179 469 1447 1339 329 318 349 327 251 325 152 1324 235
is_linear=0
shrinkage=0.285707


Tree=28
num_leaves=32
num_cat=0
split_feature=30 3 3 23 30 33 10 23 31 11 35 31 25 31 2 32 2 2 25 10 30 32 35 27 28 28 35 2 31 25 31
split_gain=1.89184 4.04044 3.45739 2.59349 4.57009 2.26067 1.90827 2.33736 1.71545 1.8323 1.48988 1.06173 1.04673 1.03205 1.73577 0.889928 1.64648 0.821381 0.728239 0.643363 0.401486 0.822633 0.729265 0.385682 0.250178 0.105619 0.0728342 0.143277 0.0456655 0.0317654 0.0010746
threshold=4.5000000000000009 9377.0000000000018 9246.0000000000018 7.5000000000000009 7.5000000000000009 15.850000000000001 1.5000000000000002 1.0000000180025095e-35 11.573214285714288 3.5000000000000004 2.7650000000000001 10.836666666666668 14.664583333333335 14.160208333333335 5.5000000000000009 1.5000000000000002 4.5000000000000009 2.5000000000000004 10.759615384615387 2.5000000000000004 2.5000000000000004 1.0000000180025095e-35 1.9050000000000002 1.0000000180025095e-35 14.500000000000002 5.5000000000000009 1.7650000000000003 4.5000000000000009 12.573214285714288 14.996428571428572 11.336666666666668
decision_type=2 2 2 2 2 2 2 2 2 2 2 2 2 2 2 2 2 2 2 2 2 2 2 2 2 2 2 2 2 2 2
left_child=2 10 5 26 8 6 -1 -8 -5 -10 11 -2 15 14 -11 16 23 18 -13 -20 21 22 -4 -9 -21 28 27 29 -22 -3 -6
right_child=1 3 20 4 30 -7 7 12 9 13 -12 17 -14 -15 -16 -17 -18 -19 19 24 25 -23 -24 -25 -26 -27 -28 -29 -30 -31 -32
leaf_value=0 0 -0.024410264755610846 -0.062780668744479323 0 0 0 0 0.1024366838867309 0 0.14059492948644203 0 0 0 0 0 0 0 0 0 -0.07819828970696252 0.023284628168438768 0 0 0 0 0 0 0 0 0 -0.0017261625453520355
leaf_weight=9.8451095893979055 8.6253484636545164 28.031935680657632 34.444375053048134 12.85875380784273 1.6089480966329599 17.20601723715663 25.463606152683496 117.84678844735026 13.486806742846964 52.612748954445124 22.679991770535707 5.5067330524325362 2.9540391787886611 4.3825538195669642 3.5527685508131972 9.2818906009197217 8.5167632326483709 18.572188273072243 16.22316650301218 106.24134374037385 16.765871174633507 4.8628009259700766 5.0852570869028559 13.996694453060625 2.1835457980632773 51.474679127335548 16.321931201964617 2.4841587319970122 3.6336171030998221 1.1965791545808304 23.427916023880243
leaf_count=61 28 235 265 45 6 84 175 470 70 257 127 21 15 51 23 36 31 111 83 604 56 29 40 51 10 162 149 22 16 14 192
internal_value=0.00480786 -0.00464684 0.022271 0.0187871 0.047867 0.0458903 0.0569596 0.0653007 0.0832113 0.0989231 -0.0387048 -0.0495025 0.0784328 0.118388 0.127901 0.0825675 0.0880114 -0.0560998 -0.0637875 -0.0685222 0 -0.0254991 -0.0468417 0.095914 -0.0762879 0 -0.00097281 -0.0126079 0.0180677 -0.0224064 0
internal_weight=661.375 339.997 321.378 159.965 111.93 205.111 187.905 178.06 86.8936 74.0349 180.032 157.352 152.596 60.5481 56.1655 149.642 140.36 148.727 130.155 124.648 116.267 44.3924 39.5296 131.843 108.425 71.8742 48.0346 31.7127 20.3995 29.2285 25.0369
internal_count=3539 2048 1491 1064 644 923 839 778 446 401 984 857 603 331 280 588 552 829 718 697 568 334 305 521 614 234 420 271 72 249 198
is_linear=0
shrinkage=0.285707


Tree=29
num_leaves=23
num_cat=0
split_feature=30 18 22 30 24 24 15 18 16 19 30 22 37 19 26 37 19 22 34 24 37 37
split_gain=25.1693 7.9543 3.39201 12.8227 4.04525 2.10463 1.62006 1.43393 1.29925 1.21467 1.0803 2.96851 0.795324 1.03951 0.757879 0.554244 0.489468 0.466052 0.199601 0.129774 0.174121 0.00184292
threshold=4.5000000000000009 1.0000000180025095e-35 6.5000000000000009 6.5000000000000009 6.5000000000000009 5.5000000000000009 1.0000000180025095e-35 1.0000000180025095e-35 1.0000000180025095e-35 41.500000000000007 3.5000000000000004 1.0000000180025095e-35 14.315476190476195 37.500000000000007 1.0000000180025095e-35 11.804761904761907 19.500000000000004 8.5000000000000018 0.55000000000000016 2.5000000000000004 10.75357142857143 11.973214285714286
decision_type=2 2 2 2 2 2 2 2 2 2 2 2 2 2 2 2 2 2 2 2 2 2
left_child=1 5 6 7 21 10 8 12 -2 15 11 -1 13 -4 19 -6 -12 -13 -3 -10 -21 -5
right_child=2 18 3 4 9 -7 -8 -9 14 -11 16 17 -14 -15 -16 -17 -18 -19 -20 20 -22 -23
leaf_value=0 0 0.026095390251312908 -0.15418957403849351 0 0 0 0 0 0 0 0 -0.16438618767723784 0 0 0 0.083312338253238916 -0.038421938959857189 0 0 0 0.06520928310251066 -0.0025403451321487393
leaf_weight=35.487135320901871 8.6221100986003858 17.915221333503723 36.021848157048225 3.3123981207609203 15.623461514711378 29.282626830041409 24.298016533255577 11.846069619059561 2.8257453739643088 6.8268012404441825 29.755170613527298 97.436428193002939 4.1633719205856314 3.522532418370246 12.969199046492575 107.63585039973259 40.45458996295929 1.2740023098886002 27.128998704254627 3.0181769132614127 239.5557891279459 17.299947656691074
leaf_count=102 26 67 129 10 46 96 80 48 8 22 93 882 19 11 41 523 136 10 105 10 1005 70
internal_value=-0.00533517 -0.075763 0.029639 0 0.0447782 -0.0976088 0.0491858 -0.109077 0.0558477 0.0688115 -0.108027 -0.133933 -0.130716 -0.141681 0.0601817 0.0758425 -0.0193844 -0.162268 0 0.0636768 0.0643696 0
internal_weight=776.275 278.734 497.541 206.252 150.698 233.69 291.289 55.5538 266.991 130.086 204.407 134.198 43.7078 39.5444 258.369 123.259 70.2098 98.7104 45.0442 245.4 242.574 20.6123
internal_count=3539 1491 2048 878 671 1319 1170 207 1090 591 1223 994 159 140 1064 569 229 892 172 1023 1015 80
is_linear=0
shrinkage=0.285707


Tree=30
num_leaves=26
num_cat=0
split_feature=17 37 3 10 1 10 12 22 29 25 28 12 12 37 25 25 37 23 7 12 28 25 37 33 25
split_gain=3.20951 3.96657 4.6172 2.21471 2.20184 1.9756 1.70412 1.29779 0.833584 1.26837 1.17079 0.754952 0.569735 0.832336 0.550504 0.543349 0.481155 0.47038 0.32968 0.336737 0.205959 0.0835315 0.0628448 0.00658959 0.00202199
threshold=1.0000000180025095e-35 7.0833333333333348 9246.0000000000018 2.5000000000000004 1.5000000000000002 110.50000000000001 100.05000000000001 17.500000000000004 8.5000000000000018 13.287857142857144 5.5000000000000009 132.55000000000004 143.45000000000002 13.543303571428574 10.679487179487181 10.100000000000001 10.387500000000001 10.500000000000002 1.5000000000000002 101.15000000000002 7.5000000000000009 13.182575757575759 14.881031746031747 10.100000000000003 14.835952380952383
decision_type=2 2 2 2 2 2 2 2 2 2 2 2 2 2 2 2 2 2 2 2 2 2 2 2 2
left_child=1 11 3 -3 23 7 -5 12 22 10 -10 17 13 18 -12 -8 -17 20 19 -6 -1 -16 24 -2 -4
right_child=4 2 8 6 5 -7 15 -9 9 -11 14 -13 -14 -15 21 16 -18 -19 -20 -21 -22 -23 -24 -25 -26
leaf_value=0.073770885987668205 -0.003678506402907697 0 -0.020272308106409127 0 0 0 0 0 0 0 0 0 0 0 0.070256342300930891 0 -0.094927337925504729 0 0 0.078573204863885526 0 0 0 0 0
leaf_weight=29.261204548180107 33.740748513489962 23.412577569484711 71.894746366888285 4.1659657806158057 8.2420492991805059 5.5372860580682746 4.7589641064405432 3.4756774306297293 6.463330775499343 13.296533785760401 3.9870717823505393 24.406001500785351 26.534962050616741 12.60544792562723 53.183661781251431 2.0770266354084006 116.59416545182467 7.1086782515048972 2.8440241590142241 123.89768920466304 2.4834083244204512 2.9651966877281657 4.7717831917107096 45.739665064960718 1.3951913714408863
leaf_count=173 153 118 585 18 40 20 15 15 22 115 13 104 122 75 251 6 737 39 13 578 18 18 43 235 13
internal_value=0 -0.0141514 -0.0320927 -0.0668307 0.0263307 0.043987 -0.0812533 0.0535864 0 0.0219321 0.0446654 0.0329316 0.0592875 0.0665208 0.0602888 -0.0888213 -0.092445 0.0552091 0.0728183 0.0748763 0.0681094 0.0677555 -0.0178281 0 -0.0200413
internal_weight=634.843 372.226 308.966 151.009 262.618 183.137 127.596 177.6 157.958 79.8958 66.5993 63.2593 174.124 147.589 60.1359 123.43 118.671 38.8533 134.984 132.14 31.7446 56.1489 78.0617 79.4804 73.2899
internal_count=3539 2288 1954 894 1251 863 776 843 1060 419 304 334 828 706 282 758 743 230 631 618 191 269 641 388 598
is_linear=0
shrinkage=0.285707


Tree=31
num_leaves=29
num_cat=0
split_feature=9 29 25 2 22 32 23 25 25 28 25 29 10 32 16 25 29 10 23 29 23 25 0 10 30 6 2 6
split_gain=2.00112 0.994225 1.17393 0.860416 0.814539 0.772789 0.79422 1.34916 0.504586 0.622946 1.44823 1.12432 1.18566 1.60227 1.25424 0.851867 0.827139 0.718672 0.625876 0.674352 0.592051 0.75724 0.580222 0.467198 0.435057 0.409423 0.219933 0.205171
threshold=3.5000000000000004 6.5000000000000009 14.536428571428573 5.5000000000000009 11.500000000000002 1.0000000180025095e-35 8.5000000000000018 10.585714285714287 12.888194444444446 5.5000000000000009 12.191666666666668 5.5000000000000009 4.5000000000000009 2.5000000000000004 1.0000000180025095e-35 11.994285714285716 15.500000000000002 183.00000000000003 12.500000000000002 7.5000000000000009 6.5000000000000009 10.450000000000001 1.5000000000000002 124.00000000000001 7.5000000000000009 108.50000000000001 5.5000000000000009 169.00000000000003
decision_type=2 2 2 2 2 2 2 2 2 2 2 2 2 2 2 2 2 2 2 2 2 2 2 2 2 2 2 2
left_child=1 -1 3 4 5 6 -3 -8 9 11 16 -2 -13 14 -14 -16 17 20 19 -12 -11 -22 23 25 -21 -10 27 -27
right_child=8 2 -4 -5 -6 -7 7 -9 22 10 18 12 13 -15 15 -17 -18 -19 -20 24 21 -23 -24 -25 -26 26 -28 -29
leaf_value=0 0 0 0 0 0 0 0 0.099845109949336153 0 0 0 0 0 0 0.10753025019897022 0 0 0 0 0.056723752703063055 0 -0.057076294655975808 0 0 0 -0.043689019834011675 0 0
leaf_weight=35.340810094028711 31.440827392041683 46.503397163003683 8.8898131884634477 5.2516170106828204 7.6506240442395201 10.654215283691881 5.2498403936624518 66.927440155297518 2.6615937426686278 16.07450183480978 15.973416473716496 28.365263633430004 3.6345671042799941 3.8331047445535651 40.687319584190845 17.076944708824158 11.11253249645233 2.9866287708282462 11.843031667172907 41.24472600966692 14.535878870636223 100.28942184895277 13.207877133041618 3.7878270968794814 3.7854999974369994 96.297825399786234 3.2997230477631083 1.920376420021056
leaf_count=297 241 278 65 30 39 44 23 228 13 147 123 108 31 14 132 59 42 10 50 170 90 414 90 15 31 704 35 16
internal_value=0.00436345 0.0301853 0.0404047 0.0487528 0.0543625 0.0601132 0.0665451 0.0888323 -0.00100099 0 -0.00310375 0.0192761 0.037553 0.0577079 0.0738904 0.0858854 -0.0269861 -0.0356191 0.0114845 0.0302913 -0.0415317 -0.048521 -0.0180983 -0.0279472 0.0477826 -0.0339704 -0.038644 -0.041387
internal_weight=650.527 186.468 151.127 142.237 136.986 129.335 118.681 72.1773 464.059 342.884 217.846 125.038 93.5972 65.2319 61.3988 57.7643 144.999 133.886 72.8467 61.0036 130.9 114.825 121.175 107.967 45.0302 104.18 101.518 98.2182
internal_count=3539 1004 707 642 612 573 529 251 2535 1662 1077 585 344 236 222 191 703 661 374 324 651 504 873 783 201 768 755 720
is_linear=0
shrinkage=0.285707


Tree=32
num_leaves=28
num_cat=0
split_feature=30 3 37 18 12 3 19 30 12 12 12 36 9 19 30 33 36 30 36 12 3 12 36 19 26 3 36
split_gain=15.936 6.92011 5.51549 5.14758 3.97446 3.95743 3.73636 2.82288 2.07047 1.62414 1.32277 1.31959 1.28739 1.08151 1.54026 1.00191 0.932706 0.793267 0.472961 0.378355 0.296406 0.286824 0.135369 0.181284 0.037975 0.0445332 0.0182677
threshold=3.5000000000000004 9377.0000000000018 13.207142857142859 1.0000000180025095e-35 119.95000000000002 9138.5000000000018 22.500000000000004 7.5000000000000009 148.85000000000005 148.55000000000004 114.45000000000002 2.0250000000000008 5.5000000000000009 18.500000000000004 4.5000000000000009 10.950000000000001 0.43095238095238125 10.500000000000002 -1.6666666666666667 109.95000000000002 4092.5000000000005 156.40000000000003 0.9005494505494519 28.500000000000004 1.5000000000000002 9102.0000000000018 -1.4942857142857144
decision_type=2 2 2 2 2 2 2 2 2 2 2 2 2 2 2 2 2 2 2 2 2 2 2 2 2 2 2
left_child=3 5 4 8 -3 12 10 9 -1 16 -7 26 17 -14 -15 -4 -6 18 -2 -16 -21 22 23 -20 25 -22 -12
right_child=1 2 15 -5 7 6 -8 -9 -10 -11 11 -13 13 14 19 -17 -18 -19 21 20 24 -23 -24 -25 -26 -27 -28
leaf_value=-0.12284505241544844 0 0 0.056929667380179232 0 -0.12880889435327275 0 0 0 0 0 0 0 0 0 0 0 0 0 -0.06266578982405635 0 0.073816017317601471 0 0 0 0 0 0.13163302806023658
leaf_weight=115.25602807104588 4.5947779566049567 64.585505351424217 38.912060268223286 27.007909968495369 66.891709543764591 15.763991586863993 25.930124007165432 16.59359148144722 15.822876714169977 7.7748488783836356 7.0072898939251891 3.2992193400859824 18.868837878108025 17.442249581217766 7.1608534902334204 54.413541756570339 22.090767420828342 7.5001325309276572 35.358144864439964 3.7787199914455405 62.113739661872387 4.5648348331451407 9.0790649056434614 3.1264778524637213 4.2532314658164969 5.7305069118738166 77.0073332041502
leaf_count=942 17 226 211 119 259 62 89 69 95 27 29 11 74 57 27 314 81 25 129 12 251 18 32 12 13 21 317
internal_value=-0.00613067 0.0122223 -0.0146619 -0.0869571 -0.0492412 0.0431572 0.0823802 -0.0803411 -0.110074 -0.0986869 0.105809 0.119346 0.000800963 0.0275826 0.0415285 0.0253451 -0.109233 -0.011834 -0.0344814 0.0589436 0.0644619 -0.0441245 -0.0504963 -0.0576064 0.068309 0.0705465 0.126341
internal_weight=741.928 583.842 271.262 158.087 177.936 312.58 129.008 113.351 131.079 96.7573 103.078 87.3138 183.572 119.348 100.479 93.3256 88.9825 64.2234 56.7233 83.0371 75.8762 52.1285 47.5637 38.4846 72.0975 67.8442 84.0146
internal_count=3539 2383 1187 1156 662 1196 508 436 1037 367 419 357 688 455 381 525 340 233 208 324 297 191 173 141 285 272 346
is_linear=0
shrinkage=0.285707


Tree=33
num_leaves=22
num_cat=0
split_feature=16 18 37 33 8 24 28 25 2 37 37 37 29 3 25 25 18 5 12 12 12
split_gain=13.1102 2.84039 1.87663 1.47651 2.30141 1.734 6.5567 3.24083 1.18466 1.16631 1.00229 0.828887 0.746402 0.338795 0.225905 0.308555 0.209068 0.157417 0.101494 0.0611131 0.0260949
threshold=1.0000000180025095e-35 1.0000000180025095e-35 12.684486102133162 10.100000000000003 32.000000000000007 5.5000000000000009 5.5000000000000009 13.059411764705883 1.5000000000000002 1.0000000180025095e-35 14.790584415584417 14.790584415584417 18.500000000000004 9102.0000000000018 11.830952380952382 15.671190476190477 1.0000000180025095e-35 2.5000000000000004 137.05000000000004 159.85000000000002 113.55000000000001
decision_type=2 2 2 2 2 2 2 2 2 2 2 2 2 2 2 2 2 2 2 2 2
left_child=2 3 16 4 11 6 9 12 -3 18 -11 17 -8 14 -7 19 -1 20 -5 -16 -2
right_child=1 8 -4 5 -6 13 7 -9 -10 10 -12 -13 -14 -15 15 -17 -18 -19 -20 -21 -22
leaf_value=0.12743290108799255 0 -0.081584946697646446 0 0.019858119603497995 0 0 0.10743022859327453 0 0 -0.055034291402506326 0 0 0 0 -0.053529076847393157 0 0 0 0 0 -0.073914826650201451
leaf_weight=61.304009288549423 8.3293731883168203 65.477916594594717 17.784763321280479 14.99797670543194 76.948010437190533 6.7482660859823218 80.493277847766876 14.119244918227194 37.746700450778008 54.156698290258646 2.7244830727577201 2.5021557584404936 2.5177754312753668 61.198370896279812 23.833790048956878 1.5847682580351818 7.3973120823502532 5.4132196865975848 12.106010638177393 1.7144978903233994 63.620957981795073
leaf_count=343 36 497 59 59 375 28 367 68 322 241 14 17 9 493 155 14 28 33 43 12 326
internal_value=0 -0.0164807 0.0998873 -6.00779e-05 -0.0259831 0.00612884 0.0276342 0.0807715 -0.0589136 -0.00761223 -0.0399585 -0.0588864 0.102618 -0.00956331 -0.0304139 -0.040862 0.120012 -0.0662058 0 -0.0505137 -0.069659
internal_weight=622.72 536.233 86.4861 433.009 156.814 276.195 181.115 97.1303 103.225 83.9852 56.8812 79.8657 83.0111 95.0797 33.8813 27.1331 68.7013 77.3636 27.104 25.5483 71.9503
internal_count=3539 3109 430 2290 787 1503 801 444 819 357 255 412 376 702 209 181 371 395 102 167 362
is_linear=0
shrinkage=0.285707


Tree=34
num_leaves=26
num_cat=0
split_feature=8 3 22 30 34 11 6 25 6 19 3 10 5 25 36 36 6 11 36 5 3 6 13 22 30
split_gain=2.13001 1.2644 1.74899 2.15438 1.54559 1.42173 1.32024 2.2975 1.7469 1.78997 0.877697 0.83735 0.815268 0.747885 0.721027 0.706391 0.562673 0.656305 0.843197 0.515292 0.418602 0.0296991 0.0111125 0.18719 0.26182
threshold=20.500000000000004 9124.5000000000018 6.5000000000000009 7.5000000000000009 2.0000000000000004 9.5000000000000018 122.50000000000001 12.575187969924814 147.50000000000003 26.500000000000004 9922.0000000000018 124.00000000000001 2.5000000000000004 13.686607142857143 0.56833333333333347 -1.9226190476190472 119.05000000000001 9.5000000000000018 2.1458333333333335 38.500000000000007 9813.0000000000018 140.40000000000003 1.0000000180025095e-35 8.5000000000000018 2.5000000000000004
decision_type=2 2 2 2 2 2 2 2 2 2 2 2 2 2 2 2 2 2 2 2 2 2 2 2 2
left_child=1 5 16 4 12 6 -1 8 9 -8 11 14 13 21 15 -2 -3 18 20 -17 -18 -4 23 24 -12
right_child=10 2 3 -5 -6 -7 7 -9 -10 -11 22 -13 -14 -15 -16 19 17 -19 -20 -21 -22 -23 -24 -25 -26
leaf_value=0 0 0 0.1298331938188228 0 0 0 0.13331187168205938 0 0 0 0 0 0 0 0 -0.048898404189806031 -0.041626232919079659 0 0 0 0 0 0 0 0.042152663525022158
leaf_weight=21.468792293220758 16.063559800386429 32.182710181921721 27.463747024536136 18.365953430533409 15.452318988740442 15.828125126659868 47.873426485806704 41.988928694278002 9.2921006456017476 3.9233059622347346 2.5737169273197749 7.6351982876658431 3.144974283874034 5.3237365037202826 51.814809918403625 131.72873009741306 116.93867211416364 14.523539587855337 8.5783069729804975 8.9602146595716459 16.933411408215761 3.4855787083506575 3.8611974194645873 4.3085344210267058 15.126905605196951
leaf_count=106 99 145 117 180 123 73 207 227 48 31 27 28 22 38 264 802 646 65 34 43 83 21 28 21 61
internal_value=0.00415747 0.0194319 0 0.0408481 0.0711369 0.0419463 0.053495 0.066429 0.0998456 0.118484 -0.0111362 -0.0214678 0.0977696 0.108829 -0.02821 -0.03756 -0.00734816 -0.0186135 -0.0272252 -0.0442525 -0.0357591 0.123294 0 0.00568973 0.0261278
internal_weight=644.84 402.768 262.393 73.2363 54.8704 140.375 124.547 103.078 61.0888 51.7967 242.073 216.203 39.418 36.2731 208.567 156.753 189.157 156.974 142.45 140.689 133.872 30.9493 25.8704 22.0092 17.7006
internal_count=3539 2166 1474 501 321 692 619 513 286 238 1373 1236 198 176 1208 944 973 828 763 845 729 138 137 109 88
is_linear=0
shrinkage=0.285707


Tree=35
num_leaves=27
num_cat=0
split_feature=15 6 11 25 7 1 36 36 2 19 19 29 2 27 6 6 10 6 6 6 2 36 36 25 29 10
split_gain=3.39556 2.40974 1.75142 1.71116 1.51166 1.10948 1.02193 0.983302 0.587736 1.70547 1.59086 0.996261 0.582187 0.46741 0.46114 0.421787 0.404721 0.400569 0.490702 0.333319 0.61052 0.411363 0.167578 0.136679 0.133684 0.103365
threshold=1.0000000180025095e-35 140.40000000000003 122.50000000000001 10.759615384615387 21.500000000000004 3.5000000000000004 -1.1641414141414133 1.8121428571428553 2.5000000000000004 23.500000000000004 31.500000000000004 9.5000000000000018 5.5000000000000009 9.5000000000000018 101.50000000000001 167.50000000000003 2.5000000000000004 136.50000000000003 116.50000000000001 124.20000000000002 5.5000000000000009 0.60000000000000064 1.9177083333333329 14.401428571428573 11.500000000000002 161.50000000000003
decision_type=2 2 2 2 2 2 2 2 2 2 2 2 2 2 2 2 2 2 2 2 2 2 2 2 2 2
left_child=1 3 4 5 13 -1 -3 12 9 11 17 14 15 22 -5 -8 -16 18 -11 -10 21 24 23 -2 -21 -18
right_child=2 6 -4 8 -6 -7 7 -9 19 10 -12 -13 -14 -15 16 -17 25 -19 -20 20 -22 -23 -24 -25 -26 -27
leaf_value=0 -0.10023925203355857 0 0 0 0 -0.075756329649134355 0.060498366690420032 0 0 0 0 0 0 0 0 0 0.046265316276120072 0 -0.065772023307925406 -0.06099907253806508 0 0 0 0 0 0
leaf_weight=27.894281338900328 55.588642092421651 14.563187476247547 6.6154384315013877 2.3081435412168494 3.5544903948903075 37.724912006407976 109.17363787442446 5.6985337212681761 28.761317994445562 5.374000519514083 58.951400119811296 82.533853262662888 3.6099077835679045 2.2252621948719016 17.804199572652578 7.7659284621477118 132.56037326902151 6.5260030161589375 44.07954522408545 36.580806098878384 9.0105421654880029 10.153783001005648 2.544762670993804 3.9092503935098639 3.7238686904311171 3.3682156801223746
leaf_count=143 328 74 24 9 18 382 517 29 127 21 243 316 22 7 76 32 626 32 180 187 44 46 15 14 15 12
internal_value=-0.00412923 0 -0.0599981 -0.00635886 -0.0765417 -0.0473265 0.0346173 0.0442835 0 0.00553942 -0.0107888 0.0235952 0.0518028 -0.0889423 0.0366349 0.0561145 0.0399644 -0.0481862 -0.0564326 -0.0197994 -0.0313006 -0.0449286 -0.0934347 -0.0963223 -0.0564457 0.0450582
internal_weight=722.604 648.166 74.4378 507.355 67.8224 65.6192 140.811 126.248 441.736 353.506 114.931 238.575 120.549 64.2679 156.041 116.94 153.733 55.9795 49.4535 88.2303 59.469 50.4585 62.0427 59.4979 40.3047 135.929
internal_count=3539 3133 406 2459 382 525 674 600 1934 1515 476 1039 571 364 723 549 714 233 201 419 292 248 357 342 202 638
is_linear=0
shrinkage=0.285707


Tree=36
num_leaves=16
num_cat=0
split_feature=16 30 17 10 30 19 21 8 6 10 6 37 13 24 8
split_gain=9.33337 2.68979 3.12785 1.69209 1.67377 1.0396 0.972027 0.857942 0.571697 0.547194 0.633491 0.331562 0.0528153 0.00667514 0.162707
threshold=1.0000000180025095e-35 2.5000000000000004 1.0000000180025095e-35 1.0000000180025095e-35 5.5000000000000009 24.500000000000004 5.5000000000000009 38.500000000000007 154.20000000000002 50.000000000000007 118.45000000000002 14.372767857142859 1.0000000180025095e-35 1.5000000000000002 32.000000000000007
decision_type=2 2 2 2 2 2 2 2 2 2 2 2 2 2 2
left_child=4 5 3 -3 11 13 7 -5 9 10 -7 -1 -4 14 -2
right_child=1 2 12 6 -6 8 -8 -9 -10 -11 -12 -13 -14 -15 -16
leaf_value=0.10522244763743431 -0.015194932458304802 0 0 -0.064634510160288525 0 0 0 0 0 0 0.078536928350877208 0 0.007939789725769645 0 0
leaf_weight=66.77351875603199 53.873138040304184 7.9652688130736342 74.338017713278532 204.27956408262253 12.897792637348173 2.4752232208847991 18.495857618749142 2.522509276866912 2.8987272232770911 3.5136476084589949 31.518352746963501 2.0235687047243109 62.377426974475384 45.040324114263058 18.542364008724689
leaf_count=382 206 33 364 1608 41 14 92 13 13 20 183 7 337 151 75
internal_value=0 -0.0149744 -0.0298802 -0.0496994 0.0855673 0.00467302 -0.0561446 -0.0616362 0.0436499 0.0557187 0.0670357 0.102032 0 0 -0.00263584
internal_weight=609.535 527.84 369.979 233.263 81.6949 157.862 225.298 206.802 40.406 37.5072 33.9936 68.7971 136.715 117.456 72.4155
internal_count=3539 3109 2447 1746 430 662 1713 1621 230 217 197 389 701 432 281
is_linear=0
shrinkage=0.285707


Tree=37
num_leaves=25
num_cat=0
split_feature=8 5 12 29 36 31 35 6 35 35 4 25 35 12 36 29 36 12 22 12 12 36 25 36
split_gain=1.49209 1.11867 1.17467 0.956333 0.542153 0.579921 0.48366 0.402924 0.622899 0.818189 0.356414 0.332751 0.434193 0.289347 0.173015 0.0541629 0.0392419 0.0374134 0.567673 0.246657 0.0865693 0.0197014 0.204953 0.215221
threshold=20.500000000000004 1.5000000000000002 146.85000000000005 5.5000000000000009 -1.7480158730158732 15.005555555555558 1.0000000180025095e-35 133.05000000000004 1.7650000000000003 -2.4099999999999997 1.0000000180025095e-35 12.716428571428573 -1.3099999999999998 121.95000000000002 -1.9916666666666669 7.5000000000000009 1.9714285714285718 121.05000000000001 8.5000000000000018 130.95000000000002 111.85000000000001 -0.57738095238095244 12.867500000000001 1.9714285714285718
decision_type=2 2 2 2 2 2 2 2 2 2 2 2 2 2 2 2 2 2 2 2 2 2 2 2
left_child=1 2 3 -1 -5 6 11 17 9 -9 -8 12 15 -11 -15 -6 -16 20 19 -19 -2 -3 23 -23
right_child=7 21 -4 4 5 -7 10 8 -10 13 -12 -13 -14 14 16 -17 -18 18 -20 -21 -22 22 -24 -25
leaf_value=0 0 0 0 0 0 0 0 0 0 0 0.058148579297210269 0 0 0 -0.064123114466686518 0.035450556753426066 0 0.040933074895459706 0 0 -0.011938258653100579 -0.034255553229634222 0 0
leaf_weight=32.159338086843491 21.420904658734798 15.439635116606949 22.209674172103405 21.791193809360266 11.256866492331026 4.8677363768219939 5.5339623577892771 24.274976905435324 22.679934233427048 18.39435239136219 160.52926091477275 23.922223102301359 16.567816339433193 3.0389093197882167 42.086749695241451 47.321811739355326 2.2190346494317046 35.484466277062893 6.7545211613178244 16.833456356078386 43.570877503603697 24.588072251528505 13.445353869348763 2.0785681307315818
leaf_count=242 109 77 149 113 58 56 27 158 127 118 778 195 72 14 274 166 9 194 37 92 241 149 75 9
internal_value=0.00586695 0.0183763 0.0254999 0.0313786 0.0367842 0.0402522 0.0427073 -0.00509353 -0.0181696 -0.0306205 0.0557085 0 0.0182943 -0.0467512 -0.0581537 0.031133 -0.0621834 0 0.00685013 0.0290996 0 0 -0.00590486 -0.0236893
internal_weight=638.47 401.712 346.16 323.95 291.791 270 265.132 236.758 112.694 90.014 166.063 99.0687 75.1465 65.739 47.3447 58.5787 44.3058 124.064 59.0724 52.3179 64.9918 55.5516 40.112 26.6666
internal_count=3539 2166 1856 1707 1465 1352 1296 1373 700 573 805 491 296 415 297 224 283 673 323 286 350 310 233 158
is_linear=0
shrinkage=0.285707


Tree=38
num_leaves=29
num_cat=0
split_feature=18 24 28 2 24 25 12 25 11 25 2 25 25 16 12 2 16 12 11 27 12 8 11 11 2 12 11 25
split_gain=9.09796 6.43367 5.7546 3.07084 2.20055 0.981255 1.26426 0.897589 0.849787 0.740662 0.648681 0.58885 0.552868 0.550501 0.473796 0.604988 0.426358 0.182513 0.352316 0.565672 0.270039 0.470868 1.05202 0.210044 0.130194 0.0890623 0.0773635 0.00191263
threshold=1.0000000180025095e-35 5.5000000000000009 5.5000000000000009 1.5000000000000002 3.5000000000000004 11.573214285714288 136.05000000000004 14.586428571428572 9.5000000000000018 13.765208333333335 4.5000000000000009 13.859404761904765 11.267857142857144 1.0000000180025095e-35 110.35000000000001 2.5000000000000004 1.0000000180025095e-35 121.05000000000001 1.5000000000000002 10.500000000000002 148.55000000000004 29.500000000000004 9.5000000000000018 2.5000000000000004 4.5000000000000009 106.05000000000001 7.5000000000000009 10.759615384615387
decision_type=2 2 2 2 2 2 2 2 2 2 2 2 2 2 2 2 2 2 2 2 2 2 2 2 2 2 2 2
left_child=1 2 5 4 -2 6 8 10 24 17 12 14 27 -6 -7 -16 -11 26 -19 20 21 22 23 -20 25 -1 -3 -4
right_child=3 9 7 -5 13 11 -8 -9 -10 16 -12 -13 -14 -15 15 -17 -18 18 19 -21 -22 -23 -24 -25 -26 -27 -28 -29
leaf_value=0 0 0.011915048405322072 -0.0026933095369605672 0 0 0 0 0 0 0 0 0 -0.12354796297872096 0.093930200180360177 0.052385877250892471 0 0.041422466823823278 0 0 0 0 0 0 -0.066313050085745812 0 -0.073756934500828319 0 0
leaf_weight=3.4875578097999087 15.132425114512442 38.471078746020794 15.511714348569514 66.550811599940062 4.645113229751586 2.6919053234159938 26.610792251303792 3.2292776480317107 6.6765366308391085 4.1589666754007331 7.8355327416211358 17.14045075327158 94.861172575503588 91.41198393702507 43.665060501545668 13.373090002685784 49.508763566613197 10.497105970978735 4.5079164281487456 5.467523366212844 9.0776198431849462 27.389162868261337 6.6061015725135794 51.598084334284067 1.7660368382930745 43.690402075648308 30.022020012140274 13.763525929301975
leaf_count=34 65 149 250 330 17 15 126 12 48 13 48 75 430 443 174 52 281 39 18 18 35 121 26 228 15 296 114 67
internal_value=-0.00460157 -0.0263571 -0.0547026 0.0457332 0.0736068 -0.000317725 -0.0300939 -0.0984388 -0.0545081 0 -0.102215 0.00154888 -0.107163 0.089337 0.0270957 0.0371341 0.0318288 0 -0.0110891 -0.0198627 -0.0292233 -0.0341175 -0.0467675 -0.0616626 -0.0677816 -0.0703328 0 0
internal_weight=709.348 531.607 294.303 177.74 111.19 159.102 82.2313 135.201 55.6205 237.304 131.972 76.8705 124.136 96.0571 59.7301 57.0382 53.6677 183.637 115.144 104.646 99.1789 90.1013 62.7121 56.106 48.944 47.178 68.4931 29.2752
internal_count=3539 2684 1642 855 525 835 519 807 393 1042 795 316 747 460 241 226 294 748 485 446 428 393 272 246 345 330 263 317
is_linear=0
shrinkage=0.285707


Tree=39
num_leaves=19
num_cat=0
split_feature=16 30 22 9 24 2 30 25 37 21 1 25 12 25 12 9 19 19
split_gain=6.12874 1.78625 2.36042 2.08487 1.78432 1.39311 1.33425 2.05329 1.29792 0.503464 0.405416 0.523469 0.153838 0.124989 0.128872 0.110369 0.00794392 0.205194
threshold=1.0000000180025095e-35 5.5000000000000009 5.5000000000000009 11.500000000000002 5.5000000000000009 5.5000000000000009 2.5000000000000004 14.23309523809524 12.684486102133162 12.500000000000002 6.0000000000000009 13.997857142857145 95.65000000000002 15.519230769230772 165.50000000000003 12.500000000000002 21.500000000000004 18.500000000000004
decision_type=2 2 2 2 2 2 2 2 2 2 2 2 2 2 2 2 2 2
left_child=8 2 6 16 -3 9 -2 15 12 13 -5 -12 -1 14 -6 -8 17 -4
right_child=1 4 3 10 5 -7 7 -9 -10 -11 11 -13 -14 -15 -16 -17 -18 -19
leaf_value=0 0 0 0 0 -0.068268202964584898 0 0 0 0 0 0.060822371646524022 0 0.091977281423466534 0 0 -0.075160120193771301 0 -0.022976754624511535
leaf_weight=0.88310911878943343 90.626473635435104 20.169064644724131 12.099606618285177 38.240733936429024 108.0465454980731 5.4236768223345271 18.90146329253912 7.4386643245816222 17.596107825636864 8.6931955516338331 85.217285417020321 4.2265276946127406 59.499858874827623 4.485818237066268 1.0624154917895783 62.447964832186699 21.703908085823059 26.944215688854456
leaf_count=5 343 138 55 191 1118 62 100 53 59 37 396 20 366 46 7 318 93 132
internal_value=0 -0.011125 0 0.0216901 -0.0369741 -0.0515993 -0.0233616 -0.0470786 0.0720249 -0.0605093 0.0442398 0.055569 0.0903225 -0.0653537 -0.0672767 -0.0657547 0 -0.00379374
internal_weight=593.707 515.728 367.847 188.432 147.881 127.712 179.415 88.7881 77.9791 122.288 127.685 89.4438 60.383 113.595 109.109 81.3494 60.7477 39.0438
internal_count=3539 3109 1701 887 1408 1270 814 471 430 1208 607 416 371 1171 1125 418 280 187
is_linear=0
shrinkage=0.285707


Tree=40
num_leaves=28
num_cat=0
split_feature=24 16 33 12 18 33 12 13 9 12 12 37 26 12 30 30 33 37 3 8 12 19 2 12 12 21 19
split_gain=0.887492 2.41831 0.958506 0.94352 0.676846 1.12064 0.892446 0.673663 0.282176 0.3584 0.412888 0.682581 0.630733 0.350023 0.265639 0.225796 0.410868 0.294462 0.19963 0.16659 0.141393 0.12277 0.211387 0.066255 0.0374203 0.0307448 0.0028571
threshold=4.5000000000000009 1.0000000180025095e-35 15.850000000000001 107.55000000000001 1.0000000180025095e-35 10.100000000000003 112.35000000000001 1.0000000180025095e-35 2.5000000000000004 147.85000000000005 118.25000000000001 11.326785714285714 1.0000000180025095e-35 111.55000000000001 6.5000000000000009 2.5000000000000004 14.700000000000001 11.051785714285716 4092.5000000000005 36.500000000000007 138.05000000000004 28.500000000000004 4.5000000000000009 152.95000000000002 157.95000000000002 1.5000000000000002 18.500000000000004
decision_type=2 2 2 2 2 2 2 2 2 2 2 2 2 2 2 2 2 2 2 2 2 2 2 2 2 2 2
left_child=1 20 3 -3 8 -6 -7 -5 9 10 -2 -12 19 14 -10 -15 17 -17 -19 -13 26 22 25 -8 -20 -9 -1
right_child=4 2 -4 7 5 6 23 21 13 -11 11 12 -14 15 -16 16 -18 18 24 -21 -22 -23 -24 -25 -26 -27 -28
leaf_value=0 0 0 0 0.070620899489407432 0 0 -0.060845507587540745 0.017202869220795006 0.032529417386512813 0 0 0.068484700952609084 0 0 0 0 0 0 -0.030035405395124823 0 0 0 0 0 0 0 -0.034951712160718969
leaf_weight=2.8339030705392423 16.086849946528673 15.402089286595581 16.515090107917786 87.41363151371479 26.938059996813536 10.328883949667214 54.777481082826853 96.145833265036345 20.198920384049419 4.8902128897607318 5.3782118782401076 38.080205745995045 3.0023760497570029 8.5490780398249608 6.8204107359051696 5.8021168261766425 33.263852518051863 3.5163360834121695 124.65528774261475 3.4048985280096522 4.6856889706104985 6.9807818792760363 10.99200529232621 2.8518507033586493 4.5495313592255107 2.9987516999244681 19.710982600226998
leaf_count=23 79 84 89 396 180 55 439 378 84 32 18 207 11 34 41 19 167 15 729 23 53 41 41 26 31 10 234
internal_value=0.00305541 0.0170477 0.0325023 0.0384695 -0.000419166 -0.0234135 -0.0445478 0.0442038 0 0.017312 0.0269556 0.0392297 0.0529739 0 0.0135347 -0.0109934 -0.0151767 -0.0227021 -0.0266496 0.0637779 -0.0243117 0.00190283 0.0094932 -0.0587477 -0.0291407 0.0162368 -0.0330488
internal_weight=636.773 263.679 236.448 219.933 373.095 94.8963 67.9582 204.531 278.198 70.8428 65.9525 49.8657 44.4875 207.356 27.0193 180.336 171.787 138.523 132.721 41.4851 27.2306 117.117 110.137 57.6293 129.205 99.1446 22.5449
internal_count=3539 1349 1039 950 2190 700 520 866 1490 370 338 259 241 1120 125 995 961 794 775 230 310 470 429 465 760 388 257
is_linear=0
shrinkage=0.285707


Tree=41
num_leaves=18
num_cat=0
split_feature=30 28 9 8 29 32 34 8 30 3 16 16 2 2 3 29 37
split_gain=8.1232 4.4177 2.72101 1.40967 1.53911 1.98741 1.17523 2.10402 1.02998 2.37451 0.905289 0.81094 0.76719 0.686152 0.633191 0.512753 0.252492
threshold=5.5000000000000009 5.5000000000000009 4.5000000000000009 13.000000000000002 14.500000000000002 1.0000000180025095e-35 1.0000000180025095e-35 1.5000000000000002 3.5000000000000004 9102.0000000000018 1.0000000180025095e-35 1.0000000180025095e-35 5.5000000000000009 5.5000000000000009 9922.0000000000018 18.500000000000004 13.80860805860806
decision_type=2 2 2 2 2 2 2 2 2 2 2 2 2 2 2 2 2
left_child=1 8 16 -4 5 10 -3 -8 9 -1 -5 -10 -12 15 -13 -9 -2
right_child=2 6 3 4 -6 -7 7 13 11 -11 12 14 -14 -15 -16 -17 -18
leaf_value=0 -0.017047318083831444 0 0 0 0 0 0 -0.096806779426716311 0 -0.078290503615827609 0.090199166926693455 0.040150731363046956 0 0 0 0 0
leaf_weight=51.567494170740247 64.910390131175518 46.34992297925055 50.171267926692963 6.0216465294361106 16.373004496097565 4.6098032295703879 40.15625431202352 116.55927869491279 4.5903485640883437 34.271458642557263 118.01776399463415 86.339734248816967 4.1171003133058539 2.1964096054434767 23.041484743356705 2.5556456446647635 24.168648816645145
leaf_count=197 283 226 258 20 50 18 208 640 18 393 648 307 24 10 80 11 148
internal_value=-0.0031466 -0.0319604 0.0289957 0.0478256 0.0613888 0.0715438 -0.0605179 -0.0724486 0 -0.0240397 0.0806445 0.0160726 0.0859407 -0.0908468 0.0290218 -0.0940512 0
internal_weight=696.018 407.628 288.39 199.311 149.139 132.766 207.818 161.468 199.811 85.839 128.157 113.972 122.135 121.311 109.381 119.115 89.079
internal_count=3539 2090 1449 1018 760 710 1095 869 995 590 692 405 672 661 387 651 431
is_linear=0
shrinkage=0.285707


Tree=42
num_leaves=18
num_cat=0
split_feature=16 35 3 17 31 31 31 28 8 1 19 25 6 6 25 3 3
split_gain=3.68175 2.93554 2.127 1.7066 1.69451 1.44739 1.09887 0.746192 1.09256 1.04607 0.46633 0.372678 0.361664 0.286415 0.0430299 0.0360211 0.0495033
threshold=1.0000000180025095e-35 1.9050000000000002 9613.0000000000018 1.0000000180025095e-35 10.083333333333334 13.715476190476194 14.142053571428573 5.5000000000000009 7.5000000000000009 43.500000000000007 44.500000000000007 14.23309523809524 113.50000000000001 142.50000000000003 13.332380952380955 9036.5000000000018 9246.0000000000018
decision_type=2 2 2 2 2 2 2 2 2 2 2 2 2 2 2 2 2
left_child=1 13 3 4 -2 10 7 -4 -9 12 11 -6 -10 -1 -14 -5 -17
right_child=2 -3 6 15 5 -7 -8 8 9 -11 -12 -13 14 -15 -16 16 -18
leaf_value=0.10143946082500287 0 0 0 -0.0056461825239150889 -0.071156758973991832 0 0 0 0 0 0 0 0.090800997923632401 0 0 0.0075705344414444256 0
leaf_weight=46.235014852136374 42.806586623191833 19.782382868230343 36.067600108683109 51.484616108238697 119.58112487755716 31.467653835192323 12.474520243704317 27.762564267963171 4.2129375487565985 2.5087670385837546 7.1055208444595328 4.9225215576589099 40.821243848651648 8.2046233229339105 7.5678683146834365 83.816686969250441 32.565444089472294
leaf_count=302 197 88 166 209 932 388 109 166 21 10 30 50 188 40 60 388 195
internal_value=0 0.0585031 -0.00712205 -0.0212599 -0.0383079 -0.0515465 0.0142501 0.0306792 0.0448153 0.0661799 -0.0642114 -0.0681119 0.0776149 0.0922313 0.0838646 0 0.003008
internal_weight=579.388 74.222 505.166 373.75 205.883 163.077 131.416 118.941 82.8734 55.1108 131.609 124.504 52.602 54.4396 48.3891 167.867 116.382
internal_count=3539 430 3109 2389 1597 1400 720 611 445 279 1012 982 269 342 248 792 583
is_linear=0
shrinkage=0.285707


Tree=43
num_leaves=27
num_cat=0
split_feature=13 34 10 21 30 12 12 19 28 12 30 34 22 12 10 12 7 10 3 27 3 35 12 10 12 12
split_gain=0.648246 1.24508 1.3196 1.36815 1.27815 1.2198 1.19019 0.955774 0.834777 1.19388 0.658401 1.3141 0.95884 1.32753 0.969083 0.63645 0.367318 0.237055 0.165862 0.150042 0.142839 0.128683 0.403657 0.208092 0.00921475 0.0837851
threshold=1.0000000180025095e-35 0.40000000000000008 1.5000000000000002 6.5000000000000009 1.0000000180025095e-35 120.85000000000001 145.10000000000002 42.500000000000007 6.5000000000000009 112.65000000000002 5.5000000000000009 3.2500000000000004 5.5000000000000009 149.10000000000002 1.5000000000000002 102.10000000000001 21.500000000000004 183.00000000000003 4092.5000000000005 4.5000000000000009 9036.5000000000018 1.2650000000000003 122.55000000000001 3.5000000000000004 108.10000000000001 137.85000000000005
decision_type=2 2 2 2 2 2 2 2 2 2 2 2 2 2 2 2 2 2 2 2 2 2 2 2 2 2
left_child=1 24 -3 4 -4 8 7 15 9 -2 11 12 -7 14 -14 -6 17 19 -11 -17 -16 22 -12 -24 -1 -26
right_child=5 2 3 -5 6 10 -8 -9 -10 18 21 -13 13 -15 20 16 -18 -19 -20 -21 -22 -23 23 -25 25 -27
leaf_value=0 0 0 0 0 0 0 0 0 0 0 0 0 0 0 0 0.0792820856679219 0 0 -0.063878226576798092 0 0.081074026719177461 0 0 -0.041645926652638103 -0.01089781766773828 0
leaf_weight=9.1042762808501703 32.225500347092748 8.8203254640102369 18.991583684459329 10.962737388908861 6.749919742345809 59.902071038261056 14.876224383711813 7.3798503205180159 28.235131967812777 2.4405976235866538 3.2636209800839415 15.972933158278463 2.6358120664954177 7.5374060422182074 3.2824189849197856 116.81731385737658 2.9583708494901648 3.1581146717071524 60.80736436881125 3.3717226870357981 61.609092824161053 31.459718890488148 8.4788604117929918 28.837206903845072 57.910106778144836 23.05673143081367
leaf_count=51 163 64 217 62 31 269 94 41 163 14 25 71 14 35 14 562 12 11 304 20 233 263 69 290 314 133
internal_value=0.00282132 0.0141362 0.0282437 0.037385 0.0458473 0 0.0547373 0.0629598 -0.0268493 -0.0399111 0.00514338 0.0195199 0.034425 0.0550094 0.0693525 0.0688135 0.0732769 0.0756577 -0.061165 0.0775929 0.0781297 0 -0.0150152 -0.0316691 0 -0.00294075
internal_weight=630.845 284.157 194.086 185.266 174.303 346.688 155.312 140.435 123.709 95.4735 222.979 150.94 134.967 75.0647 67.5273 133.055 126.306 123.347 63.248 120.189 64.8915 72.0394 40.5797 37.3161 90.0711 80.9668
internal_count=3539 1612 1114 1050 988 1927 771 677 644 481 1283 636 565 296 261 636 605 593 318 582 247 647 384 359 498 447
is_linear=0
shrinkage=0.285707


Tree=44
num_leaves=29
num_cat=0
split_feature=24 28 24 28 10 6 12 9 2 26 12 12 12 12 12 28 36 36 25 7 2 12 12 25 25 25 25 25
split_gain=5.36926 5.10372 0.96908 6.93846 0.702736 0.695659 1.24389 2.33541 2.33423 0.651755 0.624303 0.590973 0.470373 0.436748 0.406149 0.396524 0.33552 0.31871 0.305632 0.256124 0.0852612 0.0214867 0.748703 0.159446 0.114372 0.0545419 4.55474e-05 0.0272235
threshold=3.5000000000000004 1.0000000180025095e-35 5.5000000000000009 6.5000000000000009 4.5000000000000009 120.50000000000001 133.95000000000002 29.500000000000004 2.5000000000000004 1.0000000180025095e-35 151.05000000000004 106.05000000000001 104.05000000000001 98.800000000000026 113.75000000000001 13.500000000000002 -1.2966666666666657 1.8121428571428553 10.866071428571431 21.500000000000004 5.5000000000000009 121.05000000000001 145.10000000000002 11.573214285714288 11.345238095238097 13.463571428571431 11.183333333333335 12.795714285714288
decision_type=2 2 2 2 2 2 2 2 2 2 2 2 2 2 2 2 2 2 2 2 2 2 2 2 2 2 2 2
left_child=1 -1 3 5 21 26 7 -7 14 12 13 -5 -6 -3 -9 16 -14 18 -18 -15 -20 23 24 -4 -23 -26 -2 -28
right_child=2 10 4 11 9 6 -8 8 -10 -11 -12 -13 15 19 -16 -17 17 -19 20 -21 -22 22 -24 -25 25 -27 27 -29
leaf_value=0 0 0 0 0 0 0 0 0 0 0 0 -0.14377271193442079 0 -0.11132588202044985 0.11489441093641285 0 0 0 0.050134706187282392 0 0 0 0 0.019136872229286495 -0.037317865775992283 0 -0.0090261558225336793 0
leaf_weight=44.750105068087578 9.8093236442655307 0.810173399746417 7.0728307217359534 2.8754688352346447 8.0409302711486799 64.966022210195661 48.723306693136692 2.5326435267925254 10.81130740046501 8.1691387742757779 4.0711166094988576 23.488302111625671 12.060911521315573 71.897988956421614 37.856494560837746 4.8910751491785041 4.7172635346651068 5.7087793722748748 134.39297512918711 1.1835003029555071 5.1130582913756362 5.1637426614761344 16.898866329342127 33.558429688215256 47.97463895380497 26.480554837733507 21.31049582362175 11.523335933685301
leaf_count=137 39 18 24 12 31 261 197 14 42 30 37 96 60 794 150 16 17 28 741 14 31 19 84 153 199 161 91 43
internal_value=-0.00417366 -0.0585603 0.00395135 -0.00257182 0.0162606 0.00548841 0.0192331 0.0367218 0.0788155 0.0275592 -0.101084 -0.131699 0.0329824 -0.10666 0.10847 0.036885 0.0399095 0.0434924 0.0462237 -0.109287 0.048758 0 -0.00164704 0.005625 -0.0267762 -0.0296479 0 -0.000309375
internal_weight=676.853 122.713 554.14 233.897 320.243 207.533 164.89 116.166 51.2004 183.094 77.9628 26.3638 174.925 73.8917 40.3891 166.884 161.993 149.932 144.223 73.0815 139.506 137.149 96.5178 40.6313 79.6189 74.4552 42.6432 32.8338
internal_count=3539 1000 2539 945 1594 837 664 467 206 954 863 108 924 826 164 893 877 817 789 808 772 640 463 177 379 360 173 134
is_linear=0
shrinkage=0.285707


Tree=45
num_leaves=24
num_cat=0
split_feature=16 8 30 30 28 9 10 9 28 12 7 1 5 12 37 1 12 11 10 12 12 10 18
split_gain=2.48657 1.07759 0.936438 0.607029 1.77734 2.00491 1.84054 0.811091 1.20589 0.744182 0.570717 0.551804 0.551516 0.926295 0.205289 0.202647 0.173464 0.171123 0.350585 0.2826 0.257564 0.116236 0.0175457
threshold=1.0000000180025095e-35 2.5000000000000004 5.5000000000000009 5.5000000000000009 5.5000000000000009 1.5000000000000002 110.50000000000001 3.5000000000000004 13.500000000000002 105.05000000000001 21.500000000000004 43.500000000000007 2.5000000000000004 127.45000000000002 14.372767857142859 47.500000000000007 100.05000000000001 8.5000000000000018 1.5000000000000002 122.75000000000001 162.45000000000002 1.0000000180025095e-35 1.0000000180025095e-35
decision_type=2 2 2 2 2 2 2 2 2 2 2 2 2 2 2 2 2 2 2 2 2 2 2
left_child=2 12 10 4 17 -6 9 -5 16 -7 14 -11 13 15 22 -2 -9 18 -3 -20 -21 -18 -1
right_child=1 3 -4 7 5 6 -8 8 -10 11 -12 -13 -14 -15 -16 -17 21 -19 19 20 -22 -23 -24
leaf_value=0.079392333420135214 -0.059390333173339749 0 0 0 0 0 0 0 0 0.076784606046643694 0 0 0 0 0 0 0 0 0 -0.041455343899587473 0 -0.054814694858526386 0
leaf_weight=46.80719855055213 61.012165259569883 7.8083962276577941 12.599595218896864 22.098518192768097 21.977706287056208 9.5440359301865083 4.1500568389892569 3.3663880862295619 5.6513097658753386 94.388043187558651 3.6539279147982588 11.161928828805683 19.943881630897522 41.659907817840576 1.985447734594344 2.2570276930928221 3.7199452295899382 46.325524054467678 30.678316779434681 44.426303002983332 2.8890451341867438 64.103526206687093 6.1159438863396636
leaf_count=340 390 43 41 220 101 46 17 21 24 447 15 44 114 295 7 11 20 227 137 205 11 736 27
internal_value=0 -0.00473261 0.0498406 0 0.00986221 0.0342043 0.0517862 -0.0146026 -0.032699 0.0633585 0.0644402 0.0700159 -0.0275348 -0.0360592 0.0718772 -0.0563341 -0.0492193 0 -0.0123345 -0.0225156 -0.0350882 -0.0521993 0.0749982
internal_weight=568.324 497.162 71.1621 372.289 273.349 141.222 119.244 98.9397 76.8412 115.094 58.5625 105.55 124.873 104.929 54.9086 63.2692 71.1899 132.128 85.8021 77.9937 47.3153 67.8235 52.9231
internal_count=3539 3109 430 2299 1278 655 554 1021 801 537 389 491 810 696 374 401 777 623 396 353 216 756 367
is_linear=0
shrinkage=0.285707


Tree=46
num_leaves=20
num_cat=0
split_feature=29 30 10 33 8 19 28 36 19 37 19 36 29 1 19 36 36 36 33
split_gain=0.559332 0.874852 0.924263 0.986313 0.847076 0.702179 0.557357 0.604531 1.0414 0.346668 0.384645 0.32338 0.273345 0.101732 0.0916215 0.0469078 0.17397 0.0114798 0.0102849
threshold=5.5000000000000009 7.5000000000000009 1.5000000000000002 12.550000000000002 3.5000000000000004 33.500000000000007 8.5000000000000018 -1.0244047619047618 18.500000000000004 11.804761904761907 41.500000000000007 -1.5690476190476186 24.500000000000004 52.000000000000007 18.500000000000004 0.40238095238095278 -1.198214285714285 0.99616071428571396 12.550000000000002
decision_type=2 2 2 2 2 2 2 2 2 2 2 2 2 2 2 2 2 2 2
left_child=4 2 18 5 -1 6 7 -4 -9 -3 11 -11 13 -13 -6 16 -5 -17 -2
right_child=1 9 3 15 14 -7 -8 8 -10 10 -12 12 -14 -15 -16 17 -18 -19 -20
leaf_value=0 -0.0064362537566582051 0 0 0 0 0 0 0 0.051790253542074359 0 0 -0.055411631758152731 0 0 -0.053909251177164663 0.011735815319438911 -0.012431346682433788 0 0
leaf_weight=27.280005155131221 14.255214951932432 10.90397574007511 50.98945914208889 31.572058625519276 8.1392723768949491 28.74144821614027 7.3130024597048751 57.805662276223302 175.63740600459278 1.2092817723751057 1.8519449979066838 33.65251862257719 1.530494600534438 2.3089931830763808 26.600028308108449 24.624097347259521 89.419166008010507 28.47788130491972 5.9595728218555442
leaf_count=208 95 47 240 159 52 146 29 318 822 6 13 325 7 12 290 123 491 126 30
internal_value=0.000630214 0.00696474 0.0134416 0.0184034 -0.0163339 0.0276743 0.0321293 0.0348558 0.0409844 -0.00939742 -0.0267714 -0.0380607 -0.0457785 -0.051997 -0.046284 0 -0.00207482 0.00745155 0
internal_weight=628.271 566.252 514.795 494.58 62.0193 320.487 291.746 284.433 233.443 51.4572 40.5532 38.7013 37.492 35.9615 34.7393 174.093 120.991 53.102 20.2148
internal_count=3539 2989 2579 2454 550 1555 1409 1380 1140 410 363 350 344 337 342 899 650 249 125
is_linear=0
shrinkage=0.285707


Tree=47
num_leaves=30
num_cat=0
split_feature=30 22 3 24 23 12 24 3 24 12 36 10 35 24 30 36 15 36 36 21 24 6 18 21 12 35 36 6 12
split_gain=4.26698 4.06477 3.39181 3.51766 5.87592 3.17549 3.06825 2.35112 2.48321 2.16437 1.34226 0.89699 1.37014 0.706017 0.648429 0.638912 0.680213 0.539144 0.636804 0.497249 0.340927 0.508818 0.329694 0.285724 0.354578 0.195403 0.698076 0.249363 0.0758259
threshold=3.5000000000000004 1.0000000180025095e-35 9377.0000000000018 6.5000000000000009 7.5000000000000009 118.05000000000001 5.5000000000000009 9138.5000000000018 4.5000000000000009 114.45000000000002 1.2300000000000006 3.5000000000000004 1.7650000000000003 10.500000000000002 7.5000000000000009 1.8121428571428553 1.0000000180025095e-35 -1.2440476190476184 1.011363636363636 6.5000000000000009 3.5000000000000004 120.50000000000001 1.0000000180025095e-35 5.5000000000000009 140.10000000000002 1.2650000000000003 -0.035306818181818543 115.50000000000001 149.60000000000002
decision_type=2 2 2 2 2 2 2 2 2 2 2 2 2 2 2 2 2 2 2 2 2 2 2 2 2 2 2 2 2
left_child=1 -1 7 4 25 -6 22 11 -9 -10 -7 13 15 17 -5 16 20 -2 -19 -11 -13 -22 -3 24 -16 26 -4 -28 -29
right_child=2 6 3 14 5 10 -8 8 9 19 -12 12 -14 -15 23 -17 -18 18 -20 -21 21 -23 -24 -25 -26 -27 27 28 -30
leaf_value=0 0 -0.12043471672734497 0 0 0 -0.13412491398419782 0 0 0 0.10717631383419099 0 0 0 0 0.062339424088642403 0 0 -0.07325673023390164 0 0 0 0.073902182250496606 0 0 0 0 0 0.05560117776615011 0
leaf_weight=44.566780269145966 5.8928179666399947 59.605657278560102 14.465009711682795 38.606060519814491 34.237769395112991 58.301402930170298 13.878673646599053 26.855918675661087 16.531781814992428 68.231415901333094 5.768255077302455 8.0599185228347761 42.109365157783031 6.7217264473438254 27.614507600665096 3.5964037030935279 6.12522218376398 28.350127823650837 3.7270839214324942 4.7157771140336981 10.061997346580027 54.654013380408287 9.9101629182696325 9.5492852181196195 3.1537552475929251 27.99126111716032 3.3452576920390156 26.166914589703087 2.0807766094803801
leaf_count=137 22 892 63 210 118 216 55 87 67 336 22 26 177 24 194 13 25 104 15 18 42 240 72 30 23 138 14 148 11
internal_value=-0.00277957 -0.0505669 0.00448509 -0.0134966 -0.0415902 -0.0869221 -0.0868494 0.0287416 0.0594798 0.0815817 -0.122251 0 0.0180256 -0.0246384 0.01732 0.0417509 0.0493069 -0.0448351 -0.0589632 0.101423 0.0576622 0.0640102 -0.110657 0.0411395 0.0525929 0 0.0175024 0.0440398 0.0521829
internal_weight=664.875 127.961 536.914 251.28 172.357 98.3074 83.3945 285.634 116.335 89.479 64.0697 169.299 124.607 44.6918 78.9236 82.4976 78.9012 37.97 32.0772 72.9472 72.7759 64.716 69.5158 40.3175 30.7683 74.0492 46.058 31.5929 28.2477
internal_count=3539 1156 2383 1187 730 356 1019 1196 508 421 238 688 523 165 457 346 333 141 119 354 308 282 964 247 217 374 236 173 159
is_linear=0
shrinkage=0.285707


Tree=48
num_leaves=21
num_cat=0
split_feature=16 35 10 18 19 19 2 22 33 35 19 29 33 11 35 29 28 22 11 10
split_gain=1.67541 2.06812 0.817362 0.790864 1.28126 0.888653 0.770009 0.576544 0.444463 0.616853 0.696558 1.03025 0.442728 0.313089 0.211275 0.192572 0.833274 0.115316 0.0892664 0.0262581
threshold=1.0000000180025095e-35 1.9050000000000002 110.50000000000001 1.0000000180025095e-35 23.500000000000004 36.500000000000007 1.5000000000000002 17.500000000000004 10.100000000000003 2.7650000000000001 20.500000000000004 10.500000000000002 8.2500000000000018 9.5000000000000018 1.9050000000000002 10.500000000000002 5.5000000000000009 7.5000000000000009 1.0000000180025095e-35 7.5000000000000009
decision_type=2 2 2 2 2 2 2 2 2 2 2 2 2 2 2 2 2 2 2 2
left_child=1 -1 3 4 8 7 12 -6 9 10 11 13 -5 18 -14 16 -10 -18 -2 -17
right_child=2 -3 -4 6 5 -7 -8 -9 15 -11 -12 -13 14 -15 -16 19 17 -19 -20 -21
leaf_value=0.073304263456099472 0 0 -0.05949210617635612 0 0.047991212022534015 0 0 0 0 0 0 0 -0.061978055055397822 0 0 -0.0072287277259933252 0.035794705466569737 0 -0.075571716005216477 0
leaf_weight=49.207527348771691 2.108625315129756 19.332514517009258 15.343525446951388 3.8206749223172656 93.797096475958824 36.93587975949049 33.256135582923889 3.0119792744517317 42.640658460557461 14.835023354738949 21.871918603777885 11.682342179119585 39.575859127566218 3.7094825878739348 8.9466594997793418 35.007504101842642 66.691765870898962 5.0306729525327674 39.590394487604499 11.580050379037855
leaf_count=342 11 88 78 22 478 190 318 13 194 104 95 40 373 28 92 157 539 67 257 53
internal_value=0 0.0414199 -0.00422898 0 0.00379603 0.0280897 -0.0253503 0.042166 0 -0.0190658 -0.0319301 -0.0476863 -0.0456727 -0.0665292 -0.0538037 0 0.0114275 0.0328214 -0.0728419 0
internal_weight=557.976 68.54 489.436 474.093 388.493 133.745 85.5993 96.8091 254.748 93.7978 78.9628 57.0908 52.3432 45.4085 48.5225 160.951 114.363 71.7224 41.699 46.5876
internal_count=3539 430 3109 3031 2226 681 805 491 1545 535 431 336 487 296 465 1010 800 606 268 210
is_linear=0
shrinkage=0.285707


Tree=49
num_leaves=19
num_cat=0
split_feature=8 18 4 11 37 2 27 31 25 31 25 35 33 31 2 37 2 31
split_gain=0.301019 0.582911 0.743395 0.72492 1.1349 0.635371 0.361519 0.354843 0.202579 0.41996 0.247655 0.113931 0.611491 0.407943 0.191783 0.0514466 0.00429384 0.00204789
threshold=20.500000000000004 1.0000000180025095e-35 1.0000000180025095e-35 1.5000000000000002 12.897321428571429 5.5000000000000009 4.5000000000000009 13.597500000000002 11.267857142857144 11.719642857142858 13.332380952380955 1.7650000000000003 9.1500000000000021 10.836666666666668 4.5000000000000009 11.129166666666668 1.5000000000000002 13.303125000000003
decision_type=2 2 2 2 2 2 2 2 2 2 2 2 2 2 2 2 2 2
left_child=1 2 -1 -4 5 6 7 -5 16 10 15 12 -3 -14 -15 -10 -2 -11
right_child=8 11 3 4 -6 -7 -8 -9 9 17 -12 -13 13 14 -16 -17 -18 -19
leaf_value=0 0.0024298333073415851 0 0 0.043902454716626571 0 0 0 0 0 0.00073552762707231891 0 0 0 -0.052781100764964055 0 -0.042201571816669566 0 -0.0017304903028182339
leaf_weight=15.831033512949942 53.354483369737864 3.2640408277511588 15.957947300747035 198.38214280456305 70.964973229914904 5.8709610104560843 8.8471143245697004 5.6432659178972235 6.4917281325906506 73.839821612462401 5.4554334394633761 30.166284535080194 7.7412376105785361 32.817266456782818 1.8864565864205349 36.824838828295469 14.105571700260041 35.38570923358202
leaf_count=99 334 19 94 892 486 25 40 20 43 408 25 203 37 231 20 156 92 315
internal_value=0.000177553 0.00763817 0.0147358 0.0205638 0.0254124 0.0355229 0.0391494 0.0416861 -0.00213738 -0.0103573 -0.0307718 0 -0.0134095 -0.0349576 -0.0476683 -0.038229 0 0
internal_weight=622.83 397.373 321.497 305.666 289.708 218.743 212.873 204.025 225.458 157.998 48.772 75.8753 45.709 42.445 34.7037 43.3166 67.4601 109.226
internal_count=3539 2166 1656 1557 1463 977 952 912 1373 947 224 510 307 288 251 199 426 723
is_linear=0
shrinkage=0.285707


Tree=50
num_leaves=19
num_cat=0
split_feature=30 22 19 19 6 30 10 36 29 26 36 19 31 31 29 26 31 36
split_gain=2.74665 3.00897 1.37062 0.896236 1.32729 1.55705 0.987333 0.718135 0.653259 0.446841 0.380241 0.3663 0.693221 0.341539 0.281739 0.39825 0.1635 0.0606448
threshold=3.5000000000000004 1.0000000180025095e-35 22.500000000000004 31.500000000000004 148.45000000000002 11.500000000000002 1.0000000180025095e-35 -1.1641414141414133 17.500000000000004 1.0000000180025095e-35 1.3383838383838402 18.500000000000004 13.715476190476194 15.414285714285716 15.500000000000002 1.5000000000000002 10.585714285714287 1.9177083333333329
decision_type=2 2 2 2 2 2 2 2 2 2 2 2 2 2 2 2 2 2
left_child=1 -1 11 4 5 6 -4 -8 9 13 -9 -2 14 -3 15 16 -13 -18
right_child=2 8 3 -5 -6 -7 7 10 -10 -11 -12 12 -14 -15 -16 -17 17 -19
leaf_value=0 0 -0.090756765657858146 0 0 0 0 0 -0.092725867770953055 0 0 0 0 0 0 0 0 0.036863349677884051 0
leaf_weight=44.524720042943954 123.70936813950539 64.869400291703641 2.8480069041252127 65.959333904087543 13.361931823194025 7.4673396795988074 4.5968100596219292 52.193281944841146 2.1340533159673205 8.1519023030996305 6.0970936119556418 5.2061055749654761 46.04174454882741 1.5798705182969559 8.6670429557561857 5.7645550668239585 182.46273034065962 3.2901356965303412
leaf_count=137 649 897 9 256 51 25 18 211 12 103 23 21 282 7 29 19 779 11
internal_value=-0.00168615 -0.0416265 0.0032207 -0.0116698 -0.0319917 -0.0506346 -0.0678398 -0.0772155 -0.0750565 -0.0802752 -0.0854407 0.0158561 0.0220992 -0.0875925 0.0293668 0.0318232 0.0347477 0.0361908
internal_weight=648.925 121.26 527.665 152.524 86.5645 73.2025 65.7352 62.8872 76.7352 74.6012 58.2904 375.142 251.432 66.4493 205.391 196.724 190.959 185.753
internal_count=3539 1156 2383 593 337 286 261 252 1019 1007 234 1790 1141 904 859 830 811 790
is_linear=0
shrinkage=0.285707


Tree=51
num_leaves=22
num_cat=0
split_feature=16 13 5 10 37 1 36 30 36 37 37 17 10 30 36 31 31 33 37 36 1
split_gain=1.0679 1.14503 1.84792 1.67927 1.55184 0.950032 0.770021 0.638575 0.560396 0.564035 0.402226 0.694591 0.705642 0.827966 0.599068 0.204995 0.161347 0.160639 0.0778617 0.0384911 0.0344006
threshold=1.0000000180025095e-35 1.0000000180025095e-35 1.5000000000000002 1.5000000000000002 5.354166666666667 40.500000000000007 -12.071428571428569 5.5000000000000009 1.9177083333333329 15.438541666666667 5.5625000000000009 1.0000000180025095e-35 110.50000000000001 7.5000000000000009 1.8864087301587287 13.395625000000001 13.506428571428573 12.550000000000002 12.736904761904762 -1.3999999999999992 43.500000000000007
decision_type=2 2 2 2 2 2 2 2 2 2 2 2 2 2 2 2 2 2 2 2 2
left_child=7 2 3 -2 -5 6 -6 15 9 -8 17 -12 13 14 16 -1 19 -3 20 -13 -4
right_child=1 10 18 4 5 -7 8 -9 -10 -11 11 12 -14 -15 -16 -17 -18 -19 -20 -21 -22
leaf_value=0.052724026786536114 0 -0.018067096740022347 0.017687057973357293 0 0 0 -0.084599128446534486 0 0 0 0 0 0 0 0 0 0 0 0 0.074259436187607164 0
leaf_weight=46.898781238123775 9.4493445344269258 34.160113628953695 23.281921897083521 19.725201789289713 2.6282335817813864 28.311381779611111 98.629462789744139 12.491243854165075 10.256691198796032 1.7911199592053879 132.77246793545783 10.276273183524607 3.5993024855852118 7.0426950864493838 4.8388958871364585 7.1403685733675948 7.0555337369441977 17.233724363148212 18.915702430531383 44.804525177925825 11.567003127187489
leaf_count=364 52 147 133 118 14 130 679 41 48 20 1137 47 15 42 19 25 63 69 119 208 49
internal_value=0 -0.00426375 -0.0210462 -0.0378261 -0.0482772 -0.0591622 -0.0705736 0.0328373 -0.0750432 -0.0812649 0.00104029 0.0123719 0.0327728 0.0429198 0.0542758 0.04659 0.0622303 0 0 0.0673457 0.0124719
internal_weight=552.87 486.34 224.556 170.791 161.342 141.617 113.306 66.5304 110.677 100.421 261.784 210.39 77.6172 74.0179 66.9752 54.0391 62.1363 51.3938 53.7646 55.0808 34.8489
internal_count=3539 3109 1362 1061 1009 891 761 430 747 699 1747 1531 394 379 337 389 318 216 301 255 182
is_linear=0
shrinkage=0.285707


Tree=52
num_leaves=21
num_cat=0
split_feature=6 11 3 5 29 31 6 29 11 6 5 22 31 3 21 9 2 11 3 11
split_gain=0.409027 1.93918 1.3138 1.20709 0.799949 0.735457 0.798788 1.29233 0.725132 0.704444 0.722844 0.692517 0.612855 0.368473 0.488773 0.289114 0.276355 0.232099 0.214007 0.152284
threshold=133.05000000000004 3.5000000000000004 9124.5000000000018 1.5000000000000002 5.5000000000000009 11.82666666666667 133.55000000000004 4.5000000000000009 156.50000000000003 161.50000000000003 28.500000000000004 9.5000000000000018 15.005555555555558 8508.5000000000018 1.5000000000000002 4.5000000000000009 5.5000000000000009 4.5000000000000009 9922.0000000000018 2.5000000000000004
decision_type=2 2 2 2 2 2 2 2 2 2 2 2 2 2 2 2 2 2 2 2
left_child=1 15 5 4 -3 6 -2 -8 9 10 -4 12 13 -6 16 -1 -15 -7 -17 -9
right_child=2 3 8 -5 11 17 7 19 -10 -11 -12 -13 -14 14 -16 18 -18 -19 -20 -21
leaf_value=0 0 0 -0.041112029064429338 0 0 0 0 0 0 0 0 0 0 0.051118503921901204 0 -0.046523934368385977 0 -0.02011307270918871 0 0.097914477718572424
leaf_weight=29.875064838677645 10.802434502169488 19.433958623558283 161.11685804091394 26.237260976806283 6.5792890638113013 20.628354724496603 17.114042405039072 2.5924834832549122 4.4278109967708579 5.5139801055192939 7.2661579232662907 11.436623051762579 2.5661297515034667 195.62701030448079 4.1726103741675606 23.585214784368876 8.3023745678365213 40.822537174448371 2.9454612601548424 19.891315272077918
leaf_count=159 84 174 1081 158 39 98 101 12 16 41 44 58 32 921 20 135 37 234 14 81
internal_value=0 0.0092281 -0.00398755 0.0241842 0.0321401 0.00662486 0.0339988 0.0534727 -0.0240681 -0.0303733 -0.0357971 0.0373732 0.041491 0.0443644 0.0465742 -0.0191926 0.0490134 0 -0.0378384 0.0909876
internal_weight=620.937 330.761 290.176 274.355 248.118 111.851 50.4003 39.5978 178.325 173.897 168.383 228.684 217.247 214.681 208.102 56.4057 203.929 61.4509 26.5307 22.4838
internal_count=3539 1747 1792 1439 1281 610 278 194 1182 1166 1125 1107 1049 1017 978 308 958 332 149 93
is_linear=0
shrinkage=0.285707


Tree=53
num_leaves=22
num_cat=0
split_feature=18 30 2 24 2 12 22 30 33 35 15 33 10 26 26 2 12 16 31 30 29
split_gain=2.37033 2.46668 2.12093 1.21914 1.18512 1.30919 1.16064 4.69475 2.76335 1.17103 1.46042 1.15204 0.866703 0.55281 0.467746 0.455611 0.439597 0.395826 0.336079 0.0735819 0.0516431
threshold=1.0000000180025095e-35 4.5000000000000009 1.5000000000000002 5.5000000000000009 5.5000000000000009 136.05000000000004 6.5000000000000009 6.5000000000000009 8.2500000000000018 -3.5899999999999994 1.0000000180025095e-35 8.2500000000000018 1.0000000180025095e-35 1.0000000180025095e-35 1.0000000180025095e-35 5.5000000000000009 162.45000000000002 1.0000000180025095e-35 14.330952380952382 10.500000000000002 11.500000000000002
decision_type=2 2 2 2 2 2 2 2 2 2 2 2 2 2 2 2 2 2 2 2 2
left_child=1 3 11 4 5 12 9 8 -8 -3 15 -2 -1 18 16 -11 17 -13 -14 20 -9
right_child=2 6 -4 -5 -6 -7 7 19 -10 10 -12 14 13 -15 -16 -17 -18 -19 -20 -21 -22
leaf_value=0 0 0 0 0 0 0 0 0 -0.13382608889227837 0.045032389386928336 0 0 -0.090791598676002561 0 0 0 0 0.073891515319480641 0 0.014069487046737652 -0.012090734565002413
leaf_weight=3.9217279357835642 4.0972448363900176 14.427310124039648 60.505236538127065 26.461568197235465 2.922288777306675 39.573100513778627 7.591418705880641 51.014737904071808 30.329257959499955 144.23805131390691 14.247987069189547 5.0314953066408625 82.864984167739749 10.795027203857897 4.5251826755702487 3.5749767869710913 2.0160348713397971 82.303825352340937 3.3009532243013373 24.331705078482628 22.825807951390743
leaf_count=52 23 60 330 96 24 266 52 290 107 633 51 25 777 89 20 14 7 450 15 85 73
internal_value=0 -0.013179 0.025701 -0.0403415 -0.0508121 -0.0573922 0 -0.0172003 -0.0983879 0.0169932 0.0297035 0.0520559 -0.0742498 -0.0800628 0.0613386 0.0417014 0.0658889 0.0694228 -0.087466 0 0
internal_weight=640.9 482.421 158.479 169.84 143.378 140.456 312.581 136.093 37.9207 176.488 162.061 97.9738 100.883 96.961 93.8765 147.813 89.3514 87.3353 86.1659 98.1723 73.8405
internal_count=3539 2684 855 1319 1223 1199 1365 607 159 758 698 525 933 881 502 647 482 475 792 448 363
is_linear=0
shrinkage=0.285707


Tree=54
num_leaves=17
num_cat=0
split_feature=18 19 6 25 5 19 23 6 9 28 33 23 33 33 29 31
split_gain=0.682905 1.48588 1.19572 0.756058 0.303714 0.418054 0.782822 0.297794 0.261256 0.344432 0.23705 0.129904 0.574682 0.404916 0.0475405 0.00448398
threshold=1.0000000180025095e-35 23.500000000000004 136.50000000000003 13.160476190476194 39.500000000000007 32.500000000000007 6.5000000000000009 144.50000000000003 37.500000000000007 6.5000000000000009 15.850000000000001 8.5000000000000018 10.100000000000003 15.850000000000001 13.500000000000002 12.303846153846157
decision_type=2 2 2 2 2 2 2 2 2 2 2 2 2 2 2 2
left_child=1 8 4 7 5 6 -3 -2 11 10 -10 12 -1 14 -14 -13
right_child=3 2 -4 -5 -6 -7 -8 -9 9 -11 -12 15 13 -15 -16 -17
leaf_value=0 -0.044435291799144343 0 0 0 0 0 0.079265915724103353 0 -0.03964019948939447 0 0 0 0.034476606853520636 0 0 -0.0028851634525853568
leaf_weight=47.794940372928977 56.705501703545451 8.8196380920708162 46.127782186493278 24.301753576844931 4.3767205476760855 50.573227500542998 51.229427626356483 10.269367521628736 37.767599606886506 9.4688068814575654 3.4719960987567893 71.101783607155085 73.447741951793432 9.711648326367138 1.7223168611526478 37.959758020937443
leaf_count=325 440 88 255 354 21 295 257 61 212 74 18 320 533 59 8 219
internal_value=0 0.006247 0.0288617 -0.0197138 0.0442392 0.0473615 0.0669098 -0.0369272 0 -0.0193905 -0.0323475 0 0.00874407 0.0251549 0.0334008 0
internal_weight=544.85 453.573 161.127 91.2766 114.999 110.622 60.0491 66.9749 292.447 50.7084 41.2396 241.738 132.677 84.8817 75.1701 109.062
internal_count=3539 2684 916 855 661 640 345 501 1768 304 230 1464 925 600 541 539
is_linear=0
shrinkage=0.285707


Tree=55
num_leaves=30
num_cat=0
split_feature=29 30 11 19 12 6 27 11 37 29 12 19 29 12 33 11 19 24 29 34 29 29 12 31 31 12 37 31 12
split_gain=0.255723 0.412807 0.453235 0.51003 0.618104 1.84621 1.51018 1.61644 0.574238 0.591595 0.303111 0.23132 0.180361 1.11912 0.250515 0.394362 0.111087 0.409613 0.377314 0.274815 0.0870567 0.083202 0.191114 0.165952 0.190213 0.589325 0.155772 0.147293 0.00665281
threshold=5.5000000000000009 7.5000000000000009 1.0000000180025095e-35 42.500000000000007 120.85000000000001 133.55000000000004 1.0000000180025095e-35 8.5000000000000018 14.500625000000001 12.500000000000002 163.35000000000005 18.500000000000004 9.5000000000000018 130.95000000000002 10.950000000000001 4.5000000000000009 41.500000000000007 6.5000000000000009 14.500000000000002 3.2500000000000004 17.500000000000004 9.5000000000000018 104.05000000000001 11.760714285714288 12.909545454545457 116.15000000000002 5.9691666666666672 12.824732142857146 124.75000000000001
decision_type=2 2 2 2 2 2 2 2 2 2 2 2 2 2 2 2 2 2 2 2 2 2 2 2 2 2 2 2 2
left_child=10 2 -2 4 21 6 7 8 9 -6 11 -1 14 -14 -7 -16 17 -3 19 -19 -15 23 -23 -4 25 -25 -24 -28 -17
right_child=1 16 3 -5 5 12 -8 -9 -10 -11 -12 -13 13 20 15 28 -18 18 -20 -21 -22 22 26 24 -26 -27 27 -29 -30
leaf_value=0 0 0 0 0 0.096833793888966055 0 0 0 0 0 0 -0.033995686517634585 0 0.047650826876806621 0 0 0 -0.056651041024465373 0 0 0 0 0 0.056719243372742548 0 0 -0.026098807911447357 0 -0.04139188609641254
leaf_weight=16.958963040262461 8.4978386014699918 5.2043747976422301 42.649001929908991 14.365598846226929 65.831793535500765 49.77790343016386 9.8537893146276456 44.905895698815584 2.1672455407679072 10.801002517342566 2.1917424499988547 41.332334238104522 19.71207732707262 42.847557533532381 13.501397291198371 4.5109883807599571 2.8841923251748076 23.819396276026968 14.798268079757689 1.8112307116389263 3.372406765818595 11.993180979043244 4.9650386013090602 19.838547848165035 27.327906347811222 16.033230844885111 54.400737881660461 13.434450455009936 26.33955193310976
leaf_count=104 63 30 218 94 321 307 49 214 23 36 14 432 74 155 85 27 18 275 74 13 11 47 33 96 174 87 188 54 223
internal_value=0 0.00417372 0.00920517 0.0126284 0.0157818 0.0239984 0.0481265 0.0586723 0.0825889 0.0869884 -0.0129146 -0.0236062 0 0.0131708 -0.00473232 -0.0212265 0 -0.0132508 -0.030253 -0.0481318 0.0445863 0 -0.0029872 0.00731246 0.0167973 0.0289304 -0.0144301 -0.0198599 -0.0385861
internal_weight=616.128 555.645 507.127 498.629 484.264 293.622 133.56 123.706 78.8 76.6328 60.483 58.2913 160.062 65.932 94.1298 44.3519 48.5175 45.6333 40.4289 25.6306 46.22 190.642 84.7934 105.849 63.1997 35.8718 72.8002 67.8352 30.8505
internal_count=3539 2989 2579 2516 2422 1525 643 594 380 357 550 536 882 240 642 335 410 392 362 288 166 897 322 575 357 183 275 242 250
is_linear=0
shrinkage=0.285707


Tree=56
num_leaves=27
num_cat=0
split_feature=24 3 12 11 6 15 1 11 3 12 24 6 3 17 33 12 12 12 37 7 12 37 33 34 37 37
split_gain=1.55363 2.85372 1.06237 3.05113 1.63499 1.14744 1.78336 0.9084 1.33439 0.905827 0.832209 0.816236 0.719851 1.65293 0.771565 0.627045 0.556288 0.507756 0.3029 0.306452 0.0658718 0.168787 0.0730638 0.0565537 0.308722 0.18992
threshold=3.5000000000000004 8508.5000000000018 120.85000000000001 7.5000000000000009 133.55000000000004 1.0000000180025095e-35 40.500000000000007 7.5000000000000009 9036.5000000000018 98.800000000000026 7.5000000000000009 102.50000000000001 9377.0000000000018 1.0000000180025095e-35 9.1500000000000021 152.95000000000002 151.05000000000004 100.05000000000001 12.801515151515154 21.500000000000004 116.35000000000001 13.530059523809525 9.1500000000000021 2.0000000000000004 13.920659722222224 11.230303030303032
decision_type=2 2 2 2 2 2 2 2 2 2 2 2 2 2 2 2 2 2 2 2 2 2 2 2 2 2
left_child=1 -1 3 5 7 6 9 8 -4 -2 15 -11 13 14 -6 -10 17 -3 19 -19 21 22 -5 24 25 -14
right_child=2 16 4 20 12 -7 -8 -9 10 11 -12 -13 23 -15 -16 -17 -18 18 -20 -21 -22 -23 -24 -25 -26 -27
leaf_value=0 0 0 0 0 0 0 0 0 -0.075886078589870551 0 0 0.093606989307088634 0 0 0.065805824621410478 0 0 -0.095427113935392355 0 0 0 0 -0.02536407017615442 0 0 -0.032978978865955133
leaf_weight=46.039169700816274 2.086899332702159 2.2105464776977888 12.451494345441459 7.1070125531405202 15.724545665085314 8.595146398060022 17.864734757691622 61.317257720045745 67.51909907720983 2.3066338375210753 6.6446848139166823 75.983966512605548 3.0121846403926602 32.32634515594691 56.151420064270496 3.2852546833455554 3.4610542468726626 48.146799214184284 6.113937407732009 0.86818563938140769 29.833301931619644 4.4910173043608657 33.03370413929224 33.378384232521057 13.65875371173024 35.657905131578445
leaf_count=178 8 40 49 35 70 41 68 287 327 10 29 356 16 144 292 15 34 706 31 11 139 24 139 202 108 180
internal_value=0 -0.0330997 0.00245395 0.0218707 -0.000936746 0.0547812 0.0643958 -0.0277694 -0.045136 0.0817891 -0.0603847 0.0879327 0.0079943 0.0254314 0.051454 -0.0696138 -0.0730558 -0.0796588 -0.0851637 -0.0922391 0 -0.0103041 -0.0203725 0 -0.00889546 -0.0258326
internal_weight=629.269 106.84 522.43 181.302 341.127 106.837 98.2422 151.218 89.9005 80.3775 77.449 78.2906 189.91 104.202 71.876 70.8044 60.8005 57.3395 55.1289 49.015 74.465 44.6317 40.1407 85.7072 52.3288 38.6701
internal_count=3539 1000 2539 820 1719 483 442 707 420 374 371 366 1012 506 362 342 822 788 748 717 337 198 174 506 304 196
is_linear=0
shrinkage=0.285707


Tree=57
num_leaves=24
num_cat=0
split_feature=10 3 13 36 12 11 10 12 18 10 11 12 8 3 37 12 25 37 12 8 37 37 5
split_gain=0.8713 1.01693 1.96246 2.09983 0.766054 0.756447 0.84438 0.640893 0.50627 0.453905 0.496486 0.412853 0.523374 0.172118 0.821708 0.763448 0.356373 0.0945731 0.062268 0.361551 0.0316613 0.261219 0.0252506
threshold=110.50000000000001 9102.0000000000018 1.0000000180025095e-35 0.76838235294117585 142.35000000000005 8.5000000000000018 1.5000000000000002 152.95000000000002 1.0000000180025095e-35 6.5000000000000009 1.5000000000000002 106.45000000000002 36.500000000000007 9377.0000000000018 12.585227272727275 117.85000000000001 12.246428571428574 5.1250000000000009 143.15000000000001 11.500000000000002 5.1250000000000009 11.973214285714286 13.000000000000002
decision_type=2 2 2 2 2 2 2 2 2 2 2 2 2 2 2 2 2 2 2 2 2 2 2
left_child=1 5 8 4 11 6 -1 9 13 10 -8 -4 17 20 15 -15 -17 -13 19 -7 -3 -22 -10
right_child=-2 2 3 -5 -6 18 7 -9 22 -11 -12 12 -14 14 -16 16 -18 -19 -20 -21 21 -23 -24
leaf_value=0 -0.055094616592924313 0 0 0 0 0 0 0 -0.038723047102853736 0 -0.06342181053862099 0 0 0 0 0.067497143138268073 0 0.079316566596297183 0 0.032809985005066135 -0.026382481988738601 0 0
leaf_weight=9.7843390814959985 15.550776520743964 8.0301001854240877 8.431351946666835 40.521336499601603 8.6939911488443595 15.856703139841555 3.9957114197313777 9.6551563926041108 22.923824092373255 31.509565591812134 60.835390521213412 7.9170095790177575 40.870598513633013 18.205199457705021 24.287453137338161 31.859610227867961 9.8978858124464733 82.788065522909164 9.8514384683221561 26.126238154247403 28.336857851594687 24.002145765349269 1.8852833993732918
leaf_count=48 81 92 52 264 69 86 16 58 232 191 335 83 329 95 186 171 44 591 58 170 129 141 18
internal_value=0 0.00326481 0.014846 0.0351026 0.0516026 -0.00691866 -0.0239841 -0.0352258 0 -0.0432324 -0.0567748 0.0570054 0.0607758 0 0.0124762 0.0350663 0.0547986 0.075474 0 0.010291 0 -0.00665525 -0.0366179
internal_weight=541.816 526.265 358.651 189.222 148.701 167.615 115.78 105.996 169.428 96.3407 64.8311 140.007 131.576 144.619 84.2501 59.9627 41.7575 90.7051 51.8344 41.9829 60.3691 52.339 24.8091
internal_count=3539 3458 2496 1388 1124 962 648 600 1108 542 351 1055 1003 858 496 310 215 674 314 256 362 270 250
is_linear=0
shrinkage=0.285707


Tree=58
num_leaves=32
num_cat=0
split_feature=13 12 29 28 19 11 3 28 12 10 12 6 34 31 11 19 29 6 3 6 12 31 31 6 3 12 36 6 3 19 19
split_gain=0.1958 0.794697 0.712077 0.862668 0.690035 0.707464 0.936176 0.642883 0.731449 0.569851 0.243192 0.133728 0.709128 0.648599 0.724148 0.597621 0.351526 0.209489 0.114198 0.160468 0.0817652 0.0661654 0.065922 0.0642593 0.165783 0.0395667 0.0312999 0.0286371 0.00799865 1.95925e-07 0.074733
threshold=1.0000000180025095e-35 120.85000000000001 6.5000000000000009 8.5000000000000018 41.500000000000007 8.5000000000000018 9192.5000000000018 6.5000000000000009 112.65000000000002 1.5000000000000002 142.35000000000005 146.50000000000003 2.7000000000000006 13.805555555555559 4.5000000000000009 31.500000000000004 4.5000000000000009 119.05000000000001 4092.5000000000005 133.05000000000004 124.25000000000001 1.0000000180025095e-35 14.279107142857145 133.05000000000004 9124.5000000000018 139.85000000000005 -1.6666666666666667 162.50000000000003 9528.0000000000018 19.500000000000004 35.500000000000007
decision_type=2 2 2 2 2 2 2 2 2 2 2 2 2 2 2 2 2 2 2 2 2 2 2 2 2 2 2 2 2 2 2
left_child=2 7 23 4 5 6 9 8 -2 -4 26 12 13 14 -3 16 -16 -18 -10 21 -14 -20 -23 -1 -25 -22 -11 28 -13 -8 -31
right_child=1 11 3 -5 -6 -7 29 -9 18 10 -12 27 20 -15 15 -17 17 -19 19 -21 25 22 -24 24 -26 -27 -28 -29 -30 30 -32
leaf_value=0 0 0 0 0 0 0 0 0 0 0 0 -0.0099104313397900667 0 0 0 0 0 0.055786982952211198 0 0 -0.019354747960832707 -0.06328214157850863 0 0 -0.030426815117243079 0 0.086513621356260811 0 0 0.0115341316385771 0
leaf_weight=23.139107723720372 31.438235456123948 39.932281707413495 3.0625082943588486 23.749648820608854 11.838599095121024 66.333010768517852 23.080866366624832 27.139883367344737 2.4792252629995337 3.5960355065762988 6.9471451565623275 24.437062123790387 7.0818231701850918 16.775172747671604 6.8316195756196967 2.9413023693487039 2.6382200121879569 82.490716861560941 2.9875648180022827 4.5248402878642073 20.42767648212612 47.167765103280544 2.3392435908317557 10.501832412555816 14.272112803533672 3.7114897575229397 47.597508702427149 5.1427453514188519 5.3078416250646105 39.843746414408088 4.2045270241796961
leaf_count=210 163 200 18 134 72 318 143 163 14 20 38 165 38 166 46 18 15 413 43 29 133 213 19 95 175 23 185 32 34 184 20
internal_value=0 -0.00281285 0.00683564 0.0173845 0.0258332 0.031423 0.0436441 -0.023336 -0.0351897 0.0703146 0.0768457 0 0.00760299 0.0208926 0.0294005 0.0423344 0.0484142 0.0532398 -0.0523832 -0.0547707 0 -0.0587854 -0.0611471 0 -0.0130533 -0.0148785 0.0834832 0 -0.00808557 0 1.7874e-05
internal_weight=613.961 335.795 278.167 230.254 206.504 194.665 128.332 118.077 90.9369 61.2032 58.1407 217.718 182.83 151.609 134.834 94.9019 91.9606 85.1289 59.4986 57.0194 31.221 52.4946 49.507 47.9131 24.7739 24.1392 51.1935 34.8876 29.7449 67.1291 44.0483
internal_count=3539 1927 1612 1132 998 926 608 644 481 261 243 1283 1052 858 692 492 474 428 318 304 194 275 232 480 270 156 205 231 199 347 204
is_linear=0
shrinkage=0.285707


Tree=59
num_leaves=26
num_cat=0
split_feature=18 33 3 25 2 33 23 15 12 27 36 36 3 1 3 23 12 2 23 12 25 1 25 25 25
split_gain=1.0843 1.47602 2.09202 1.42758 1.37666 0.856786 0.750075 0.744195 0.669642 0.52314 0.506283 0.406523 0.708976 0.368231 0.785915 0.310566 0.272052 0.251257 0.373354 0.282757 0.135473 0.0590527 0.0605259 0.0252568 0.00383883
threshold=1.0000000180025095e-35 10.100000000000003 9246.0000000000018 14.63068181818182 1.5000000000000002 8.2500000000000018 9.5000000000000018 1.0000000180025095e-35 118.05000000000001 8.5000000000000018 1.9714285714285718 -0.72380952380952379 9922.0000000000018 16.500000000000004 9192.5000000000018 5.5000000000000009 161.65000000000003 1.5000000000000002 20.500000000000004 155.55000000000004 1.0000000180025095e-35 43.500000000000007 10.450000000000001 14.586428571428572 12.164583333333335
decision_type=2 2 2 2 2 2 2 2 2 2 2 2 2 2 2 2 2 2 2 2 2 2 2 2 2
left_child=1 6 13 8 5 -2 7 10 -4 15 21 -7 16 -3 -15 -10 20 18 19 -8 -13 22 -1 -24 -6
right_child=4 2 3 -5 24 11 17 -9 9 -11 -12 12 -14 14 -16 -17 -18 -19 -20 -21 -22 -23 23 -25 -26
leaf_value=0 0 0.015054395479932866 0 0 0 0 -0.04086949992778937 0 0 0 0 0 0 -0.028714827197771971 0 -0.078812080961804989 0 0 0 0 0.073083912822447916 0 0.046867066325239237 0 -0.0026666041335723753
leaf_weight=12.270718760788439 4.0116308890283099 66.917879475280643 38.752223578281701 9.6163305267691594 21.933229427784681 16.834821587428451 38.332066433504224 9.5020464416593295 4.2166009298525742 2.2859260290861121 3.1620083581656209 6.8587310891598454 3.5877034962177268 88.202490446623415 9.0919108623638731 85.698715173639357 2.3304541260004035 14.588820838835089 2.8448388874530783 2.4157988727092734 60.580602571368217 2.6684881187975398 73.863551343791187 5.573465332388877 38.056874841451645
leaf_count=116 23 328 238 61 90 89 216 74 71 7 21 28 14 522 53 470 8 78 10 11 363 10 366 32 240
internal_value=0 -0.00910495 -0.0226629 -0.0474764 0.0174974 0.0401344 0.00137041 0.0233331 -0.0571233 -0.0714645 0.0343664 0.04904 0.0577332 0 -0.0114442 -0.0753262 0.0652273 0 -0.020334 -0.0330212 0.0684977 0.0403723 0.0415182 0.0450458 0
internal_weight=624.198 470.004 304.782 140.57 154.194 94.2039 165.222 107.04 130.953 92.2012 97.5382 90.1923 73.3575 164.212 97.2944 89.9153 69.7698 58.1815 43.5927 40.7479 67.4393 94.3762 91.7077 79.437 59.9901
internal_count=3539 2684 1750 847 855 525 934 619 786 548 545 502 413 903 575 541 399 315 237 227 391 524 514 398 330
is_linear=0
shrinkage=0.285707


Tree=60
num_leaves=20
num_cat=0
split_feature=8 10 6 19 36 37 6 10 16 19 6 36 37 6 36 12 6 36 36
split_gain=0.600989 1.79093 0.768245 0.597012 0.540404 0.570536 0.575083 0.33724 0.617975 0.323807 0.635922 0.222245 0.139454 0.0482576 0.0350464 0.0197973 0.0139551 0.16714 0.225719
threshold=29.500000000000004 8.5000000000000018 107.50000000000001 24.500000000000004 -7.4999999999999991 14.654523809523811 155.50000000000003 7.5000000000000009 1.0000000180025095e-35 31.500000000000004 149.50000000000003 -1.7480158730158732 12.538039811066129 119.05000000000001 11.250000000000002 142.10000000000002 119.05000000000001 0.73974358974359167 -1.3999999999999992
decision_type=2 2 2 2 2 2 2 2 2 2 2 2 2 2 2 2 2 2 2
left_child=3 2 -2 4 -1 6 7 8 -6 10 13 -10 -4 -5 -13 -15 -3 18 -18
right_child=1 16 12 9 5 -7 -8 -9 11 -11 -12 14 -14 15 -16 -17 17 -19 -20
leaf_value=0 0 0 0.06200114254401605 0 0 0 0 0 0 0 0 -0.044095596526127573 0 0.050776853448797642 0 0 0 0 -0.020543004812180056
leaf_weight=9.8537290021777135 2.8522583842277518 16.473449815064669 59.223124258220196 2.5719910711050025 18.576886087656021 9.7887253481894714 12.439821179956196 61.430296793580055 8.3093603104352933 18.537321457639337 8.0910865515470487 150.28688919730484 23.994887948967516 26.528476210311059 2.0875219106674185 3.5341152176260939 11.933057259768246 22.981740541756153 72.677245234139264
leaf_count=61 15 102 340 13 91 110 73 442 44 113 43 996 214 156 6 22 72 122 504
internal_value=0 0.0118759 0.0438029 -0.00741235 -0.015538 -0.0203544 -0.0246915 -0.0288218 -0.0354219 0 0.0237812 -0.0411965 0.051796 0.0450241 -0.0435974 0.0477587 0 -0.00316659 -0.012772
internal_weight=542.172 210.136 86.0703 332.036 272.773 262.92 253.131 240.691 179.261 59.263 40.7257 160.684 83.218 32.6346 152.374 30.0626 124.065 107.592 84.6103
internal_count=3539 1369 569 2170 1823 1762 1652 1579 1137 347 234 1046 554 191 1002 178 800 698 576
is_linear=0
shrinkage=0.285707


Tree=61
num_leaves=23
num_cat=0
split_feature=1 11 6 12 13 19 8 12 10 10 11 12 11 12 12 6 12 10 12 12 12 12
split_gain=0.143604 0.486226 1.01014 0.827739 0.794686 0.745474 0.865638 0.441252 0.437531 0.396825 0.517089 0.578506 0.903004 0.344575 0.329348 0.287034 0.373536 0.333473 0.283268 0.273874 0.116366 0.0800291
threshold=42.500000000000007 3.5000000000000004 133.05000000000004 132.95000000000002 1.0000000180025095e-35 41.500000000000007 37.500000000000007 118.25000000000001 8.5000000000000018 3.5000000000000004 156.50000000000003 144.75000000000003 6.5000000000000009 111.55000000000001 105.85000000000001 114.50000000000001 145.10000000000002 1.5000000000000002 132.95000000000002 100.05000000000001 101.15000000000002 150.40000000000003
decision_type=2 2 2 2 2 2 2 2 2 2 2 2 2 2 2 2 2 2 2 2 2 2
left_child=1 3 4 8 5 6 14 13 20 -4 11 12 -11 -6 -3 -2 17 -17 -9 -14 -1 -16
right_child=15 2 9 -5 7 -7 -8 18 -10 10 -12 -13 19 -15 21 16 -18 -19 -20 -21 -22 -23
leaf_value=0 0 0 0 0 0 0 0 0.022568717625100782 0 0 0 0 0 -0.033370269109073543 0.060285159212867687 0 0 0.033551557263455184 0 -0.05128209731170949 -0.051297362955169491 0
leaf_weight=2.3423298690468064 5.7556355874985448 5.9077195078134528 25.885758075863123 27.018137192353606 19.273556992411613 4.4024095609784117 12.609013717621563 71.302608331665397 9.4545202907174808 43.9257273664698 4.6142346486449233 18.886125231161714 5.9935999736189833 36.993704018183053 71.796051942743361 4.0379819571971884 15.516979761421679 75.348289495334029 9.5107532441616041 88.051495376043022 52.416848893277347 2.6603281311690798
leaf_count=19 33 28 152 169 100 37 68 397 57 280 18 151 34 196 362 26 85 350 54 602 307 14
internal_value=0 -0.0015689 0 -0.0205254 0.0148427 0.0337616 0.0424889 0 -0.0393132 -0.0123473 -0.0192205 -0.0252795 -0.0324169 -0.0178134 0.05373 0.00989519 0.0183215 0.027454 0.0136835 -0.0474224 -0.0487205 0.0585915
internal_weight=613.704 513.045 421.813 91.2318 234.456 97.3755 92.9731 137.081 64.2137 187.357 161.471 156.857 137.971 56.2673 80.3641 100.659 94.9033 79.3863 80.8134 94.0451 54.7592 74.4564
internal_count=3539 3045 2493 552 1256 509 472 747 383 1237 1085 1067 916 296 404 494 461 376 451 636 326 376
is_linear=0
shrinkage=0.285707


Tree=62
num_leaves=17
num_cat=0
split_feature=24 3 1 30 30 24 10 3 10 6 6 30 10 1 3 6
split_gain=1.2092 2.7075 1.84068 1.37992 1.34348 0.994223 0.564997 0.883123 0.467694 0.468267 0.361127 0.199091 0.335042 0.142353 0.139491 0.0588613
threshold=5.5000000000000009 9246.0000000000018 22.500000000000004 3.5000000000000004 5.5000000000000009 2.5000000000000004 3.5000000000000004 9528.0000000000018 1.0000000180025095e-35 159.50000000000003 111.50000000000001 4.5000000000000009 8.5000000000000018 43.500000000000007 4092.5000000000005 150.50000000000003
decision_type=2 2 2 2 2 2 2 2 2 2 2 2 2 2 2 2
left_child=1 2 3 -1 11 -5 -6 14 -3 13 -7 -2 -13 -10 -8 -12
right_child=4 8 -4 5 6 10 7 -9 9 -11 15 12 -14 -15 -16 -17
leaf_value=0 0 0 -0.034055440056828715 0 0 0 0 0 -0.057358390053199211 0 0.060513771890163569 -0.035659561106565207 0 0 0.046521600593165402 0
leaf_weight=60.588278600480407 33.711062557995319 2.7981285988353184 52.067190569359809 4.1994264274835578 52.737752489745617 2.6896457374095908 5.1145113855600348 40.218046311289072 103.71060864534229 5.7772639673203221 78.910336922854185 28.27661519497633 17.441969230771065 2.6299796923995009 126.14211044088006 5.3302569240331641
leaf_count=409 122 39 420 15 257 9 17 218 682 26 304 102 64 17 814 24
internal_value=0 -0.0126489 0 0.0229249 0.0122876 0.0448654 0.0260658 0.033781 -0.0475104 -0.0513214 0.0545625 0 -0.0177246 -0.0557633 0.0447288 0.0582444
internal_weight=622.343 318.701 203.785 151.718 303.642 91.1297 224.212 171.475 114.916 112.118 86.9302 79.4296 45.7186 106.341 131.257 84.2406
internal_count=3539 1945 1181 761 1594 352 1306 1049 764 725 337 288 166 699 831 328
is_linear=0
shrinkage=0.285707


Tree=63
num_leaves=25
num_cat=0
split_feature=10 8 3 36 24 36 3 11 36 3 16 11 27 24 25 25 3 36 3 25 36 19 25 25
split_gain=0.580718 0.695665 0.331792 0.433678 1.17588 0.659514 0.892736 0.589975 0.535863 0.513919 0.313944 0.435277 0.51494 0.271705 0.279762 0.461286 0.255588 0.191568 0.221486 0.180603 0.148116 0.142778 0.0763096 2.52201e-05
threshold=110.50000000000001 29.500000000000004 9102.0000000000018 0.47021825396825445 6.5000000000000009 -0.53452380952380973 9124.5000000000018 4.5000000000000009 0.26726190476190409 9922.0000000000018 1.0000000180025095e-35 8.5000000000000018 3.5000000000000004 14.500000000000002 11.267857142857144 12.603125 9124.5000000000018 -2.1269230769230751 8508.5000000000018 15.143928571428573 1.3333333333333333 48.500000000000007 12.85634920634921 10.309523809523812
decision_type=2 2 2 2 2 2 2 2 2 2 2 2 2 2 2 2 2 2 2 2 2 2 2 2
left_child=1 2 10 4 5 -4 -7 -5 -8 16 -1 12 19 14 23 17 -9 -16 -19 20 -12 -20 -18 -3
right_child=-2 13 3 7 -6 6 8 9 -10 -11 11 -13 -14 -15 15 -17 22 18 21 -21 -22 -23 -24 -25
leaf_value=0 -0.044950440400015418 0.00021768864681269464 0 0 0 0 0.070711238449500738 0 0 0 -0.052413530201599549 0 0 0 0 0 -0.059194979228031297 0 0.053970326356831778 0 0 0 0 0
leaf_weight=15.741503771394489 15.060719653964041 37.431581046432257 57.591126598417759 21.949480289593339 21.186336923390627 7.0958757363259783 54.32595263235271 3.7311565876007071 7.8738426472991696 3.477343186736106 51.177821949124336 23.601467238739133 10.622989553958176 3.643342923372983 2.4145864918828002 57.748268283903599 27.477784879505634 7.5983951911330214 59.099493286572397 2.6446913965046397 2.790895987302064 2.2310508340597144 7.4327570237219325 32.621276061981916
leaf_count=83 81 269 332 141 228 38 430 14 57 15 266 141 59 21 19 510 180 46 316 23 18 8 95 149
internal_value=0 0.00302481 0 0 0.0151263 0.031425 0.0495744 -0.001439 0.061495 -0.0316798 -0.0155097 -0.0233293 -0.0347088 0.0171779 0.0202096 0.0280933 -0.0449583 0.043188 0.0461949 -0.0456099 -0.0491709 0.0514123 -0.0521093 0
internal_weight=536.57 521.509 318.721 212.142 148.073 126.887 69.2957 64.0685 62.1998 42.119 106.579 90.8379 67.2364 202.788 199.145 129.092 38.6417 71.3435 68.9289 56.6134 53.9687 61.3305 34.9105 70.0529
internal_count=3539 3458 2120 1530 1085 857 525 445 487 304 590 507 366 1338 1317 899 289 389 370 307 284 324 275 418
is_linear=0
shrinkage=0.285707


Tree=64
num_leaves=26
num_cat=0
split_feature=29 19 29 24 28 19 24 12 30 36 24 36 36 12 12 12 29 19 12 1 29 36 35 19 1
split_gain=0.0731701 0.261749 0.78276 1.0348 0.777872 0.641247 0.628717 0.600565 0.685236 0.549099 0.606186 0.488143 0.437945 0.495915 0.378332 0.224306 0.214278 0.169842 0.13383 0.101511 0.0954196 0.0806876 0.0749816 0.0735879 0.190109
threshold=5.5000000000000009 19.500000000000004 8.5000000000000018 2.5000000000000004 8.5000000000000018 42.500000000000007 5.5000000000000009 135.65000000000001 2.5000000000000004 -1.8333333333333328 8.5000000000000018 1.9177083333333329 -0.80198412698412713 133.45000000000002 111.55000000000001 163.35000000000005 7.5000000000000009 18.500000000000004 130.95000000000002 42.500000000000007 18.500000000000004 3.5833333333333335 -3.5899999999999994 41.500000000000007 52.000000000000007
decision_type=2 2 2 2 2 2 2 2 2 2 2 2 2 2 2 2 2 2 2 2 2 2 2 2 2
left_child=15 2 6 -4 5 9 12 8 -5 -3 16 14 -2 -14 -10 17 -11 -1 19 -16 21 -18 -19 24 -6
right_child=1 4 3 7 23 -7 -8 -9 11 10 -12 -13 13 -15 18 -17 20 22 -20 -21 -22 -23 -24 -25 -26
leaf_value=0 0 0 0 0 -0.024914865455498588 0 0 0 0 0 0 0 0.058659797776285903 0 -0.070183125328820054 0 0.037431067364955592 0 0 0 0 0 -0.03186397754104936 0 0
leaf_weight=16.876935156062245 16.016082562506199 19.083968963474035 12.981607783585785 8.5737483780831081 28.66490787640214 14.869029788300393 45.303414758294821 18.294943649321795 5.8742440082132807 60.070331120863557 3.5771310403943053 3.3534796312451354 33.130116414278746 6.8417875766754142 62.229132233187556 2.194277010858058 183.07996131293476 3.8455376653000704 8.0307965911924821 3.625598892569541 3.325615480542182 4.8249822854995719 36.05682023242116 3.2811411470174781 5.9048222973942748
leaf_count=104 71 127 45 32 165 103 577 84 23 406 22 12 131 29 261 14 777 47 37 14 11 18 385 19 25
internal_value=0 0.00167093 0 -0.0209787 0.00830036 0.0171201 0.0081533 -0.0348939 -0.044129 0.0222627 0.0265271 -0.0525577 0.0307055 0.045262 -0.0577484 -0.00824509 0.0300961 -0.0190252 -0.062981 -0.0675416 0.0356414 0.0365001 -0.0282306 0 -0.0121664
internal_weight=609.91 550.937 224.255 122.964 326.682 288.831 101.291 109.982 91.687 273.962 254.878 83.1133 55.988 39.9719 79.7598 58.9736 251.301 56.7793 73.8855 65.8547 191.231 187.905 39.9024 37.8509 34.5697
internal_count=3539 2989 1316 508 1673 1464 808 463 379 1361 1234 347 231 160 335 550 1212 536 312 275 806 795 432 209 190
is_linear=0
shrinkage=0.285707


Tree=65
num_leaves=29
num_cat=0
split_feature=24 12 11 31 25 12 12 3 23 33 3 24 25 12 12 31 31 31 23 25 25 23 23 31 37 37 25 31
split_gain=0.919841 2.01765 1.09817 0.63738 0.456723 1.51445 1.36996 1.35965 0.415408 0.216236 0.699444 1.50825 0.900199 0.862096 0.773771 0.620082 0.284579 0.198176 0.12882 0.11247 0.0353479 0.0289913 0.0614417 0.0414922 0.0513754 0.0262914 0.0237341 0.0104567
threshold=3.5000000000000004 136.05000000000004 9.5000000000000018 12.787593984962408 12.148351648351648 131.25000000000003 112.05000000000001 9813.0000000000018 6.5000000000000009 10.950000000000001 9102.0000000000018 6.5000000000000009 12.503125000000002 141.65000000000001 106.05000000000001 15.154761904761907 13.506428571428573 15.119642857142859 14.500000000000002 12.795714285714288 12.575187969924814 6.5000000000000009 17.500000000000004 12.573214285714288 11.105555555555556 10.75357142857143 15.414285714285716 12.666190476190478
decision_type=2 2 2 2 2 2 2 2 2 2 2 2 2 2 2 2 2 2 2 2 2 2 2 2 2 2 2 2
left_child=1 2 3 -1 5 6 -2 8 -8 16 20 12 -12 14 -14 -16 27 18 19 -18 -11 -7 23 24 -23 -10 -22 -6
right_child=4 -3 -4 -5 9 21 7 -9 25 10 11 -13 13 -15 15 -17 17 -19 -20 -21 26 22 -24 -25 -26 -27 -28 -29
leaf_value=-0.079737463166127134 0 0 0 0 0 0 0 0 0 0 0 0 0 0 -0.082472340279083969 0 0 0 0 0.041684499508449407 0.0098817677194629697 0 0 0 -0.023984490128670512 0.070698815546607743 0 -0.0041254869225063502
leaf_weight=53.109535198193043 29.145517379976809 35.192013177089393 6.7494213837198904 7.0842633582651606 51.941927717998624 6.0429799370467654 12.653879866003988 13.436301318928598 3.4864240977913132 9.8076495872810465 19.209052789025009 40.484312135726213 3.9121564887464038 11.361526024527846 60.552708109840751 2.7202744148671618 3.7216212749481192 7.0562174730002871 2.4796511977910987 29.584077265113592 43.377582680433989 3.2061815019697013 3.3241977095603934 7.2199813462793818 19.999143471941352 79.084376214072108 4.9984778463840476 44.140619844198227
leaf_count=632 128 229 91 48 228 22 61 53 30 42 96 264 19 74 307 18 19 39 10 191 210 17 12 30 84 322 28 235
internal_value=0 -0.025355 -0.0566616 -0.0699418 0.00327342 0.0152753 0.0340216 0.0492632 0.0620103 0 -0.00858031 -0.0223409 -0.0433626 -0.0563603 -0.0680511 -0.0761845 0.00435387 0.0230596 0.0317577 0.0366007 0 0 -0.00771486 -0.0142337 -0.0191987 0.0691185 0.00728374 0
internal_weight=615.082 102.135 66.9432 60.1938 512.947 177.599 137.806 108.661 95.2247 335.348 196.424 138.24 97.7557 78.5467 67.1851 63.273 138.924 42.8416 35.7853 33.3057 58.1837 39.7925 33.7495 30.4253 23.2053 82.5708 48.3761 96.0825
internal_count=3539 1000 771 680 2539 759 594 466 413 1780 1058 778 514 418 344 325 722 259 220 210 280 165 143 131 101 352 238 463
is_linear=0
shrinkage=0.285707


Tree=66
num_leaves=16
num_cat=0
split_feature=10 8 18 8 12 33 24 19 12 24 12 12 19 12 19
split_gain=0.399062 0.51499 0.575944 0.837167 0.879938 0.446384 0.369896 0.238763 0.234607 0.149484 0.218117 0.378896 0.199427 0.0608179 0.00383238
threshold=110.50000000000001 29.500000000000004 1.0000000180025095e-35 37.500000000000007 155.75000000000003 10.100000000000003 14.500000000000002 24.500000000000004 154.25000000000003 6.5000000000000009 136.85000000000005 117.85000000000001 33.500000000000007 113.55000000000001 18.500000000000004
decision_type=2 2 2 2 2 2 2 2 2 2 2 2 2 2 2
left_child=1 5 3 4 6 7 -3 8 13 10 11 -7 -13 -1 -11
right_child=-2 2 -4 -5 -6 9 -8 -9 -10 14 -12 12 -14 -15 -16
leaf_value=0 -0.038538122977642426 0.047314339561995954 0 0 0 0 0 0 0 0 0 0.02907126385335965 0 -0.032654231616791887 -0.003254002470563914
leaf_weight=9.368883313611148 14.698659155517815 110.67865461669862 37.015942623838782 47.912929620593786 4.9968458972871295 53.305901005864143 2.4082374796271315 12.305829666554926 2.5226152576506129 8.8188842348754388 51.367872295901179 85.351909999735653 2.2173217106610528 69.054758677259088 23.533277772367001
leaf_count=51 81 648 338 309 30 329 13 74 14 117 308 570 20 443 194
internal_value=0 0.00185701 0.0144847 0.0229843 0.035818 0 0.0440438 -0.0191594 -0.0253606 0 0.00784525 0.0142929 0.0255178 -0.0298192 0
internal_weight=535.559 520.86 203.013 165.997 118.084 317.847 113.087 93.2521 80.9463 224.595 192.243 140.875 87.5692 78.4236 32.3522
internal_count=3539 3458 1338 1000 691 2120 661 582 508 1538 1227 919 590 494 311
is_linear=0
shrinkage=0.285707


Tree=67
num_leaves=20
num_cat=0
split_feature=3 11 11 29 11 35 3 29 29 11 35 35 29 29 5 29 3 5 35
split_gain=0.043438 0.784905 0.744583 0.648253 0.64504 0.58533 0.298041 0.470308 0.935983 0.294518 0.226672 0.175837 0.472899 0.737555 0.156557 0.129587 0.126403 0.103154 0.0275916
threshold=9124.5000000000018 3.5000000000000004 5.5000000000000009 5.5000000000000009 1.0000000180025095e-35 1.9050000000000002 9377.0000000000018 6.5000000000000009 10.500000000000002 9.5000000000000018 2.7650000000000001 1.9050000000000002 6.5000000000000009 11.500000000000002 1.5000000000000002 9.5000000000000018 9102.0000000000018 2.5000000000000004 -3.5899999999999994
decision_type=2 2 2 2 2 2 2 2 2 2 2 2 2 2 2 2 2 2 2
left_child=2 10 3 -1 -5 -6 9 -8 14 15 18 12 -4 16 -9 17 -14 -3 -2
right_child=1 6 11 4 5 -7 7 8 -10 -11 -12 -13 13 -15 -16 -17 -18 -19 -20
leaf_value=0 0 -0.025595734179002107 0 0 0.060744791465514487 0 0 0.035838669376579695 0 0 0 0 -0.051995326077125648 0 0 0 0 0 -0.036380869074082479
leaf_weight=15.309414755553005 4.8138084309175602 63.551134009845555 25.239206086844206 3.73830297961831 52.658841837197542 14.367399554699658 28.632918243296444 110.28187295980752 47.628554308786988 19.148990447632968 3.5079105831682673 26.581530028954148 39.662382243201137 21.768416814506054 9.4868196323513967 52.964768838137388 6.5567067041993132 4.2081954311579457 58.973891300149262
leaf_count=107 25 420 197 29 248 68 289 697 195 88 18 137 209 101 63 203 23 40 382
internal_value=0 -0.00170259 0.00333701 0.0261851 0.0388794 0.0480613 0 0.0103862 0.0186299 -0.00416753 -0.029836 0 -0.0120265 -0.0267512 0.0329535 -0.0144806 -0.0465465 -0.0224416 -0.0346413
internal_weight=609.081 403.199 205.882 86.074 70.7645 67.0262 335.903 196.03 167.397 139.873 67.2956 119.808 93.2267 67.9875 119.769 120.724 46.2191 67.7593 63.7877
internal_count=3539 2420 1119 452 345 316 1995 1244 955 751 425 667 530 333 760 663 232 460 407
is_linear=0
shrinkage=0.285707


Tree=68
num_leaves=23
num_cat=0
split_feature=30 3 3 3 24 12 24 22 19 3 24 6 30 12 19 24 24 3 3 12 12 3
split_gain=0.841656 2.43489 0.912096 1.9457 1.45341 1.68258 1.09818 1.10424 0.854443 0.538655 0.829907 0.50872 0.282165 0.187733 0.215901 0.115963 0.0828873 0.112928 0.0814476 0.0508172 0.463235 0.00641099
threshold=2.5000000000000004 8508.5000000000018 9377.0000000000018 9138.5000000000018 4.5000000000000009 114.45000000000002 6.5000000000000009 6.5000000000000009 40.500000000000007 9102.0000000000018 4.5000000000000009 117.20000000000002 7.5000000000000009 140.10000000000002 37.500000000000007 6.5000000000000009 2.5000000000000004 4092.5000000000005 9922.0000000000018 121.95000000000002 148.10000000000002 9813.0000000000018
decision_type=2 2 2 2 2 2 2 2 2 2 2 2 2 2 2 2 2 2 2 2 2 2
left_child=1 -1 3 9 -5 -6 7 19 -7 16 -11 -9 -8 14 -14 18 -2 -18 -3 21 -21 -4
right_child=2 15 6 4 5 8 12 11 -10 10 -12 -13 13 -15 -16 -17 17 -19 -20 20 -22 -23
leaf_value=0 0 -0.089092767853053353 0.0036050082969229153 0 0 0.087926601873167781 0 0 0 0 -0.067009524960645661 -0.066522754253401165 0.042331858125083444 0 0 0 0 0.011717845154883427 0 -0.024402602566405137 0 0
leaf_weight=45.250892116688192 4.0195133518427602 28.736582456156619 34.256364086642861 30.672983008436859 17.044520393013954 67.217347703874111 37.619290186092257 5.5828185118734828 2.9070195481181136 10.301424330100419 18.223701713606715 41.904863186180592 30.75520022213459 3.7530349679291239 2.0873446613550177 0.90033398568630119 9.6914936378598195 131.46619156189263 1.6190277049317945 64.454484013840556 9.8484171666204912 14.432817882858215
leaf_count=184 19 671 155 138 72 357 211 21 12 51 79 208 213 26 8 4 34 598 69 301 46 62
internal_value=0 -0.0271754 0.00378385 0.0165578 0.0440571 0.0620742 -0.0015968 -0.0213407 0.0807453 0 -0.0344875 -0.056456 0.0111109 0.0278036 0.0352438 -0.0834777 0.00437408 0.00810119 -0.086031 0 -0.00718672 0
internal_weight=612.746 76.5068 536.239 291.544 117.842 87.1689 244.695 170.48 70.1244 173.702 28.5251 47.4877 74.2149 36.5956 32.8425 31.2559 145.177 141.158 30.3556 122.992 74.3029 48.6892
internal_count=3539 928 2611 1360 579 441 1251 793 369 781 130 229 458 247 221 744 651 632 740 564 347 217
is_linear=0
shrinkage=0.285707


Tree=69
num_leaves=22
num_cat=0
split_feature=30 12 21 21 26 36 30 15 11 12 11 36 12 36 37 36 36 36 36 37 29
split_gain=0.303323 0.717868 0.440173 0.439225 0.485742 0.340792 0.12224 0.914153 0.634021 0.540487 0.404446 0.238388 0.397461 0.371552 0.0928327 0.0620715 0.0492204 0.0368783 0.0532525 0.033443 0.0104728
threshold=5.5000000000000009 121.05000000000001 1.0000000180025095e-35 10.500000000000002 1.0000000180025095e-35 -0.93333333333333257 2.5000000000000004 1.0000000180025095e-35 7.5000000000000009 136.05000000000004 94.500000000000014 -1.8333333333333328 137.65000000000001 2.2071428571428569 11.290972222222225 1.8121428571428553 -10.899999999999999 -1.9226190476190472 0.24737762237762165 13.690491071428573 14.500000000000002
decision_type=2 2 2 2 2 2 2 2 2 2 2 2 2 2 2 2 2 2 2 2 2
left_child=2 3 6 4 14 -4 9 8 11 10 16 -8 13 -13 -2 -16 -1 -9 -19 20 -7
right_child=1 -3 5 -5 -6 19 7 17 -10 -11 -12 12 -14 -15 15 -17 -18 18 -20 -21 -22
leaf_value=0 0 0 0 0 0 0.051801722194243296 0 0 0 0 0 -0.050772494340588697 0 0 -0.067333450139527865 0 0.029061357491542983 0.019865450037192468 0 0 0
leaf_weight=9.1678718756884319 3.5156228877603999 94.685392117127776 11.272608138620852 6.0783357620239249 1.845618687570094 20.096708718687303 6.4987280257046214 1.6223521083593393 69.852055482566357 43.759028544649482 3.9084214754402629 76.65618547052145 18.041474584490061 4.2169485799968234 31.216437693685293 1.3622777108103026 94.997386731207371 15.991617523133757 9.7332617491483671 4.4388787671923629 4.4155894890427581
leaf_count=75 20 1024 51 23 12 84 29 6 382 207 19 414 98 20 355 15 571 63 38 17 16
internal_value=0 -0.0123397 0.00260761 -0.0401463 -0.0514818 0.0289147 0 -0.0052825 -0.0208912 0.00513167 0.0205708 -0.0342714 -0.0378514 -0.0458656 -0.0608954 -0.0651341 0.0271628 0.00630437 0.011689 0.0436038 0.0476154
internal_weight=533.373 138.704 394.669 44.0183 37.94 40.2238 354.445 202.613 175.265 151.833 108.074 105.413 98.9146 80.8731 36.0943 32.5787 104.165 27.3472 25.7249 28.9512 24.5123
internal_count=3539 1449 2090 425 402 168 1922 1050 943 872 665 561 532 434 390 370 646 107 101 117 100
is_linear=0
shrinkage=0.285707


Tree=70
num_leaves=12
num_cat=0
split_feature=5 5 3 8 3 9 1 3 3 9 3
split_gain=0.0333284 0.447115 0.252509 0.557225 0.0212889 0.441504 0.386444 0.108691 0.0944754 0.00131179 0.000891722
threshold=1.5000000000000002 28.500000000000004 9077.5000000000018 20.500000000000004 9377.0000000000018 36.500000000000007 42.500000000000007 9246.0000000000018 9613.0000000000018 37.500000000000007 9813.0000000000018
decision_type=2 2 2 2 2 2 2 2 2 2 2
left_child=2 -2 3 -1 5 6 7 -4 9 -6 -10
right_child=1 -3 4 -5 8 -7 -8 -9 10 -11 -12
leaf_value=0.032251277782641197 -0.0290213925609921 0 -0.027134878969526079 0 0.010521323810440913 0 0 0 -0.00095415451046821113 0 0
leaf_weight=58.763293905183673 39.036048163659871 51.520837998948991 100.18287152890116 26.283249020576477 64.653356241993606 86.575059521943331 11.604039575904606 19.490110771730542 73.941732707433403 12.76507994532585 61.342357217334211
leaf_count=315 324 252 496 196 507 450 52 105 447 106 289
internal_value=0 -0.0038659 0.00156486 0.0155045 0 -0.00278338 -0.0165874 -0.0234847 0.000125941 0.00961652 0
internal_weight=606.158 90.5569 515.601 85.0465 430.555 217.852 131.277 119.673 212.703 77.4184 135.284
internal_count=3539 576 2963 511 2452 1103 653 601 1349 613 736
is_linear=0
shrinkage=0.285707


Tree=71
num_leaves=22
num_cat=0
split_feature=30 22 3 37 22 17 12 37 12 3 30 37 37 12 22 9 3 3 12 3 12
split_gain=0.532535 1.93464 0.512442 1.02987 0.934316 0.897484 1.23244 0.565304 0.429956 0.427666 0.371895 0.349377 0.345044 0.276646 0.248211 0.166926 0.0767114 0.0733593 0.0711075 0.0136958 0.000530579
threshold=2.5000000000000004 1.0000000180025095e-35 9813.0000000000018 13.021825396825397 6.5000000000000009 1.0000000180025095e-35 109.95000000000002 12.832187500000002 144.05000000000004 9528.0000000000018 6.5000000000000009 13.79607142857143 15.312500000000002 151.05000000000004 10.500000000000002 37.500000000000007 9077.5000000000018 9922.0000000000018 130.95000000000002 8508.5000000000018 170.60000000000002
decision_type=2 2 2 2 2 2 2 2 2 2 2 2 2 2 2 2 2 2 2 2 2
left_child=1 -1 3 4 5 6 -2 10 9 11 13 14 17 -4 15 -5 -8 19 -18 -3 -10
right_child=2 12 7 8 -6 -7 16 -9 20 -11 -12 -13 -14 -15 -16 -17 18 -19 -20 -21 -22
leaf_value=0 0 0 -0.051041204903339805 -0.051650215450072562 0 0 0 0 0.011880082055289414 0 0 0 0 0 0 0 0.066816614520655737 0 0 -0.084395323611345691 0
leaf_weight=43.425584964454174 12.724431492388247 1.7209986727684832 32.507842684164643 41.937079910188913 93.539170290343463 68.658135963603854 22.335473347455263 20.467518022283912 26.173008054494861 31.276109516620636 9.271948039531706 45.45015386864543 1.2770426273345936 2.5487230569124213 6.0117145478725424 7.9918791316449633 82.29291919991374 1.5880846600048233 28.733561991713941 26.176861596759409 1.7744137868285168
leaf_count=137 54 47 144 240 402 315 106 80 164 169 30 327 6 9 26 50 369 69 117 669 9
internal_value=0 -0.0212067 0.00370343 0.01005 0.0204962 0.0307178 0.0430254 -0.0042275 0 -0.0148539 -0.0306889 -0.0246967 -0.0726304 -0.043516 -0.0389581 -0.0452 0.0523643 -0.0791101 0.0576091 -0.082025 0.0115103
internal_weight=607.883 74.1886 533.694 468.898 308.284 214.745 146.086 64.796 160.614 132.667 44.3285 101.391 30.763 35.0566 55.9407 49.929 133.362 29.4859 111.026 27.8979 27.9474
internal_count=3539 928 2611 2348 1363 961 646 263 985 812 183 643 791 153 316 290 592 785 486 716 173
is_linear=0
shrinkage=0.285707


Tree=72
num_leaves=22
num_cat=0
split_feature=16 13 30 21 6 3 6 36 36 6 26 36 6 36 10 36 36 10 6 1 36
split_gain=0.43984 0.641608 0.929717 1.15414 0.635678 0.620901 1.12617 1.3354 0.654494 0.572204 0.548276 0.506258 0.382999 0.377158 0.341786 0.319853 0.523118 0.211084 0.529241 0.204862 0.121371
threshold=1.0000000180025095e-35 1.0000000180025095e-35 1.5000000000000002 2.5000000000000004 116.50000000000001 9102.0000000000018 135.50000000000003 0.053571428571428804 2.0250000000000008 158.50000000000003 1.0000000180025095e-35 -1.5071428571428569 142.50000000000003 11.250000000000002 1.0000000180025095e-35 0.053571428571428804 -1.2440476190476184 6.5000000000000009 147.50000000000003 47.500000000000007 -3.4583333333333326
decision_type=2 2 2 2 2 2 2 2 2 2 2 2 2 2 2 2 2 2 2 2 2
left_child=12 2 -2 4 -4 17 15 -8 9 -9 11 -6 19 14 -13 16 -7 18 20 -1 -3
right_child=1 5 3 -5 10 6 7 8 -10 -11 -12 13 -14 -15 -16 -17 -18 -19 -20 -21 -22
leaf_value=0.037423006457783681 0 0 0 0 0 0 0 0.12271471551792075 0 0 0 0 0 0 -0.0628735721312772 -0.018150956428756949 0.0290109299750352 0 0 0 -0.042797012028399875
leaf_weight=46.996447280049324 41.760369230061769 1.5947261154651631 11.677035145461558 33.953416218981147 9.0174710415303689 18.547667875885963 34.493912473320961 16.449779679998763 2.3333619274199 1.6042589657008637 8.5621911734342557 1.8211626410484303 10.96894984692335 1.8728258162736882 102.45741814747453 48.822934340685606 54.282323652878404 28.80766392685473 8.6202017422765476 3.4873543083667746 39.770763603970408
leaf_count=364 269 8 68 167 49 94 305 134 10 9 45 8 54 6 750 349 397 180 51 12 210
internal_value=0 -0.00452026 -0.0169016 -0.0280434 -0.0405145 0 0.0142694 0.0460443 0.0949714 0.110064 -0.0467878 -0.0520875 0.0197255 -0.0574427 -0.0602897 0 0.0101007 -0.0126237 -0.0234317 0.0319066 -0.0395071
internal_weight=527.902 466.449 211.122 169.362 135.408 255.328 176.534 54.8813 20.3874 18.054 123.731 115.169 61.4528 106.151 104.279 121.653 72.83 78.7934 49.9857 50.4838 41.3655
internal_count=3539 3109 1362 1093 926 1747 1298 458 153 143 858 813 430 764 758 840 491 449 269 376 218
is_linear=0
shrinkage=0.285707


Tree=73
num_leaves=26
num_cat=0
split_feature=13 34 10 36 30 29 36 6 9 37 29 37 25 37 37 6 25 29 34 6 6 37 37 25 6
split_gain=0.0592492 0.474365 0.655869 0.589055 0.684866 0.436941 0.484864 0.156791 0.281378 0.18382 0.216942 0.135554 0.0817614 0.0310186 0.470312 0.0243154 0.444465 0.199265 0.152457 0.1206 0.0863439 0.228398 0.151071 0.0614986 0.00125241
threshold=1.0000000180025095e-35 0.40000000000000008 1.5000000000000002 -3.4583333333333326 4.5000000000000009 2.5000000000000004 3.0500000000000003 124.20000000000002 2.5000000000000004 11.170833333333336 6.5000000000000009 13.355039682539685 11.146428571428574 10.75357142857143 12.684486102133162 129.50000000000003 13.570089285714287 4.5000000000000009 2.0000000000000004 142.50000000000003 146.50000000000003 14.063333333333336 11.422619047619049 10.621428571428572 162.50000000000003
decision_type=2 2 2 2 2 2 2 2 2 2 2 2 2 2 2 2 2 2 2 2 2 2 2 2 2
left_child=1 13 -3 -4 5 -5 11 8 -2 -10 -11 -7 -12 -1 -15 16 17 -9 20 23 21 22 -17 -20 -22
right_child=7 2 3 4 -6 6 -8 15 9 10 12 -13 -14 14 -16 18 -18 -19 19 -21 24 -23 -24 -25 -26
leaf_value=0 0 0 0 0 0 0.063047938332928793 0 0 0 0 0 0 -0.039834791667282141 -0.027359055006979757 0 0 0 0.035431321778516003 0 0 -0.0019113417456067328 0 0.022233795307992479 -0.024313873450005592 0
leaf_weight=14.6632619863376 20.39789904281497 7.9805757869034997 5.3555432800203553 6.2860348941758266 94.162291677668691 66.250739840790629 3.9716361779719582 2.3021352216601363 18.336178213357925 6.7474300768226376 2.7424399107694617 4.7452507242560378 41.446080796420574 48.660765152424574 22.546908972784877 26.714695334434509 6.103539425879716 37.427172238007188 10.586996258236466 14.263864846900104 21.973037987947468 6.2207902539521447 70.906661970540881 40.184525674208999 3.4943828694522372
leaf_count=131 112 64 57 77 590 291 15 20 102 55 10 20 203 202 165 149 43 171 77 107 141 93 388 233 23
internal_value=0 0.00408616 0.0149289 0.0227821 0.0282733 0.0479851 0.0540533 -0.000669986 -0.0116335 -0.0218427 -0.0299034 0.0598866 -0.0369753 0 -0.00572626 0 0.00618746 0.0289238 0 -0.013235 0 0.00800996 0.0157453 -0.0198125 0
internal_weight=604.471 274.623 188.752 180.771 175.416 81.2537 74.9676 329.848 89.67 69.2721 50.936 70.996 44.1885 85.8709 71.2077 240.178 45.8328 39.7293 194.345 65.0354 129.31 103.842 97.6214 50.7715 25.4674
internal_count=3539 1612 1114 1050 993 403 326 1927 482 370 268 311 213 498 367 1445 234 191 1211 417 794 630 537 310 164
is_linear=0
shrinkage=0.285707


Tree=74
num_leaves=19
num_cat=0
split_feature=24 3 31 30 1 31 30 24 3 31 31 6 16 3 3 30 1 30
split_gain=0.521736 0.924944 1.01203 0.870005 0.624084 0.512899 0.63756 0.812293 0.441045 0.193324 0.206422 0.136365 0.127547 0.200392 0.290079 0.110069 0.0214274 0.00715175
threshold=5.5000000000000009 9246.0000000000018 13.997222222222224 5.5000000000000009 22.500000000000004 13.661904761904763 3.5000000000000004 2.5000000000000004 9922.0000000000018 14.064583333333337 13.715476190476194 112.50000000000001 1.0000000180025095e-35 4092.5000000000005 9528.0000000000018 4.5000000000000009 40.500000000000007 4.5000000000000009
decision_type=2 2 2 2 2 2 2 2 2 2 2 2 2 2 2 2 2 2
left_child=1 4 8 15 5 6 -1 -8 11 10 12 -3 -5 -14 -15 -2 -17 -6
right_child=3 2 -4 9 17 -7 7 -9 -10 -11 -12 -13 13 14 -16 16 -18 -19
leaf_value=0 0 0 0 0 -0.027984411920684561 0 0 0.049283982582865905 0 0.04644019703318128 0 -0.053409122994780581 0 0.024200964305800491 0 -0.016051017128290653 0 0
leaf_weight=56.17095221253112 33.143810732290149 6.4095923989079884 9.691515911370514 8.0510314106941205 27.983887194190174 16.111087560653687 4.1267180368304244 70.204516265541315 20.392848384100944 43.800544112920761 15.00387020409107 73.638486144598573 7.1091673821210852 108.89301351457834 35.99265705794096 35.652025457471609 9.9237018674612028 21.733146391808987
leaf_count=395 122 49 44 29 340 78 15 273 151 353 111 520 23 623 167 129 37 80
internal_value=0 -0.00838282 -0.0289678 0.00824361 0 0.012774 0.0221161 0.0384559 -0.0411286 0.0201885 0 -0.0501072 0.0100733 0.0131352 0.0170019 0 -0.0131973 -0.0216158
internal_weight=604.033 306.463 110.132 297.57 196.33 146.613 130.502 74.3312 100.441 218.85 175.05 80.0481 160.046 151.995 144.886 78.7195 45.5757 49.717
internal_count=3539 1945 764 1594 1181 761 683 288 720 1306 953 569 842 813 790 288 166 420
is_linear=0
shrinkage=0.285707


Tree=75
num_leaves=21
num_cat=0
split_feature=17 33 12 12 30 37 12 30 22 16 12 19 37 28 19 6 6 12 12 19
split_gain=0.244942 0.911607 0.995509 0.781869 0.729472 0.94452 0.896119 0.62731 0.516361 0.170302 0.153718 0.224289 0.135054 0.171357 0.0051508 0.0386915 0.0476194 0.0035923 0.549137 0.000652038
threshold=1.0000000180025095e-35 10.950000000000001 139.85000000000005 101.15000000000002 2.5000000000000004 13.062718531468533 132.95000000000002 10.500000000000002 11.500000000000002 1.0000000180025095e-35 136.05000000000004 18.500000000000004 12.57544642857143 7.5000000000000009 25.500000000000004 145.35000000000002 116.50000000000001 121.75000000000001 138.35000000000005 18.500000000000004
decision_type=2 2 2 2 2 2 2 2 2 2 2 2 2 2 2 2 2 2 2 2
left_child=4 14 3 -3 10 6 8 -5 9 -6 11 -1 13 -13 15 16 -2 -7 -19 -18
right_child=1 2 -4 7 5 17 -8 -9 -10 -11 -12 12 -14 -15 -16 -17 19 18 -20 -21
leaf_value=0 0 0 0 0.05757514283850855 0 0 0 0 0 -0.050113460271164027 0 0.035187931390086503 0 0 0 0 0 0.035536485293022196 0 -0.011891239804202298
leaf_weight=9.6436718516051751 5.6629329398274413 8.058466883376239 30.581067213788629 79.859004702419043 13.129820168018339 13.772956862114368 35.445629566907883 2.7914586514234534 8.8329054638743383 102.24957796558738 22.982258275151253 39.119572699069977 1.9759990274906147 1.6806376762688149 26.854124590754509 10.406302269548176 14.896543940529225 29.716623481363058 17.904764864593744 47.164429732598364
leaf_count=45 29 46 166 448 53 174 231 14 37 772 107 262 7 18 168 53 72 381 201 255
internal_value=0 0.0077485 0.0263457 0.0418776 -0.00447165 -0.0169948 -0.0293469 0.0513126 -0.040711 -0.0461 0.000388861 0.0146614 0.0251538 0.0299154 0 -0.00223539 -0.00696676 0 0.00233826 -0.0104726
internal_weight=522.729 226.274 121.29 90.7089 296.454 221.052 159.658 82.6505 124.212 115.379 75.4021 52.4199 42.7762 40.8002 104.984 78.1302 67.7239 61.3943 47.6214 62.061
internal_count=3539 1251 674 508 2288 1849 1093 462 862 825 439 332 287 280 577 409 356 756 582 327
is_linear=0
shrinkage=0.285707


Tree=76
num_leaves=17
num_cat=0
split_feature=29 12 29 10 11 12 12 29 12 29 29 12 12 12 12 12
split_gain=0.0249629 0.251415 0.679617 0.389443 0.263678 0.245766 0.165811 0.391613 0.154932 0.0911497 0.0904812 0.0334785 0.00251214 0.00238806 0.000615856 0.103934
threshold=5.5000000000000009 126.15000000000002 9.5000000000000018 1.0000000180025095e-35 1.5000000000000002 98.800000000000026 129.55000000000004 6.5000000000000009 163.35000000000005 9.5000000000000018 19.500000000000004 125.95000000000002 129.95000000000002 169.15000000000001 120.85000000000001 104.05000000000001
decision_type=2 2 2 2 2 2 2 2 2 2 2 2 2 2 2 2
left_child=8 2 3 -2 -5 -6 7 -3 -1 12 -11 -7 -8 -14 15 -4
right_child=1 6 14 4 5 11 9 -9 -10 10 -12 -13 13 -15 -16 -17
leaf_value=-0.0150158803715394 0 0 0 0 0 0.031153250071975832 0 -0.031061232736768807 0 0.01223253599791257 0 0 -0.0019405625073323656 0 0 -0.0099205521246475015
leaf_weight=55.244719551876187 2.5414253566414109 4.3602754445746532 15.292044624686239 5.6720523722469798 3.1328185703605405 151.61424960568547 3.60084519162774 41.150668429210782 2.2322113513946524 93.071790423244238 4.4318430274724951 2.7161803096532813 100.20747028291225 1.8018227256834496 33.842502444982529 80.703558016568422
leaf_count=536 16 37 70 35 18 898 25 246 14 385 19 20 738 15 125 342
internal_value=0 0.00125955 0.00842361 0.0211599 0.0253458 0.0282199 0 -0.0162081 -0.00428347 0 0.00847808 0.0306111 0 -0.00137781 0 -0.000702015
internal_weight=601.616 544.14 295.515 165.677 163.135 157.463 248.625 45.5109 57.4769 203.114 97.5036 154.33 105.61 102.009 129.838 95.9956
internal_count=3539 2989 1524 987 971 936 1465 283 550 1182 404 918 778 753 537 412
is_linear=0
shrinkage=0.285707


Tree=77
num_leaves=17
num_cat=0
split_feature=30 22 8 34 37 19 1 6 16 19 23 8 23 30 8 19
split_gain=0.300232 0.861574 1.09343 1.04541 0.732062 0.263138 0.169284 0.834735 0.693505 0.323482 0.154545 0.119312 0.113226 0.0188689 0.537319 0.000207543
threshold=5.5000000000000009 5.5000000000000009 4.5000000000000009 1.0000000180025095e-35 13.80860805860806 49.500000000000007 16.500000000000004 129.50000000000003 1.0000000180025095e-35 27.500000000000004 10.500000000000002 39.500000000000007 17.500000000000004 10.500000000000002 13.000000000000002 42.500000000000007
decision_type=2 2 2 2 2 2 2 2 2 2 2 2 2 2 2 2
left_child=1 6 -3 -4 13 11 7 -1 -9 10 -10 -5 -6 14 -2 -8
right_child=4 2 3 5 12 -7 15 8 9 -11 -12 -13 -14 -15 -16 -17
leaf_value=0 -0.024316287493145947 0 0 -0.058716627786565695 0.036689723919657635 0 -0.00046219108381349334 0 0.055172605655161376 0 0 0 0 0.00010579976976360337 0 0
leaf_weight=26.914807880297303 70.772046290338039 69.191917940508574 25.333835347089916 78.687943695578724 51.66019032150507 1.6480140313506115 73.294937310740352 4.0584073076024643 52.328593937680125 2.7739862017333499 3.7185558825731269 2.0447024134919038 2.0504979044198981 21.922561511397362 105.9355246424675 5.4122986779548219
leaf_count=138 347 410 145 536 425 12 505 35 219 16 21 11 10 82 585 42
internal_value=0 -0.00672088 -0.0217086 -0.0392787 0.0057809 -0.0543178 0 0.0120098 0.0344915 0.046231 0.0515591 -0.0570447 0.0338402 0 -0.00290308 0
internal_weight=597.749 345.408 176.906 107.714 252.341 82.3807 168.502 89.7944 62.8795 58.8211 56.0471 80.7326 53.7107 198.63 176.708 78.7072
internal_count=3539 2090 1114 704 1449 559 976 429 291 256 240 547 435 1014 932 547
is_linear=0
shrinkage=0.285707


Tree=78
num_leaves=18
num_cat=0
split_feature=10 8 5 6 36 33 16 36 6 6 6 3 36 6 36 6 6
split_gain=0.277264 0.358132 0.268765 0.311846 0.381733 0.246852 0.406683 0.245063 0.347791 0.274037 0.200551 0.186098 0.965023 0.634506 0.603065 0.0388798 0.264424
threshold=110.50000000000001 29.500000000000004 9.5000000000000018 158.50000000000003 -2.3333333333333326 10.100000000000003 1.0000000180025095e-35 -2.580555555555557 127.50000000000001 146.50000000000003 105.50000000000001 9124.5000000000018 0.35555555555555524 119.05000000000001 -0.5070850202429148 134.50000000000003 158.50000000000003
decision_type=2 2 2 2 2 2 2 2 2 2 2 2 2 2 2 2 2
left_child=1 5 3 4 -3 6 -1 -8 -9 -10 -6 15 13 -13 -15 -7 -17
right_child=-2 2 -4 -5 10 11 7 8 9 -11 -12 12 -14 14 -16 16 -18
leaf_value=0 -0.032391789703358348 0 0 0 0 0 0 0 -0.056068716065341952 0 0.028632698642846649 0 0 0 0.063206085057567446 -0.024750098516518031 0
leaf_weight=15.453160228207706 14.053924389183519 9.6795936673879606 28.367725148797035 6.4765582820400587 5.0716048758476964 45.357467157766223 4.132257178425788 26.233644945546985 33.467894101515412 10.583626363426445 147.36065053753555 10.702806200832127 41.548977548256516 37.032604911364615 42.796134139411151 34.405988061800599 7.1837443783879271
leaf_count=92 81 73 184 40 27 260 20 153 252 65 1014 79 356 234 391 183 35
internal_value=0 0.00175682 0.0123213 0.017382 0.0215681 0 -0.0144968 -0.0257543 -0.0310065 -0.0450807 0.0262729 0 0.0104884 0.0311977 0.0412071 0 -0.00816537
internal_weight=519.908 505.854 196.956 168.588 162.112 308.898 89.8706 74.4174 70.2852 44.0515 152.432 219.028 132.081 90.5315 79.8287 86.9472 41.5897
internal_count=3539 3458 1338 1154 1114 2120 582 490 470 317 1041 1538 1060 704 625 478 218
is_linear=0
shrinkage=0.285707


Tree=79
num_leaves=8
num_cat=0
split_feature=13 25 25 8 25 25 25
split_gain=0.00383288 0.13805 0.0548254 0.017956 0.255563 0.0925295 0.000723546
threshold=1.0000000180025095e-35 10.535714285714286 13.146428571428574 29.500000000000004 12.191666666666668 15.43888888888889 11.387500000000001
decision_type=2 2 2 2 2 2 2
left_child=3 -2 6 4 -1 -6 -3
right_child=1 2 -4 -5 5 -7 -8
leaf_value=0 0 0 0 0 0.019924327777752781 0 -0.0097814947714992793
leaf_weight=86.631649197079241 51.067353802733123 40.678052183240652 74.097956132143736 115.27017656806856 69.417486797086895 2.133149951696395 161.76581468805671
leaf_count=454 341 162 642 718 417 23 782
internal_value=0 -0.000864486 -0.00638471 0.00047685 0.00305186 0.0169906 -0.00875921
internal_weight=601.062 327.609 276.542 273.452 158.182 71.5506 202.444
internal_count=3539 1927 1586 1612 894 440 944
is_linear=0
shrinkage=0.285707


Tree=80
num_leaves=23
num_cat=0
split_feature=15 3 3 30 31 6 3 3 22 31 9 6 6 6 31 3 22 31 31 22 31 31
split_gain=0.36945 0.986532 0.956842 0.431893 0.209499 0.0960375 0.0822851 0.443962 0.83364 0.671443 0.460152 0.109195 0.0818804 0.0873684 0.0668969 0.0561207 0.0462605 0.00478678 0.0094558 0.00470009 0.357098 0.230369
threshold=1.0000000180025095e-35 9138.5000000000018 9036.5000000000018 2.5000000000000004 15.414285714285716 118.45000000000002 9077.5000000000018 9813.0000000000018 6.5000000000000009 14.989285714285716 2.5000000000000004 101.50000000000001 124.20000000000002 162.50000000000003 13.661904761904763 9922.0000000000018 5.5000000000000009 11.21111111111111 13.116458333333336 7.5000000000000009 13.878125000000002 11.392307692307694
decision_type=2 2 2 2 2 2 2 2 2 2 2 2 2 2 2 2 2 2 2 2 2 2
left_child=2 5 12 4 15 -2 17 8 9 10 -8 -12 -1 -14 16 -4 -9 -5 -19 20 21 -10
right_child=1 -3 3 6 -6 -7 7 14 19 -11 11 -13 13 -15 -16 -17 -18 18 -20 -21 -22 -23
leaf_value=0 0 0 -0.047869280029771685 0 0 -0.063499039480801725 0 0 0 0 0 0.035263014138024032 0.035048055845912335 0 0 0 -0.015502014137153691 -0.0072073462979724418 0 0 0 -0.030364778148985624
leaf_weight=17.840937781147659 2.5471195196732905 30.223456221166998 18.836240717209883 4.9056219831109074 1.0379529446363438 22.724148763809353 49.240295490249991 14.240904526319353 3.9135338524356476 10.26211044937372 2.2122217118740073 164.71094545908272 70.987862139474601 3.9309075437486163 11.57370489835739 1.3594177379272867 32.425814442336559 16.369897153228525 7.5081713870167723 47.422771465033293 15.460788033902643 46.414789654314518
leaf_count=85 23 226 488 18 4 157 237 61 18 68 9 800 328 13 47 58 127 80 48 283 141 220
internal_value=0 -0.0211434 0.00220662 0 -0.0359723 -0.0587641 0 0.00407803 0.011148 0.0218535 0.027319 0.0342933 0.0285959 0.0328722 0 -0.0446967 -0.0101815 0 -0.00361564 0 -0.00231159 -0.0228954
internal_weight=596.15 55.4947 540.655 447.895 21.2336 25.2713 426.662 397.878 339.637 226.426 216.163 166.923 92.7597 74.9188 58.2404 20.1957 46.6667 28.7837 23.8781 113.212 65.7891 50.3283
internal_count=3539 406 3133 2707 550 180 2157 2011 1776 1114 1046 809 426 341 235 546 188 146 128 662 379 238
is_linear=0
shrinkage=0.285707


Tree=81
num_leaves=13
num_cat=0
split_feature=30 9 21 8 11 11 11 6 11 5 6 11
split_gain=0.159894 0.46486 0.836663 0.355008 0.736101 1.4434 0.388867 0.302954 0.117634 0.0496715 0.221301 0.0138153
threshold=5.5000000000000009 4.5000000000000009 8.5000000000000018 2.5000000000000004 8.5000000000000018 100.00000000000001 4.5000000000000009 160.50000000000003 7.5000000000000009 2.5000000000000004 147.50000000000003 3.5000000000000004
decision_type=2 2 2 2 2 2 2 2 2 2 2 2
left_child=3 -2 11 9 6 7 -5 -6 -8 10 -1 -3
right_child=1 2 -4 4 5 -7 8 -9 -10 -11 -12 -13
leaf_value=-0.016746891880977798 0 0 0 0.013881286015089816 0.049824562622281812 0 -0.015967427620956622 0 0 0 0 -0.040927300956522542
leaf_weight=72.856628444045782 43.756392227485776 11.493531012907622 15.567534510046242 83.82026690710336 88.211043853312731 6.4605327788740388 88.260534736327827 2.2567434161901465 19.273321911692619 14.023545013740657 8.7487095855176431 64.514664586633444
leaf_count=394 431 99 72 443 489 31 488 10 104 80 51 847
internal_value=0 -0.00872695 -0.0223417 0.00242198 0.0103073 0.02979 0 0.0465628 -0.0112744 0 -0.00680271 -0.0377699
internal_weight=519.243 135.332 91.5757 383.911 288.282 96.9283 191.354 90.4678 107.534 95.6289 81.6053 76.0082
internal_count=3539 1449 1018 2090 1565 530 1035 499 592 525 445 946
is_linear=0
shrinkage=0.285707


Tree=82
num_leaves=14
num_cat=0
split_feature=5 25 8 25 10 6 31 10 8 10 8 10 10
split_gain=0.0315279 0.347039 0.648434 0.29395 0.33863 0.252327 0.353616 0.0677679 0.0182528 0.0887545 0.0459125 0.0865279 0.0193242
threshold=1.5000000000000002 12.205263157894739 37.500000000000007 11.387500000000001 1.0000000180025095e-35 140.40000000000003 12.392857142857144 94.500000000000014 20.500000000000004 94.500000000000014 1.5000000000000002 1.5000000000000002 8.5000000000000018
decision_type=2 2 2 2 2 2 2 2 2 2 2 2 2
left_child=3 2 7 4 -1 6 -6 -2 10 -10 -5 -12 -13
right_child=1 -3 -4 8 5 -7 -8 -9 9 -11 11 12 -14
leaf_value=0 -0.045613021392095068 0 0 0 0.02943720273951873 0 0 0 -0.0086649262145054064 0 0 0.010859625948775641 0
leaf_weight=3.9584070732817045 36.045249057933688 47.369323888793588 3.9720274340361348 89.611751098185778 112.80842803325504 25.822484225034714 18.636999152600765 1.538470834493636 110.32807429134846 5.7101824618875971 6.2211121656000605 99.035661557689309 37.758331134915352
leaf_count=44 262 280 27 529 619 138 66 7 728 26 36 550 227
internal_value=0 -0.00273378 -0.0247075 0.00190085 0.0124348 0.0181015 0.0232177 -0.0433617 0 -0.00349397 0 0.00501482 0.0087008
internal_weight=598.817 88.9251 41.5557 509.891 161.226 157.268 131.445 37.5837 348.665 116.038 232.627 143.015 136.794
internal_count=3539 576 296 2963 867 823 685 269 2096 754 1342 813 777
is_linear=0
shrinkage=0.285707


Tree=83
num_leaves=17
num_cat=0
split_feature=24 36 9 12 2 30 2 19 36 31 36 36 30 37 19 30
split_gain=0.553951 0.712572 1.02324 1.31838 0.702166 0.65594 0.919065 1.0299 0.412196 0.229219 0.223488 0.14679 0.0389352 0.138641 0.0381567 0.0126268
threshold=5.5000000000000009 0.65357142857142947 37.500000000000007 142.90000000000003 5.5000000000000009 5.5000000000000009 2.5000000000000004 22.500000000000004 1.5892857142857146 11.03846153846154 -1.5071428571428569 -1.9916666666666669 4.5000000000000009 11.089880952380954 48.500000000000007 4.5000000000000009
decision_type=2 2 2 2 2 2 2 2 2 2 2 2 2 2 2 2
left_child=1 2 3 4 11 12 7 8 9 -7 -11 -1 -2 -14 -13 -3
right_child=5 15 -4 -5 -6 6 -8 -9 -10 10 -12 14 13 -15 -16 -17
leaf_value=0 0 0 0 0 0 0 0 0 0 0 0.056000208466246905 -0.048240464078539914 0 -0.017179236514949802 0 0.0048467530132210055
leaf_weight=11.578508343547581 32.703974723815918 31.35630462737754 38.868364167865366 29.736754040699452 5.7454923023469737 1.8170152381062497 48.437580946832895 66.998221401125193 3.88596387207508 4.1958123333752146 90.404409572482109 143.44920963258483 2.6336581856012335 43.104399193078279 1.9374221842735995 37.865402244031429
leaf_count=152 122 219 237 156 32 7 333 284 24 26 632 977 9 157 18 154
internal_value=0 -0.0092258 -0.0188423 -0.0290764 -0.0404015 0.00798205 0.0181027 0.0291919 0.04669 0.0509034 0.0531406 -0.0451831 0 -0.00783684 -0.0477157 0
internal_weight=594.718 300.537 231.316 192.447 162.711 294.181 215.739 167.301 100.303 96.4172 94.6002 156.965 78.442 45.7381 145.387 69.2217
internal_count=3539 1945 1572 1335 1179 1594 1306 973 689 665 658 1147 288 166 995 373
is_linear=0
shrinkage=0.285707


Tree=84
num_leaves=25
num_cat=0
split_feature=10 12 12 30 25 33 25 23 25 25 12 30 9 12 19 33 3 12 9 33 3 2 3 19
split_gain=0.167631 0.225658 0.823357 0.616221 0.763724 0.840466 0.405481 0.196498 0.227517 0.142773 0.332076 0.0911178 0.978116 0.574821 0.233648 0.195208 0.549508 0.169771 0.109744 0.0875021 0.0706412 0.0412255 0.0449207 0.0189587
threshold=110.50000000000001 143.15000000000001 127.25000000000001 6.5000000000000009 1.0000000180025095e-35 8.2500000000000018 15.732142857142859 5.5000000000000009 10.232142857142859 14.586428571428572 155.05000000000004 4.5000000000000009 1.5000000000000002 120.15000000000002 53.500000000000007 9.1500000000000021 9813.0000000000018 126.95000000000002 37.500000000000007 15.850000000000001 8508.5000000000018 2.5000000000000004 9922.0000000000018 38.500000000000007
decision_type=2 2 2 2 2 2 2 2 2 2 2 2 2 2 2 2 2 2 2 2 2 2 2 2
left_child=1 2 11 4 -4 -6 7 -7 -9 10 21 13 -13 18 17 -15 19 -14 23 -17 -10 22 -3 -1
right_child=-2 9 3 -5 5 6 -8 8 20 -11 -12 12 14 15 -16 16 -18 -19 -20 -21 -22 -23 -24 -25
leaf_value=0.02480828499617127 -0.026288703938706925 -0.036213468554058596 0 0 0 0 0 0 0 0 0 0 -0.036467361808911219 0 0 -0.043954772813526839 0 0 0 0 0.060661976407493524 0 0 0
leaf_weight=87.298767444677651 13.711348779499529 29.293758451938629 27.744804268702865 29.444575738161802 17.114400139078498 1.9770795656368125 2.1841687597334376 2.1283916532993308 2.903204806149005 8.4944187104701978 18.507221298292279 22.765492567792535 84.381694784387946 13.788119759410618 1.6986486539244641 29.150338675826792 4.4154238831251851 1.667069787159561 14.51951729878783 2.8391789281740776 86.356824617832899 3.0731556974351397 4.3062235489487639 6.4972463082522145
leaf_count=478 81 191 170 288 130 27 15 11 21 82 98 204 771 61 8 149 20 16 73 19 527 21 25 53
internal_value=0 0.0003239 0.00635502 0.0220075 0.0304182 0.0408277 0.0512183 0.0549002 0.0569201 -0.00269509 -0.0140971 0 -0.00798941 0 -0.0305107 0 -0.0193823 -0.033989 0.0202588 -0.0399964 0.0592217 -0.0303307 -0.0328067 0.0236618
internal_weight=516.261 502.55 438.875 169.853 140.409 112.664 95.5497 93.3655 91.3884 63.6748 55.1804 269.021 110.513 158.509 87.7474 50.1931 36.4049 86.0488 108.316 31.9895 89.26 36.6731 33.6 93.796
internal_count=3539 3458 3041 1189 901 731 601 586 559 417 335 1852 999 853 795 249 188 787 604 168 548 237 216 531
is_linear=0
shrinkage=0.285707


Tree=85
num_leaves=8
num_cat=0
split_feature=3 11 11 11 3 3 3
split_gain=0.0310533 0.610186 0.356265 0.412932 0.150343 0.0708452 0.0162643
threshold=9124.5000000000018 5.5000000000000009 5.5000000000000009 1.5000000000000002 9922.0000000000018 9138.5000000000018 9922.0000000000018
decision_type=2 2 2 2 2 2 2
left_child=2 4 3 -1 -2 -3 -7
right_child=1 5 -4 -5 -6 6 -8
leaf_value=0 -0.020535796736474342 0 0 0.02833537562421936 0 0.0057687813307237016 0
leaf_weight=11.138614436611531 141.90543873608112 10.1847405154258 116.57021468970925 74.976983116939664 11.224444999359546 207.65799850784242 23.915586031042039
leaf_count=75 869 55 667 377 67 1295 134
internal_value=0 -0.000862736 0.00327356 0.0184375 -0.0177443 1.3084e-05 0.00493365
internal_weight=597.574 394.888 202.686 86.1156 153.13 241.758 231.574
internal_count=3539 2420 1119 452 936 1484 1429
is_linear=0
shrinkage=0.285707


Tree=86
num_leaves=8
num_cat=0
split_feature=24 22 22 24 16 19 22
split_gain=0.238895 1.02221 0.466397 1.89949 0.287445 0.280331 0.14167
threshold=3.5000000000000004 2.5000000000000004 6.5000000000000009 6.5000000000000009 1.0000000180025095e-35 41.500000000000007 7.5000000000000009
decision_type=2 2 2 2 2 2 2
left_child=1 -1 4 -4 -2 -5 -3
right_child=2 6 3 5 -6 -7 -8
leaf_value=0 0 -0.044710249370893074 -0.049537719213930347 0.014929283394307555 0.014528633202402811 0 0
leaf_weight=43.620278327260166 16.9961092248559 49.611483808839694 55.681492916774005 113.07550239562988 301.22288503404707 7.9354175478219977 0.79773548571392794
leaf_count=148 102 838 283 628 1497 29 14
internal_value=0 -0.0127192 0.00257301 0 0.0112982 0.00536742 -0.0420211
internal_weight=588.941 94.0295 494.911 176.692 318.219 121.011 50.4092
internal_count=3539 1000 2539 940 1599 657 852
is_linear=0
shrinkage=0.285707


Tree=87
num_leaves=24
num_cat=0
split_feature=33 28 24 25 11 6 6 11 12 6 3 23 25 6 25 3 27 6 23 9 3 9 27
split_gain=0.0947502 0.586272 1.28501 1.46062 0.95413 0.736365 0.695025 0.48388 0.546137 0.648499 0.360774 0.18733 0.152896 0.322362 0.366388 0.150242 0.121761 0.113012 0.148797 0.0692612 0.0192715 0.0165113 0.00719128
threshold=10.100000000000003 5.5000000000000009 6.5000000000000009 12.330952380952382 100.00000000000001 118.45000000000002 144.50000000000003 4.5000000000000009 117.25000000000001 146.50000000000003 8508.5000000000018 18.500000000000004 14.204285714285716 116.50000000000001 10.100000000000001 9721.5000000000018 8.5000000000000018 147.50000000000003 13.500000000000002 1.5000000000000002 9036.5000000000018 37.500000000000007 1.0000000180025095e-35
decision_type=2 2 2 2 2 2 2 2 2 2 2 2 2 2 2 2 2 2 2 2 2 2 2
left_child=7 12 3 4 5 -3 10 19 -9 11 -7 16 13 -2 -15 20 -10 18 22 -1 -12 -21 -16
right_child=1 2 -4 -5 -6 6 -8 8 9 -11 15 -13 -14 14 17 -17 -18 -19 -20 21 -22 -23 -24
leaf_value=0 0 0 0 0 0 0 0 0 -0.046294831440257096 0 0 0 0 0 -0.046415461331310179 0 0 0 0 0.012165136336071686 0.099063720928896384 0 0
leaf_weight=12.948146218433974 7.6940337046980849 11.779590223915873 49.524926293641329 89.20657583232969 2.2178875338286153 4.7166773080825797 8.5582024846225959 28.238601787015796 72.912412385456264 16.639686348848045 9.3112534303218109 2.6490880027413359 4.9512897189706555 41.517110377550125 36.677432702854276 13.765821100212632 1.9117629975080479 5.092332797124981 1.9113649353384961 41.299179605208337 45.907949384301901 2.3094693664461365 2.1869582943618289
leaf_count=80 43 95 481 722 9 37 51 166 509 102 57 13 33 195 229 72 9 30 9 258 311 18 10
internal_value=0 0.00156 0.0140212 0.0282004 0.0515246 0.0590939 0.0681106 -0.00611043 -0.0190131 -0.0301447 0.0764777 -0.0415199 -0.0035115 -0.0116788 -0.0207214 0.081298 -0.0443798 -0.0367353 -0.0411525 0 0.0910801 0.0106743 -0.0451256
internal_weight=513.928 335.019 234.989 185.464 96.2574 94.0395 82.2599 178.908 122.352 94.1129 73.7017 77.4733 100.031 95.0792 87.3852 68.985 74.8242 45.8681 40.7758 56.5568 55.2192 43.6086 38.8644
internal_count=3539 2384 1835 1354 632 623 528 1155 799 633 477 531 549 516 473 440 518 278 248 356 368 276 239
is_linear=0
shrinkage=0.285707


Tree=88
num_leaves=11
num_cat=0
split_feature=3 11 11 13 30 8 11 3 11 3
split_gain=0.0175672 0.364378 0.270257 0.543419 0.30068 0.169002 0.0358851 0.0263579 0.0284523 0.00787465
threshold=9124.5000000000018 3.5000000000000004 9.5000000000000018 1.0000000180025095e-35 10.500000000000002 37.500000000000007 1.5000000000000002 9138.5000000000018 5.5000000000000009 9922.0000000000018
decision_type=2 2 2 2 2 2 2 2 2 2
left_child=2 -2 3 4 5 6 -1 -3 -9 -10
right_child=1 7 -4 -5 -6 -7 -8 8 9 -11
leaf_value=0 -0.020552522995976125 0 0 0 0 0 0.038663005533090558 0 0.0048931788551908901 0
leaf_weight=3.346190456300973 64.403639119118452 14.618441851809619 21.95456887409091 99.204547109082341 3.0398442000150672 8.3884997777640802 66.988507131114602 82.576488542370498 207.69765957072377 23.813927336595953
leaf_count=26 425 77 127 525 27 51 363 489 1295 134
internal_value=0 0 0.0026198 0.0112096 0.0278037 0.0330217 0.0372953 0 0.00259259 0.00434009
internal_weight=596.032 393.11 202.922 180.968 81.763 78.7232 70.3347 328.707 314.088 231.512
internal_count=3539 2420 1119 992 467 440 389 1995 1918 1429
is_linear=0
shrinkage=0.285707


Tree=89
num_leaves=18
num_cat=0
split_feature=18 19 24 6 19 19 36 19 6 36 36 6 6 36 24 36 36
split_gain=0.264471 0.543498 0.842854 0.814294 0.479136 0.386005 0.32174 0.327485 0.282847 0.287423 0.223684 0.188524 0.190571 0.0936332 0.0532195 0.0433311 0.0870999
threshold=1.0000000180025095e-35 19.500000000000004 14.500000000000002 148.45000000000002 48.500000000000007 18.500000000000004 2.3875000000000006 22.500000000000004 107.50000000000001 -1.1641414141414133 1.8121428571428553 160.50000000000003 119.05000000000001 -2.6952380952380954 3.5000000000000004 -1.4145833333333326 -0.5595238095238092
decision_type=2 2 2 2 2 2 2 2 2 2 2 2 2 2 2 2 2
left_child=1 14 3 4 6 -2 7 -3 -9 -10 11 12 -7 -14 -1 -16 -17
right_child=5 2 -4 -5 -6 10 -8 8 9 -11 -12 -13 13 -15 15 16 -18
leaf_value=0 0 0 0 0 0 0 0 0 0 -0.059512329514918312 0 0 0 0.035327925809055458 0 0.020287035969893157 0
leaf_weight=33.681419443804771 43.652927127666771 102.91193648171611 8.9478312432765943 33.347600325476378 7.8012233586050561 14.479609333910046 4.4173813178203991 6.0737060164101413 10.250130016822366 85.728110465453938 5.3290462344884864 2.2154525853693476 1.6301181465387333 76.774972008541226 13.512445101048796 30.413654493167996 104.22625434398651
leaf_count=252 276 576 33 179 50 73 46 37 113 621 27 12 15 452 75 154 548
internal_value=0 -0.0038476 -0.0138582 -0.0216087 -0.0288879 0.00998562 -0.0323468 -0.0345356 -0.0507537 -0.0543666 0.0208957 0.0253027 0.0284636 0.0336663 0 0.00530843 0.00748561
internal_weight=585.394 441.312 259.478 250.53 217.182 144.082 209.381 204.964 102.052 95.9782 100.429 95.1002 92.8847 78.4051 181.834 148.152 134.64
internal_count=3539 2684 1655 1622 1443 855 1393 1347 771 734 579 552 540 467 1029 777 702
is_linear=0
shrinkage=0.285707


Tree=90
num_leaves=22
num_cat=0
split_feature=16 13 30 21 25 36 36 30 25 11 12 33 11 30 12 36 33 12 33 36 25
split_gain=0.119379 0.417259 0.588797 0.862598 0.363896 0.311952 0.318456 0.170151 0.134558 0.352192 0.293355 0.45225 0.566231 0.64751 0.542623 0.565294 0.226748 0.115569 0.0780359 0.0678392 0.063057
threshold=1.0000000180025095e-35 1.0000000180025095e-35 1.5000000000000002 2.5000000000000004 15.320512820512823 1.8121428571428553 -1.5071428571428569 5.5000000000000009 11.387500000000001 4.5000000000000009 121.25000000000001 8.2500000000000018 9.5000000000000018 10.500000000000002 155.55000000000004 -2.6952380952380954 15.850000000000001 110.75000000000001 15.850000000000001 1.7476587301587296 14.996428571428572
decision_type=2 2 2 2 2 2 2 2 2 2 2 2 2 2 2 2 2 2 2 2 2
left_child=7 2 -2 4 5 6 -4 19 9 -3 -10 -12 13 14 15 -13 -17 -11 -19 20 -1
right_child=1 8 3 -5 -6 -7 -8 -9 10 17 11 12 -14 -15 -16 16 -18 18 -20 -21 -22
leaf_value=0.025225408801225032 0 0 0 0 0 0 -0.046830307433660533 0 0 0 0 0 0 0 0 0.062225544419896778 0 -0.027211258160848593 0 0 0
leaf_weight=42.025064001791179 40.388802133500576 27.86457484215498 9.9381454270333034 33.172861937433481 3.5873486194759598 14.38058130070567 102.26202586013824 11.792568281292914 53.266161613166332 6.0755583196878424 14.212239189073442 4.0523948222398749 8.9730151630938035 3.759392647072672 3.8984273727983227 66.268792445771396 4.6413088217377654 54.158362141810358 2.9793730564415446 3.5310346819460383 1.5513428300619114
leaf_count=367 269 120 54 167 33 71 768 41 416 31 117 23 65 29 31 619 43 237 16 17 5
internal_value=0 -0.00285642 -0.0134269 -0.0225185 -0.0338772 -0.0374532 -0.0422942 0.00960816 0 0 0.00815689 0.0176744 0.0271311 0.0364981 0.0448763 0.0515544 0.0582903 -0.0203789 -0.0245895 0.0193465 0.022641
internal_weight=512.779 453.879 203.73 163.341 130.168 126.581 112.2 58.9 250.15 91.0779 159.072 105.806 91.5933 82.6203 78.8609 74.9625 70.9101 63.2133 57.1377 47.1074 43.5764
internal_count=3539 3109 1362 1093 926 893 822 430 1747 404 1343 927 810 745 716 685 662 284 253 389 372
is_linear=0
shrinkage=0.285707


Tree=91
num_leaves=12
num_cat=0
split_feature=5 5 10 10 12 12 12 12 12 12 12
split_gain=0.00435668 0.245905 0.162177 0.328001 0.503985 0.855687 0.154831 0.00302361 0.0143252 0.0078694 0.0073658
threshold=1.5000000000000002 28.500000000000004 1.5000000000000002 3.5000000000000004 146.85000000000005 118.45000000000002 109.95000000000002 118.45000000000002 143.15000000000001 125.95000000000002 98.800000000000026
decision_type=2 2 2 2 2 2 2 2 2 2 2
left_child=2 6 -1 4 5 -4 -2 10 9 -9 -5
right_child=1 -3 3 7 -6 -7 -8 8 -10 -11 -12
leaf_value=0 0 0 0 0 0 0.04912837750460184 -0.029736209323797277 0 0 -0.0035789718731582183 0.0025788853522833101
leaf_weight=19.332442183978856 6.2248099073767653 50.758518321439624 27.643333520740271 4.3165445551276198 5.50984913855791 56.691785611212254 31.001458747312427 104.88899372890592 32.941711702384055 135.42905557435006 121.50610790587962
leaf_count=145 52 252 136 23 40 288 272 576 231 882 642
internal_value=0 -0.000420079 0.000811954 0.00523759 0.0205173 0.0300331 -0.0215553 0 0 -0.00217878 0.00136827
internal_weight=596.245 87.9848 508.26 488.927 89.845 84.3351 37.2263 399.082 273.26 240.318 125.823
internal_count=3539 576 2963 2818 464 424 324 2354 1689 1458 665
is_linear=0
shrinkage=0.285707


Tree=92
num_leaves=17
num_cat=0
split_feature=24 10 6 10 36 3 30 24 6 6 3 3 36 3 36 30
split_gain=0.147837 0.71554 0.374351 0.408388 0.32811 0.219892 0.210201 0.316278 0.254753 0.399888 0.278726 0.134761 0.128764 0.10401 0.0915332 0.0386747
threshold=4.5000000000000009 8.5000000000000018 136.50000000000003 1.0000000180025095e-35 0.62660256410256399 9813.0000000000018 6.5000000000000009 6.5000000000000009 122.50000000000001 158.50000000000003 9922.0000000000018 4092.5000000000005 -1.3577777777777775 9036.5000000000018 -2.3333333333333326 3.5000000000000004
decision_type=2 2 2 2 2 2 2 2 2 2 2 2 2 2 2 2
left_child=2 6 3 -1 14 12 8 -8 -2 10 13 -9 -3 -10 -5 -14
right_child=1 5 -4 4 -6 -7 7 11 9 -11 -12 -13 15 -15 -16 -17
leaf_value=0 0 0 0 0 0 0 0 0 0 0 0 0.024173461685967096 0 -0.029053218999036668 -0.038000932018958704 0.026967492978858542
leaf_weight=3.2556820695754132 43.407013986259699 10.301472166553138 57.023451001150534 4.5344581711105993 28.054600504226983 24.003423328977078 12.960242316126822 6.5284784510731688 12.185540212318299 8.8297537527978402 3.7122106831520787 56.994345333427191 6.2185753472149363 114.63723198045045 67.069825118407607 124.21733462810516
leaf_count=53 199 54 370 108 178 96 50 23 56 49 14 348 31 590 640 680
internal_value=0 0.00329984 -0.00667112 -0.0186638 -0.025972 0.0192221 0 0 -0.00953361 -0.0161577 -0.0227379 0.0192689 0.0234998 -0.0265093 -0.0355449 0.025903
internal_weight=583.934 423.996 159.938 102.915 99.6589 164.741 259.255 76.4831 182.772 139.365 130.535 63.5228 140.737 126.823 71.6043 130.436
internal_count=3539 2190 1349 979 926 861 1329 421 908 709 660 371 765 646 748 711
is_linear=0
shrinkage=0.285707


Tree=93
num_leaves=11
num_cat=0
split_feature=8 5 2 5 24 3 2 3 5 24
split_gain=0.0223738 0.335396 0.582085 0.12659 0.0929714 0.0628437 0.0610408 0.0419053 0.00992695 0.00247757
threshold=29.500000000000004 1.5000000000000002 3.5000000000000004 9.5000000000000018 14.500000000000002 9922.0000000000018 4.5000000000000009 9613.0000000000018 41.000000000000007 6.5000000000000009
decision_type=2 2 2 2 2 2 2 2 2 2
left_child=1 2 7 4 5 6 -2 -1 9 -3
right_child=3 8 -4 -5 -6 -7 -8 -9 -10 -11
leaf_value=-0.02128571571846426 0.0141540962527849 0.0047659279722865678 0 0 0 0 0 0 0 0
leaf_weight=170.36343532521278 135.06328403297812 38.567533751018345 36.526984793134034 28.919399700127542 3.0017918348312369 21.927048137411475 9.7264060545712692 57.106071727350354 4.5901333466172209 5.624413050711154
leaf_count=1201 973 246 286 189 19 111 77 373 28 36
internal_value=0 -0.00223942 -0.0103594 0.00105463 0.00775229 0.0102508 0.0124248 -0.0181001 0 0.00401757
internal_weight=511.417 312.779 263.996 198.638 169.719 166.717 144.79 227.47 48.7821 44.1919
internal_count=3539 2170 1860 1369 1180 1161 1050 1574 310 282
is_linear=0
shrinkage=0.285707


Tree=94
num_leaves=3
num_cat=0
split_feature=1 1
split_gain=0.0143953 0.0616662
threshold=42.500000000000007 6.0000000000000009
decision_type=2 2
left_child=1 -1
right_child=-2 -3
leaf_value=0 0.0024734023308252561 -0.0044889645595167843
leaf_weight=226.93589553795755 98.354276081547141 270.42036757897586
leaf_count=1387 494 1658
internal_value=0 -0.00103248
internal_weight=595.711 497.356
internal_count=3539 3045
is_linear=0
shrinkage=0.285707


Tree=95
num_leaves=21
num_cat=0
split_feature=12 10 12 12 30 22 10 11 30 9 19 10 37 11 37 12 37 37 10 10
split_gain=0.151887 0.53904 0.468464 0.341205 0.616883 0.802229 1.35384 0.567903 1.4845 0.675124 0.585146 0.485189 0.322384 0.376491 0.205018 0.0388201 0.141226 0.224563 0.139286 0.130075
threshold=145.65000000000001 2.5000000000000004 170.60000000000002 120.85000000000001 7.5000000000000009 5.5000000000000009 8.5000000000000018 7.5000000000000009 3.5000000000000004 2.5000000000000004 40.500000000000007 1.5000000000000002 14.500625000000001 9.5000000000000018 14.063333333333336 119.05000000000001 11.201190476190478 13.643452380952384 5.5000000000000009 142.00000000000003
decision_type=2 2 2 2 2 2 2 2 2 2 2 2 2 2 2 2 2 2 2 2
left_child=3 -2 -3 7 5 -5 11 8 -1 -10 14 -7 13 -13 -11 16 -9 18 -18 -20
right_child=1 2 -4 4 -6 6 -8 15 9 10 -12 12 -14 -15 -16 -17 17 -19 19 -21
leaf_value=0 0 0.040746788424957742 0 0 0 0 0 0 0 0.062564991899800221 0 -0.059870151294491455 0 0 0 0 0 0 -0.039188723172037469 0
leaf_weight=17.951384254731238 12.103935030754654 50.953097336459905 2.4365699235349885 87.823318455601111 44.759177103638649 8.3884317986667138 72.664515677606687 10.584200779674573 20.749013338238001 67.482809044420719 3.9446131139993659 91.739249786362052 7.448145054280757 6.702605470083653 5.3059158697724333 14.231856252532451 18.929882621392608 3.998362358659505 29.811692941002548 4.1113221049308768
leaf_count=317 65 296 12 487 258 47 461 138 98 293 15 559 51 34 34 98 83 28 148 17
internal_value=0 0.013135 0.0307966 -0.000343574 -0.00917011 -0.0166385 -0.0272438 0.00162921 0.0196508 0.0402989 0.0519351 -0.0459271 -0.0511991 -0.0553191 0.0586381 0 -0.00656846 -0.0152903 -0.0236872 -0.0333431
internal_weight=582.12 65.4936 53.3897 516.626 319.525 274.766 186.943 197.101 115.434 97.4824 76.7333 114.278 105.89 98.4419 72.7887 81.6673 67.4355 56.8513 52.8529 33.923
internal_count=3539 373 308 3166 1897 1639 1152 1269 757 440 342 691 644 593 327 512 414 276 248 165
is_linear=0
shrinkage=0.285707


Tree=96
num_leaves=19
num_cat=0
split_feature=10 11 11 12 16 23 12 30 19 19 12 12 6 6 6 19 12 19
split_gain=0.0857361 0.21564 0.885534 0.590169 0.582186 0.562469 0.555228 0.537751 0.37035 0.481623 0.356065 0.584867 0.89214 0.729413 0.295051 0.0668778 0.0578632 0.000312272
threshold=110.50000000000001 6.5000000000000009 4.5000000000000009 144.05000000000004 1.0000000180025095e-35 7.5000000000000009 133.45000000000002 12.500000000000002 48.500000000000007 20.500000000000004 135.05000000000004 117.85000000000001 144.50000000000003 123.45000000000002 105.50000000000001 39.500000000000007 100.05000000000001 26.500000000000004
decision_type=2 2 2 2 2 2 2 2 2 2 2 2 2 2 2 2 2 2
left_child=1 2 10 5 -4 -3 15 8 9 -7 11 -1 13 -13 -11 -6 -16 -12
right_child=-2 3 4 -5 6 7 -8 -9 -10 14 17 12 -14 -15 16 -17 -18 -19
leaf_value=0 -0.019031476996428605 0 0 0 -0.054355213362039009 0 0 0 0 0 -0.00082415827356597084 0 0 0.058928922780286663 0 0 0.06048400916896756 0
leaf_weight=37.329217905178666 13.277445847168563 79.883490215986967 10.512341680005191 27.445310059003532 51.263010947965086 70.269229598343372 22.156412169337273 2.6954188011586657 4.6464042179286471 3.8049402125179759 31.516744896769524 14.220838287845252 5.2994638700038186 54.619077864103019 5.9545175395905963 1.5455036647617806 63.406592393293977 10.902864894829689
leaf_count=241 81 715 75 195 358 542 163 16 20 21 200 77 33 357 29 8 343 65
internal_value=0 0.000155947 0 0.00816656 -0.0278403 0.0166726 -0.0382437 0.0266917 0.0317769 0.0352627 0.00293096 0.0160965 0.0312317 0.0449155 0.0533249 -0.0527641 0.0575034 0
internal_weight=510.749 497.471 239.365 258.106 85.4773 230.661 74.9649 150.777 148.082 143.435 153.888 111.469 74.1394 68.8399 73.1661 52.8085 69.3611 42.4196
internal_count=3539 3458 1577 1881 604 1686 529 971 955 935 973 708 467 434 393 366 372 265
is_linear=0
shrinkage=0.285707


Tree=97
num_leaves=8
num_cat=0
split_feature=1 11 10 29 10 29 29
split_gain=0.0124699 0.145071 0.268019 0.097755 0.0572088 0.000563046 0.00549348
threshold=42.500000000000007 3.5000000000000004 8.5000000000000018 15.500000000000002 2.5000000000000004 5.5000000000000009 16.500000000000004
decision_type=2 2 2 2 2 2 2
left_child=1 2 3 -1 -2 -3 -7
right_child=4 5 -4 -5 -6 6 -8
leaf_value=-0.023553487497750002 0 0 0 0 0.0076041088365099698 0.0011581510555868201 0
leaf_weight=70.225455327890813 16.184983449056745 39.998062395490706 14.089641286991535 2.4790218248963347 82.083133930340409 362.57194807939231 7.6360023394227019
leaf_count=456 79 397 85 11 415 2059 37
internal_value=0 -0.00108664 -0.0115758 -0.0208788 0.00201633 0 0.000349521
internal_weight=595.268 497 86.7941 72.7045 98.2681 410.206 370.208
internal_count=3539 3045 552 467 494 2493 2096
is_linear=0
shrinkage=0.285707


Tree=98
num_leaves=28
num_cat=0
split_feature=6 36 36 6 12 30 2 3 12 6 36 36 16 12 12 3 36 30 6 12 3 6 2 2 36 3 3
split_gain=0.0793169 0.810953 1.41445 1.61021 0.925284 1.21442 0.968637 0.803339 0.86106 0.715583 0.694379 1.0945 0.568972 0.52367 0.649184 0.496568 0.391323 0.928369 0.667849 0.270507 0.256675 0.0843907 0.219736 0.0751668 0.123392 0.0430064 0.00144789
threshold=133.55000000000004 0.053571428571428804 -0.91602564102564166 117.20000000000002 113.05000000000001 9.5000000000000018 5.5000000000000009 9192.5000000000018 132.85000000000005 133.05000000000004 0.053571428571428804 -1.0446428571428565 1.0000000180025095e-35 125.45000000000002 162.45000000000002 9813.0000000000018 0.65357142857142947 8.5000000000000018 135.50000000000003 146.10000000000002 9813.0000000000018 129.50000000000003 4.5000000000000009 2.5000000000000004 1.7583333333333331 9922.0000000000018 9377.0000000000018
decision_type=2 2 2 2 2 2 2 2 2 2 2 2 2 2 2 2 2 2 2 2 2 2 2 2 2 2 2
left_child=1 2 26 -4 -5 6 25 21 9 15 11 -2 -13 -14 20 -9 17 18 -12 -20 -15 22 -3 24 -18 -6 -1
right_child=10 7 3 4 5 -7 -8 8 -10 -11 16 12 13 14 -16 -17 23 -19 19 -21 -22 -23 -24 -25 -26 -27 -28
leaf_value=0.0017066097800120677 0 -0.025050799780483444 0 0 -0.079240592442578944 0 0 0.059032315506333845 0 0 0 0 0 0.059710088720506434 0 0 0.02067940882281202 0 -0.075906701088785 0 0 0 0 0 0 0 0
leaf_weight=34.568680042400956 30.632836568634957 33.548644126392901 21.524068736238405 14.614991651847957 84.600301536731422 8.2039403542876226 3.6648336090147486 62.001515814103186 11.124401211738585 8.4537455923855287 4.5646341666579238 7.7354550680611274 17.061121565289795 82.287379237823188 4.552737981081008 11.5295940679498 31.890309072099626 4.3476475104689589 25.978915197774771 4.8200372196733943 4.6820198521018019 23.604450908489525 2.7626577392220488 7.5428029969334593 7.711978016421198 4.5188430713023982 22.903501706430689
leaf_count=247 195 162 154 133 578 31 22 336 58 45 22 71 104 504 21 49 186 19 128 31 29 117 12 40 49 38 158
internal_value=0 -0.00152512 -0.0179749 -0.0354888 -0.0506276 -0.0601593 -0.0701647 0.00372172 0.0261495 0.0396105 0.00485465 0.0201868 0.0352121 0.0415798 0.0496949 0.0497001 0 -0.0264317 -0.0510258 -0.0663889 0.0562177 0 -0.012758 0 0.0115981 -0.0770967 0
internal_weight=581.432 347.624 194.599 137.127 115.603 100.988 92.784 153.025 93.1093 81.9849 233.808 146.952 116.319 108.583 91.5221 73.5311 86.8563 39.7112 35.3636 30.799 86.9694 59.9158 36.3113 47.1451 39.6023 89.1191 57.4722
internal_count=3539 2140 1361 956 802 669 638 779 488 430 1399 924 729 658 554 385 475 200 181 159 533 291 174 275 235 616 405
is_linear=0
shrinkage=0.285707


Tree=99
num_leaves=17
num_cat=0
split_feature=16 33 31 22 36 23 36 36 22 22 36 31 30 1 9 9
split_gain=0.0621268 0.319296 0.884082 0.55505 0.524058 0.186788 0.523465 1.01988 1.08242 0.303153 0.189749 0.106395 0.0952828 0.0916441 0.000114102 0.344319
threshold=1.0000000180025095e-35 10.950000000000001 12.691587301587303 14.500000000000002 -2.580555555555557 9.5000000000000018 0.26726190476190409 -0.15249999999999977 1.0000000180025095e-35 7.5000000000000009 -0.42613636363636415 12.824732142857146 1.5000000000000002 42.500000000000007 34.500000000000007 1.5000000000000002
decision_type=2 2 2 2 2 2 2 2 2 2 2 2 2 2 2 2
left_child=11 2 3 4 -2 6 7 -3 -9 -10 -7 13 -12 -1 15 -4
right_child=1 5 14 -5 -6 10 -8 8 9 -11 12 -13 -14 -15 -16 -17
leaf_value=0.021333006997670871 0 0 0 0 -0.036195085300359552 0 0 0 0.088920831302358144 0 0 0 -0.018948809865632292 0 0 0.031829186470404919
leaf_weight=31.474793599918485 10.977657560259102 48.970121182501316 7.3247350314632085 3.7756887078285208 139.39420500956476 37.558048278093338 38.643825057893991 23.881705388426781 26.049710888415579 3.9192701308056703 4.9820561483502379 18.94899645447731 61.095239158719778 7.1640109475702038 24.27562553063035 21.740946168079972
leaf_count=308 57 411 86 13 748 193 418 71 253 64 29 72 321 50 260 185
internal_value=0 -0.00301805 -0.0119014 -0.0252866 -0.0307339 0 0.00988796 0.0229153 0.0484293 0.0797362 -0.0027485 0.00374947 -0.0150449 0.014647 0 0.000515297
internal_weight=510.177 452.589 207.489 154.148 150.372 245.1 141.465 102.821 53.8507 29.969 103.635 57.5878 66.0773 38.6388 53.3413 29.0657
internal_count=3539 3109 1349 818 805 1760 1217 799 388 317 543 430 350 358 531 271
is_linear=0
shrinkage=0.285707


Tree=100
num_leaves=8
num_cat=0
split_feature=1 10 10 1 1 10 10
split_gain=0.00419845 0.0625187 0.167365 0.21037 0.0849923 0.0579803 0.0487102
threshold=42.500000000000007 94.500000000000014 3.5000000000000004 6.0000000000000009 22.500000000000004 1.5000000000000002 2.5000000000000004
decision_type=2 2 2 2 2 2 2
left_child=1 2 5 -4 -5 -1 -2
right_child=6 -3 3 4 -6 -7 -8
leaf_value=0 0 0 0 -0.018253080992352965 0 0.0072179073485400371 0.0070001923584251096
leaf_weight=18.84276563860476 16.156998300924897 17.523370234295726 166.43241124879569 122.67866239696741 84.890420405194163 84.833698055706918 82.101951948367059
leaf_count=155 79 72 1057 750 548 463 415
internal_value=0 -4.6314e-05 -0.00324854 -0.00702731 -0.0129718 0 0.0018101
internal_weight=593.46 495.201 477.678 374.001 207.569 103.676 98.259
internal_count=3539 3045 2973 2355 1298 618 494
is_linear=0
shrinkage=0.285707


Tree=101
num_leaves=20
num_cat=0
split_feature=15 18 2 6 37 6 22 36 2 12 16 12 6 37 37 12 36 12 12
split_gain=0.202843 0.687126 0.329038 0.5496 0.756865 0.597361 0.825 0.305145 0.372465 0.285165 0.156933 0.0934634 0.301272 0.286065 0.500382 0.164314 0.00857239 0.583074 0.172431
threshold=1.0000000180025095e-35 1.0000000180025095e-35 2.5000000000000004 129.50000000000003 11.569047619047621 142.50000000000003 6.5000000000000009 1.1666666666666672 4.5000000000000009 101.15000000000002 1.0000000180025095e-35 121.05000000000001 146.50000000000003 12.396428571428574 14.063333333333336 136.15000000000001 -0.99375000000000024 118.05000000000001 148.55000000000004
decision_type=2 2 2 2 2 2 2 2 2 2 2 2 2 2 2 2 2 2 2
left_child=2 7 3 16 -5 6 9 8 -2 -6 -11 -4 13 -13 15 -15 -1 -18 -19
right_child=1 -3 11 4 5 -7 -8 -9 -10 10 -12 12 -14 14 -16 -17 17 18 -20
leaf_value=0 -0.055988737047988645 0 0 0 0 0 0 0 0 0 0.055680306032165651 0 0 -0.058776852524966366 0 0 0 -0.030441346923170711 0
leaf_weight=24.731877902522683 32.925665545742959 11.914837150834499 36.483843161957338 69.577866028761491 2.841684208251535 57.825534071773291 54.137061706744134 6.5766761600971213 1.6092867264524091 2.7824353696778408 88.044164388440549 22.978817872703075 6.7245222982019177 25.780444439500574 6.3967473171651354 4.20828753709793 59.738178078783676 61.294560485752299 3.1556377634406081
leaf_count=152 287 65 223 561 16 340 295 39 15 15 451 133 47 147 53 25 323 337 15
internal_value=0 -0.0134344 0.00332867 0.00872723 0.0166141 0.0256649 0.0349761 -0.037635 -0.0475443 0.0506294 0.0536557 0 -0.0102867 -0.0222007 -0.0362047 -0.0517522 0 -0.00231829 -0.0261804
internal_weight=579.728 53.0265 526.702 424.129 275.209 205.631 147.805 41.1116 34.535 93.6683 90.8266 102.573 66.0888 59.3643 36.3855 29.9887 148.92 124.188 64.4502
internal_count=3539 406 3133 2505 1678 1117 777 341 302 482 466 628 405 358 225 172 827 675 352
is_linear=0
shrinkage=0.285707


Tree=102
num_leaves=14
num_cat=0
split_feature=10 24 11 21 33 23 11 24 8 23 11 8 33
split_gain=0.0534074 0.108401 0.303542 0.222142 0.682002 0.990945 0.232214 0.211823 0.0347734 0.0211056 0.0173191 0.00439796 0.284099
threshold=110.50000000000001 5.5000000000000009 6.5000000000000009 5.5000000000000009 13.300000000000002 6.5000000000000009 1.5000000000000002 1.0000000180025095e-35 37.500000000000007 5.5000000000000009 4.5000000000000009 2.5000000000000004 14.700000000000001
decision_type=2 2 2 2 2 2 2 2 2 2 2 2 2
left_child=1 2 10 4 5 -3 -7 -4 -8 -9 -1 -5 -13
right_child=-2 3 7 11 -6 6 8 9 -10 -11 -12 12 -14
leaf_value=0 -0.015124723060730516 0 0 0 0 0 -0.053485496310977522 0 0 0.020238397674856207 -0.0046401887944457123 0.028604896031407288 0
leaf_weight=100.43337453622371 13.046474002301691 18.565658885985613 41.466654854826629 6.9690907150506964 38.463879318907857 4.8353758677840224 55.682609490118921 7.106641696766018 10.372675140388308 122.5066075110808 59.648175042122602 22.769678147509698 6.5483658686280242
leaf_count=547 81 237 286 42 395 32 598 61 119 657 348 100 36
internal_value=0 0 0.00512285 0 -0.0116358 -0.0278043 -0.0448505 0.0137798 -0.0490873 0.019376 0 0 0.00318772
internal_weight=508.415 495.369 331.161 164.207 127.92 89.4563 70.8907 171.08 66.0553 129.613 160.082 36.2871 29.318
internal_count=3539 3458 1899 1559 1381 986 749 1004 717 718 895 178 136
is_linear=0
shrinkage=0.285707


Tree=103
num_leaves=3
num_cat=0
split_feature=1 1
split_gain=0.000468977 0.0179271
threshold=42.500000000000007 6.0000000000000009
decision_type=2 2
left_child=1 -1
right_child=-2 -3
leaf_value=0 0.0006046589333819415 -0.0023116690284028037
leaf_weight=226.1062173191458 98.414806458167732 267.85003241058439
leaf_count=1387 494 1658
internal_value=0 -1.43209e-05
internal_weight=592.371 493.956
internal_count=3539 3045
is_linear=0
shrinkage=0.285707


Tree=104
num_leaves=11
num_cat=0
split_feature=24 15 3 12 3 24 12 12 3 12
split_gain=0.181619 0.345369 0.384085 0.564088 0.307344 0.310841 0.274965 0.31632 0.0450663 0.0170811
threshold=4.5000000000000009 1.0000000180025095e-35 9377.0000000000018 106.05000000000001 8508.5000000000018 3.5000000000000004 100.05000000000001 151.05000000000004 9192.5000000000018 165.50000000000003
decision_type=2 2 2 2 2 2 2 2 2 2
left_child=4 2 3 -2 -1 6 -6 -8 -3 -5
right_child=1 8 -4 9 5 -7 7 -9 -10 -11
leaf_value=0 0 -0.012233871033263703 0 0.024895693555180218 0 0 -0.046733495398054825 0 0 0
leaf_weight=46.651949425693601 11.97354309633374 18.567982750013471 187.54415718093514 179.76709137111902 1.6536959288641799 64.567114320816472 42.244965180987492 3.0069860257208338 20.821536181960255 2.2434481568634501
leaf_count=198 50 79 1023 928 40 329 748 34 98 12
internal_value=0 0.00437195 0.00968518 0.0183992 -0.00637233 -0.0164401 -0.0328566 -0.0393982 0 0.0245964
internal_weight=579.042 420.918 381.528 193.984 158.125 111.473 46.9056 45.252 39.3895 182.011
internal_count=3539 2190 2013 990 1349 1151 822 782 177 940
is_linear=0
shrinkage=0.285707


Tree=105
num_leaves=10
num_cat=0
split_feature=33 23 24 3 23 21 24 3 3
split_gain=0.0202761 0.197839 0.260958 0.300047 0.253883 0.177028 0.158273 0.0887716 0.0571661
threshold=10.100000000000003 9.5000000000000018 6.5000000000000009 9124.5000000000018 12.500000000000002 8.5000000000000018 4.5000000000000009 8508.5000000000018 9138.5000000000018
decision_type=2 2 2 2 2 2 2 2 2
left_child=5 2 3 -2 7 6 -1 -3 -8
right_child=1 4 -4 -5 -6 -7 8 -9 -10
leaf_value=0 0 0 0 0.023577814193123943 0 0 0 -0.019180820833592443 -0.02523268258494939
leaf_weight=97.130234310403466 72.878569315187633 3.2677214927971354 20.575632639229298 105.41511406842619 58.23227216117084 7.5333906486630431 23.798253894783556 70.015232615172863 46.90584410354495
leaf_count=509 467 22 313 901 286 33 188 395 425
internal_value=0 0 0.00887824 0.0142549 0 -0.00302078 -0.00962515 -0.0161666 -0.0194512
internal_weight=505.752 330.385 198.869 178.294 131.515 175.368 167.834 73.283 70.7041
internal_count=3539 2384 1681 1368 703 1155 1122 417 613
is_linear=0
shrinkage=0.285707


Tree=106
num_leaves=10
num_cat=0
split_feature=29 10 5 11 12 10 29 12 1
split_gain=0.0150062 0.173603 0.274133 0.291627 0.367686 0.347555 0.225307 0.11881 0.0492866
threshold=5.5000000000000009 1.5000000000000002 1.5000000000000002 1.5000000000000002 126.85000000000001 8.5000000000000018 11.500000000000002 163.35000000000005 42.500000000000007
decision_type=2 2 2 2 2 2 2 2 2
left_child=7 -2 3 -3 5 6 -5 8 -1
right_child=1 2 -4 4 -6 -7 -8 -9 -10
leaf_value=-0.015861398182064109 0 0 0 0.031411526794762126 0 0 0 0 0
leaf_weight=49.351764671504498 19.549994337372482 9.8026557806879264 76.087890775874257 134.00000708177686 165.61323378048837 99.11954409442842 30.058068353682756 2.1884108930826178 4.7683006180450311
leaf_count=489 140 57 436 679 1014 544 119 14 47
internal_value=0 0.00137269 0.00540099 0.00919201 0.0118805 0.018425 0.0265359 -0.00182235 -0.0128346
internal_weight=590.54 534.231 514.681 438.594 428.791 263.178 164.058 56.3085 54.1201
internal_count=3539 2989 2849 2413 2356 1342 798 550 536
is_linear=0
shrinkage=0.285707


Tree=107
num_leaves=15
num_cat=0
split_feature=18 19 30 12 3 19 19 3 12 12 24 12 3 12
split_gain=0.069132 0.319707 0.810498 0.98649 0.450362 0.277791 0.25973 0.129077 0.300088 0.324651 0.0496946 0.54968 0.360551 0.421341
threshold=1.0000000180025095e-35 19.500000000000004 10.500000000000002 145.10000000000002 9922.0000000000018 48.500000000000007 18.500000000000004 9813.0000000000018 124.05000000000001 152.95000000000002 3.5000000000000004 134.05000000000004 9813.0000000000018 114.25000000000001
decision_type=2 2 2 2 2 2 2 2 2 2 2 2 2 2
left_child=1 10 3 4 5 -3 -2 8 -8 -10 -1 12 13 -12
right_child=6 2 -4 -5 -6 -7 7 -9 9 -11 11 -13 -14 -15
leaf_value=0 0 -0.035869747116099165 0 0 0 0 0 0 0.04320338812539453 0 0 0 0 0.033966503105973156
leaf_weight=32.950414710212499 43.147667735815048 175.29992872732691 21.457240626215935 33.072850377298892 19.692981608910486 5.1890277315396807 44.027341799810529 9.5826600827276689 40.76890246104449 3.942628636956214 13.417934888042508 31.958943508565426 9.1358205089345557 91.716619016602635
leaf_count=252 276 1208 82 192 140 33 257 41 260 21 64 189 37 487
internal_value=0 -0.00155302 -0.0102061 -0.0197489 -0.0290364 -0.0336044 0.00557401 0.0157203 0.0195787 0.0346264 0 0.00516191 0.0201684 0.0265518
internal_weight=575.361 433.892 254.712 233.255 200.182 180.489 141.469 98.3215 88.7389 44.7115 179.18 146.229 114.27 105.135
internal_count=3539 2684 1655 1573 1381 1241 855 579 538 281 1029 777 588 551
is_linear=0
shrinkage=0.285707


Tree=108
num_leaves=10
num_cat=0
split_feature=17 30 2 23 30 23 30 19 19
split_gain=0.0928978 0.563668 0.650968 1.52065 0.502713 0.399406 0.481871 0.19327 0.153177
threshold=1.0000000180025095e-35 1.5000000000000002 1.5000000000000002 11.500000000000002 3.5000000000000004 6.5000000000000009 7.5000000000000009 20.500000000000004 49.500000000000007
decision_type=2 2 2 2 2 2 2 2 2
left_child=1 -1 3 4 -3 -2 7 -7 -9
right_child=5 2 -4 -5 -6 6 -8 8 -10
leaf_value=0 0 0 0 0 -0.053811915337358428 0 0 0.034977803912720484 0
leaf_weight=49.769053542986512 61.03611858934164 24.231020398437977 71.24803804140538 52.034882372245193 87.342065417207778 62.163130440749228 17.04160107113421 77.187432998791337 2.6420999839901915
leaf_count=358 383 90 687 263 890 346 101 407 14
internal_value=0 -0.00454792 -0.0146963 -0.0248994 -0.0441588 0.00263666 0.0143897 0.0222861 0.032251
internal_weight=504.695 284.625 234.856 163.608 111.573 220.07 159.034 141.993 79.8295
internal_count=3539 2288 1930 1243 980 1251 868 767 421
is_linear=0
shrinkage=0.285707


Tree=109
num_leaves=1
num_cat=0
split_feature=
split_gain=
threshold=
decision_type=
left_child=
right_child=
leaf_value=0
leaf_weight=
leaf_count=3539
internal_value=
internal_weight=
internal_count=
is_linear=0
shrinkage=1


Tree=110
num_leaves=14
num_cat=0
split_feature=18 37 12 12 19 6 37 19 6 1 12 12 6
split_gain=0.0331129 0.372427 0.158618 0.125344 0.123034 0.234707 0.420469 0.503361 0.0121117 0.0115297 0.0331193 0.0491724 0.0027653
threshold=1.0000000180025095e-35 12.75357142857143 144.75000000000003 115.55000000000001 22.500000000000004 148.45000000000002 12.396428571428574 48.500000000000007 143.50000000000003 16.500000000000004 104.05000000000001 134.05000000000004 145.35000000000002
decision_type=2 2 2 2 2 2 2 2 2 2 2 2 2
left_child=4 2 3 -2 9 6 7 8 -6 10 -1 -12 -5
right_child=1 -3 -4 12 5 -7 -8 -9 -10 -11 11 -13 -14
leaf_value=0 0 0 0 0.030840286809771508 -0.043244166523854467 0 0 0 0 0 0.008013457789483305 0 0
leaf_weight=4.837767196353524 18.589938713237643 57.266760751605034 6.6267214491963378 53.401578968390822 50.458433468127623 22.063087909482419 59.140547477640212 3.308444495080038 2.128079463960602 131.24796124105342 113.2514018449001 46.518549029715359 5.2044101841747752
leaf_count=27 92 445 25 271 555 127 270 30 13 767 643 252 22
internal_value=0 0.0042866 0.0191963 0.0235256 0 -0.00837719 -0.0155321 -0.0320334 -0.0422525 0 0.00234864 0.00468877 0.0295131
internal_weight=574.044 141.089 83.8226 77.1959 432.954 137.099 115.036 55.895 52.5865 295.856 164.608 159.77 58.606
internal_count=3539 855 410 385 2684 995 868 598 568 1689 922 895 293
is_linear=0
shrinkage=0.285707


Tree=111
num_leaves=12
num_cat=0
split_feature=13 3 25 27 25 25 3 16 27 27 25
split_gain=0.0120378 0.518534 0.451683 0.43762 0.467287 0.230618 0.493924 0.443259 0.0881315 0.0114409 0.0189917
threshold=1.0000000180025095e-35 9102.0000000000018 10.621428571428572 1.5000000000000002 1.0000000180025095e-35 15.320512820512823 9528.0000000000018 1.0000000180025095e-35 10.500000000000002 4.5000000000000009 13.859404761904765
decision_type=2 2 2 2 2 2 2 2 2 2 2
left_child=3 9 -3 4 -1 6 7 -6 -4 10 -2
right_child=1 2 8 -5 5 -7 -8 -9 -10 -11 -12
leaf_value=0 -0.0066063451980354097 0 0.02284880823459216 0 0 0 0 -0.044018909487829723 0 0 0
leaf_weight=31.496237987652421 72.273667162284255 27.704290181398392 157.70585657749325 42.700642377138138 13.031168157234786 3.962041249498724 54.812722474336624 81.807160031981766 1.6613190323114384 5.8528655860573044 8.4886753549799305
leaf_count=289 373 205 1209 219 81 34 328 661 7 36 97
internal_value=0 0.000210669 0.0146442 -0.00203701 -0.0138559 -0.0216525 -0.0245295 -0.0364488 0.021756 -0.00317286 -0.00463774
internal_weight=501.497 273.687 187.071 227.81 185.109 153.613 149.651 94.8383 159.367 86.6152 80.7623
internal_count=3539 1927 1421 1612 1393 1104 1070 742 1216 506 470
is_linear=0
shrinkage=0.285707


Tree=112
num_leaves=1
num_cat=0
split_feature=
split_gain=
threshold=
decision_type=
left_child=
right_child=
leaf_value=0
leaf_weight=
leaf_count=3539
internal_value=
internal_weight=
internal_count=
is_linear=0
shrinkage=1


Tree=113
num_leaves=4
num_cat=0
split_feature=30 16 2
split_gain=0.057778 0.0297945 0.0437863
threshold=10.500000000000002 1.0000000180025095e-35 4.5000000000000009
decision_type=2 2 2
left_child=1 2 -1
right_child=-2 -3 -4
leaf_value=-0.013232200801836205 0.012413549001250451 0 0
leaf_weight=28.292693009367216 24.595275212079287 517.41579198325053 1.570198094472288
leaf_count=403 102 3012 22
internal_value=0 0 -0.00823378
internal_weight=571.874 547.279 29.8629
internal_count=3539 3437 425
is_linear=0
shrinkage=0.285707


Tree=114
num_leaves=12
num_cat=0
split_feature=17 23 23 23 11 21 8 2 11 11 27
split_gain=0.0126624 0.316833 0.533674 0.272192 0.41366 0.317164 0.319826 0.238705 0.150572 0.129566 0.0367257
threshold=1.0000000180025095e-35 8.5000000000000018 11.500000000000002 6.5000000000000009 113.00000000000001 13.500000000000002 37.500000000000007 4.5000000000000009 2.5000000000000004 1.5000000000000002 3.5000000000000004
decision_type=2 2 2 2 2 2 2 2 2 2 2
left_child=1 -1 7 -2 5 6 8 9 -5 -3 -11
right_child=3 2 -4 4 -6 -7 -8 -9 -10 10 -12
leaf_value=0 0 0 0 0 0 0 0 0 0.03138234755390009 -0.038521350048898957 0
leaf_weight=136.10524854529649 60.962561420165002 5.7670587915927163 67.319311423227191 19.19359191134572 4.6437070108950129 2.4942969754338256 16.195264158770442 5.7981628440320483 116.22660422045738 63.673841849900782 2.9887658860534421
leaf_count=1412 383 31 356 101 23 13 95 37 636 433 19
internal_value=0 -0.00178861 -0.0132935 0.0007086 0.0116421 0.0187177 0.0228066 -0.0288977 0.0276459 -0.0338409 -0.0371701
internal_weight=501.368 281.652 145.547 219.716 158.753 154.11 151.615 78.2278 135.42 72.4297 66.6626
internal_count=3539 2288 876 1251 868 845 832 520 737 483 452
is_linear=0
shrinkage=0.285707


Tree=115
num_leaves=1
num_cat=0
split_feature=
split_gain=
threshold=
decision_type=
left_child=
right_child=
leaf_value=0
leaf_weight=
leaf_count=3539
internal_value=
internal_weight=
internal_count=
is_linear=0
shrinkage=1


Tree=116
num_leaves=11
num_cat=0
split_feature=24 3 12 12 3 3 12 12 12 12
split_gain=0.0515206 0.303628 0.204658 0.196885 0.164655 0.126626 0.120368 0.0780674 0.203678 0.0594914
threshold=5.5000000000000009 9102.0000000000018 105.05000000000001 151.05000000000004 9192.5000000000018 9813.0000000000018 100.05000000000001 111.55000000000001 159.05000000000004 140.10000000000002
decision_type=2 2 2 2 2 2 2 2 2 2
left_child=1 7 -3 -4 -2 6 -6 -1 -9 -8
right_child=4 2 3 -5 5 -7 9 8 -10 -11
leaf_value=0 0 0 -0.018317846391278134 0 0 0 0.016832672878638221 0.015786672580901565 0 0
leaf_weight=7.4186947434209278 99.44508564285934 9.0153272242750955 168.464146357961 10.409316047094761 4.6815609857439986 25.29502546787262 141.09889660403132 86.270989689044654 6.9410093184560528 12.77584098279476
leaf_count=77 470 90 1219 67 21 98 893 464 28 112
internal_value=0 -0.00182596 -0.0115276 -0.0151567 0.00333801 0.00936852 0.0128089 0 0.008014 0.0151765
internal_weight=571.816 288.519 187.889 178.873 283.296 183.851 158.556 100.631 93.212 153.875
internal_count=3539 1945 1376 1286 1594 1124 1026 569 492 1005
is_linear=0
shrinkage=0.285707


Tree=117
num_leaves=10
num_cat=0
split_feature=33 23 8 21 30 23 30 8 30
split_gain=0.0157661 0.178777 0.166302 0.163086 0.431377 0.0979835 0.256524 0.0198652 0.0183655
threshold=10.100000000000003 9.5000000000000018 2.5000000000000004 8.5000000000000018 5.5000000000000009 12.500000000000002 1.0000000180025095e-35 39.500000000000007 10.500000000000002
decision_type=2 2 2 2 2 2 2 2 2
left_child=3 2 -2 4 -1 6 -3 -4 -7
right_child=1 5 7 -5 -6 8 -8 -9 -10
leaf_value=0 0 0 0.014335975399041837 0 -0.037447476963915698 0.0052058906945820146 -0.01983589778508504 0 0
leaf_weight=136.65345564391464 56.569831093773246 4.2587438486516467 138.93765838071704 7.5074124895036212 29.510243309196085 49.305314276367426 67.535626394674182 1.4252827763557423 8.8144339174032194
leaf_count=761 478 40 1196 33 361 236 377 7 50
internal_value=0 0 0.00847987 -0.00267627 -0.00920839 0 -0.0101389 0.0138723 0
internal_weight=500.518 326.847 196.933 173.671 166.164 129.914 71.7944 140.363 58.1197
internal_count=3539 2384 1681 1155 1122 703 417 1203 286
is_linear=0
shrinkage=0.285707


Tree=118
num_leaves=4
num_cat=0
split_feature=29 29 29
split_gain=8.44195e-06 0.110231 0.00779013
threshold=5.5000000000000009 8.5000000000000018 14.500000000000002
decision_type=2 2 2
left_child=-1 -2 -3
right_child=1 2 -4
leaf_value=0 0.0063600751286958792 -0.0015056588438564107 0
leaf_weight=55.55765475332737 216.45042914524674 274.48941957950592 42.460803156718612
leaf_count=550 1589 1214 186
internal_value=0 3.57423e-05 0
internal_weight=588.958 533.401 316.95
internal_count=3539 2989 1400
is_linear=0
shrinkage=0.285707


Tree=119
num_leaves=16
num_cat=0
split_feature=24 12 22 24 12 12 16 3 12 12 3 12 12 12 12
split_gain=0.0307296 0.433649 0.303403 1.06277 0.730742 0.705387 0.629932 0.494817 0.254773 0.129572 0.0840917 0.104585 0.0548219 0.0353765 0.108711
threshold=3.5000000000000004 136.05000000000004 6.5000000000000009 6.5000000000000009 132.85000000000005 114.45000000000002 1.0000000180025095e-35 9813.0000000000018 145.65000000000001 105.85000000000001 9036.5000000000018 133.95000000000002 100.05000000000001 106.05000000000001 128.55000000000004
decision_type=2 2 2 2 2 2 2 2 2 2 2 2 2 2 2
left_child=1 12 4 9 5 -2 -7 -8 10 -4 -6 -12 -1 -5 -15
right_child=2 -3 3 13 8 6 7 -9 -10 -11 11 -13 -14 14 -16
leaf_value=0 0 0 0 0 0 0 0.039976582794551498 0 0 -0.041609953519761024 0 -0.025970844440778872 -0.026310353828798851 0.014205858290653191 0
leaf_weight=2.4552325238473705 48.145828408189118 32.765039214398712 4.188133359886705 8.8327750973403436 6.9261453486978999 7.2934895562939337 141.01982312835753 17.69362903945148 32.551923729479313 50.064803599845618 9.444191310554741 47.656684800051153 53.527154882554896 53.461491815745831 54.274732256308198
leaf_count=52 234 229 20 35 34 53 723 74 192 263 45 244 719 311 311
internal_value=0 -0.00376234 0.00154716 0 0.0090485 0.0197161 0.0288488 0.0343695 0 -0.0378887 -0.0172318 -0.0209353 -0.0243441 0.00140008 0.00524402
internal_weight=570.301 88.7474 481.554 170.822 310.732 214.153 166.007 158.713 96.5789 54.2529 64.027 57.1009 55.9824 116.569 107.736
internal_count=3539 1000 2539 940 1599 1084 850 797 515 283 323 289 771 657 622
is_linear=0
shrinkage=0.285707


Tree=120
num_leaves=11
num_cat=0
split_feature=11 11 25 11 25 25 25 21 25 25
split_gain=0.00303591 0.108536 0.670674 0.416999 0.276968 0.155039 0.112048 0.0953267 0.0239072 0.0419117
threshold=100.00000000000001 6.5000000000000009 11.183333333333335 4.5000000000000009 13.399000000000003 13.875357142857144 10.450000000000001 13.500000000000002 12.825757575757578 1.0000000180025095e-35
decision_type=2 2 2 2 2 2 2 2 2 2
left_child=1 3 -3 8 6 7 -5 -4 9 -1
right_child=-2 2 5 4 -6 -7 -8 -9 -10 -11
leaf_value=0 -0.0036806617124776936 0 0.023513371256063332 0 0 0 -0.033938472192757918 0 0 0.0077184141233332991
leaf_weight=25.317082647234201 12.28158403560519 79.981006755493581 145.99842637311667 18.183722179383039 12.884167135693131 25.22582983225584 51.110504334326833 1.5763129889965046 42.247326461598277 84.174421512521803
leaf_count=172 79 486 1095 120 147 291 337 9 358 445
internal_value=0 0 0.00585103 0 -0.0196463 0.0188604 -0.027427 0.0222832 0 0.00411045
internal_weight=498.98 486.699 252.782 233.917 82.1784 172.801 69.2942 147.575 151.739 109.492
internal_count=3539 3460 1881 1579 604 1395 457 1104 975 617
is_linear=0
shrinkage=0.285707


Tree=121
num_leaves=6
num_cat=0
split_feature=29 10 29 10 10
split_gain=0.000197217 0.109719 0.145149 0.0842094 0.00499656
threshold=5.5000000000000009 1.5000000000000002 8.5000000000000018 50.000000000000007 8.5000000000000018
decision_type=2 2 2 2 2
left_child=4 -2 3 -3 -1
right_child=1 2 -4 -5 -6
leaf_value=-0.0030291009094828339 0 0.011674933670287527 0 0 0
leaf_weight=38.440307411365211 19.491629377938807 197.17032086197287 305.58039909228683 10.487178727984427 16.993877499364316
leaf_count=349 140 1471 1326 52 201
internal_value=0 0.000172864 0.00415685 0.00987134 0
internal_weight=588.164 532.73 513.238 207.657 55.4342
internal_count=3539 2989 2849 1523 550
is_linear=0
shrinkage=0.285707


Tree=122
num_leaves=14
num_cat=0
split_feature=30 3 3 3 30 24 24 24 24 12 12 15 12
split_gain=0.0324323 0.125679 0.751372 0.26623 0.941792 0.479438 0.417151 0.228205 0.214349 0.362973 0.440059 0.0937388 0.00383022
threshold=10.500000000000002 9138.5000000000018 9102.0000000000018 9246.0000000000018 3.5000000000000004 2.5000000000000004 10.500000000000002 4.5000000000000009 6.5000000000000009 148.10000000000002 118.05000000000001 1.0000000180025095e-35 141.45000000000002
decision_type=2 2 2 2 2 2 2 2 2 2 2 2 2
left_child=1 2 11 4 -3 -6 -7 -4 9 10 -5 -1 -10
right_child=-2 3 7 8 5 6 -8 -9 12 -11 -12 -13 -14
leaf_value=0.0034172776102127534 0.0093101724104786687 0 0 0 0 0.049005963861081581 0 -0.061038403538966349 0.0021717012568329315 0 -0.025399439601251621 -0.015371258566194814 0
leaf_weight=152.81972893467173 24.386212840676308 10.992475392529739 12.825473787612284 61.418561958707869 2.6880895197391501 65.523470461368561 2.1238206028938285 18.208003965206444 60.281518125906587 11.748166445642708 122.71812601597048 18.523625520989299 4.0520596802234641
leaf_count=788 102 193 164 384 11 353 8 85 412 89 790 129 31
internal_value=0 -0.000151221 -0.00702073 0 0.0157741 0.0359388 0.0432441 -0.0439652 0 -0.00930932 -0.0157429 0 0
internal_weight=568.309 543.923 202.377 341.546 81.3279 70.3354 67.6473 31.0335 260.218 195.885 184.137 171.343 64.3336
internal_count=3539 3437 1166 2271 565 372 361 249 1706 1263 1174 917 443
is_linear=0
shrinkage=0.285707


Tree=123
num_leaves=14
num_cat=0
split_feature=16 28 37 33 37 3 2 33 27 37 3 3 37
split_gain=0.012691 0.241023 0.441766 0.1459 0.444415 0.709501 0.133873 0.157479 0.177981 0.107948 0.200276 0.0868181 0.0521056
threshold=1.0000000180025095e-35 5.5000000000000009 14.83854166666667 10.100000000000003 13.946428571428575 9036.5000000000018 3.5000000000000004 15.850000000000001 1.0000000180025095e-35 13.901517857142858 9813.0000000000018 4092.5000000000005 12.329464285714288
decision_type=2 2 2 2 2 2 2 2 2 2 2 2 2
left_child=12 2 6 9 5 -5 7 8 -2 10 11 -3 -1
right_child=1 3 -4 4 -6 -7 -8 -9 -10 -11 -12 -13 -14
leaf_value=0.010289764608093027 -0.027122425935334957 0 0 0 0 0.025708381690911025 0 0 0 0 0 -0.023081005855034194 0
leaf_weight=34.160166439600289 123.24212161358446 1.9064925238490094 5.1668996289372435 29.805646688677371 21.676160941831768 152.58274277579039 15.118345293216406 10.090532129630445 3.82911667600274 6.4760577687993637 17.004266291856766 56.930102549493313 21.723498433828354
leaf_count=345 642 13 33 192 316 1150 77 54 16 93 71 452 85
internal_value=0 -0.00151754 -0.0112562 0 0.00711192 0.0157782 -0.018938 -0.0217451 -0.0246027 -0.00381285 -0.0111059 -0.0201937 0
internal_weight=499.712 443.828 157.447 286.381 204.065 182.388 152.28 137.162 127.071 82.3169 75.8409 58.8366 55.8837
internal_count=3539 3109 822 2287 1658 1342 789 712 658 629 536 465 430
is_linear=0
shrinkage=0.285707


Tree=124
num_leaves=1
num_cat=0
split_feature=
split_gain=
threshold=
decision_type=
left_child=
right_child=
leaf_value=0
leaf_weight=
leaf_count=3539
internal_value=
internal_weight=
internal_count=
is_linear=0
shrinkage=1


Tree=125
num_leaves=17
num_cat=0
split_feature=15 24 37 1 34 10 37 24 6 1 9 37 37 9 6 6
split_gain=0.0411315 0.223992 0.459033 0.254156 1.14628 0.157364 0.156279 0.150077 0.172665 0.071834 0.0183008 0.067868 0.0171568 0.00994256 0.000116081 0.00283423
threshold=1.0000000180025095e-35 4.5000000000000009 13.062718531468533 8.5000000000000018 2.7000000000000006 110.50000000000001 10.812500000000002 11.500000000000002 110.50000000000001 3.5000000000000004 3.5000000000000004 15.195238095238096 13.530059523809525 4.5000000000000009 123.45000000000002 162.50000000000003
decision_type=2 2 2 2 2 2 2 2 2 2 2 2 2 2 2 2
left_child=1 9 3 -3 6 7 -5 8 -2 14 11 -4 -12 -11 -1 -16
right_child=5 2 10 4 -6 -7 -8 -9 -10 13 12 -13 -14 -15 15 -17
leaf_value=0 0 0 -0.01143557985181637 0 0 0 0.040247123554597697 0 -0.029288481705468473 0 0 0 0.0048678927668982658 -0.010237384310842146 0.002139962781833679 0
leaf_weight=15.552833612542598 2.4300263014156362 93.460815718397498 47.775665793567896 2.552571263164281 33.484845553524792 5.1574166007339945 108.24116186052561 2.6516798958182326 40.974806202342734 18.592490235343575 33.025550624355674 3.8970678448677054 53.090073248371482 57.682071821996942 46.578199184965342 3.20066213607788
leaf_count=97 30 455 271 18 142 26 477 10 340 189 200 24 426 572 249 13
internal_value=0 0.00207043 0.00733483 0.0154252 0.0228898 -0.004414 0.0384086 -0.0163744 -0.0230307 0 0 -0.00508896 0 -0.00844159 0 0.00041212
internal_weight=568.348 517.134 375.528 237.739 144.279 51.2139 110.794 46.0565 43.4048 141.606 137.788 51.6727 86.1156 76.2746 65.3317 49.7789
internal_count=3539 3133 2013 1092 637 406 495 380 370 1120 921 295 626 761 359 262
is_linear=0
shrinkage=0.285707


Tree=126
num_leaves=10
num_cat=0
split_feature=8 2 19 19 30 3 21 19 19
split_gain=0.00738341 0.118533 0.353138 0.196104 0.0632872 0.115074 0.0574274 0.00162037 0.0528044
threshold=29.500000000000004 3.5000000000000004 20.500000000000004 18.500000000000004 5.5000000000000009 9922.0000000000018 5.5000000000000009 31.500000000000004 24.500000000000004
decision_type=2 2 2 2 2 2 2 2 2
left_child=1 2 3 -1 5 -2 -5 8 -4
right_child=4 -3 7 6 -6 -7 -8 -9 -10
leaf_value=0 0.010604146538884316 0 0 -0.025376493665359011 0 0 0 0 0.01009145215584112
leaf_weight=59.681446899659932 123.46554609760642 36.514995670877397 65.60893758200109 86.8506517726928 50.613467485178262 19.655846266075969 2.2353575080633155 16.748846602626145 37.613480672240257
leaf_count=457 722 289 379 683 534 113 17 112 233
internal_value=0 -0.0013915 -0.00611636 -0.0158949 0 0.00588563 -0.0240735 0 0.0011004
internal_weight=498.989 305.254 268.739 148.767 193.735 143.121 89.086 119.971 103.222
internal_count=3539 2170 1881 1157 1369 835 700 724 612
is_linear=0
shrinkage=0.285707


Tree=127
num_leaves=7
num_cat=0
split_feature=3 10 29 3 29 10
split_gain=0.00170553 0.0780884 0.178126 0.231601 0.0435807 0.0248323
threshold=9613.0000000000018 1.5000000000000002 2.5000000000000004 9036.5000000000018 19.500000000000004 94.500000000000014
decision_type=2 2 2 2 2 2
left_child=1 -1 -3 -4 -5 -2
right_child=5 2 3 4 -6 -7
leaf_value=0 -0.003705801520764925 0 0 0.011272918718269491 0 0
leaf_weight=17.299550881609321 141.59160598367453 29.743127955123782 54.741980893537402 336.42491343431175 2.5975927561521521 5.1581702083349219
leaf_count=132 819 248 336 1971 12 21
internal_value=0 0.000558194 0.00389417 0.00725697 0.0107616 0
internal_weight=587.557 440.807 423.508 393.764 339.023 146.75
internal_count=3539 2699 2567 2319 1983 840
is_linear=0
shrinkage=0.285707


Tree=128
num_leaves=15
num_cat=0
split_feature=24 1 1 6 3 6 3 6 6 3 16 6 6 3
split_gain=0.0189082 0.203127 0.171054 0.194335 0.201061 0.0724758 0.101997 0.0886312 0.0516498 0.152635 0.0375505 0.00857464 0.457408 0.0239197
threshold=5.5000000000000009 16.500000000000004 17.500000000000004 152.50000000000003 9813.0000000000018 129.50000000000003 9813.0000000000018 162.50000000000003 125.50000000000001 9922.0000000000018 1.0000000180025095e-35 132.50000000000003 122.50000000000001 9192.5000000000018
decision_type=2 2 2 2 2 2 2 2 2 2 2 2 2 2
left_child=1 5 11 4 10 -1 7 -7 -3 -10 -4 12 -2 -13
right_child=2 8 3 -5 -6 6 -8 -9 9 -11 -12 13 -14 -15
leaf_value=0 0 0 0 0 0 0.016492322836475989 0 0 -0.019157785538527917 0 0.0241795714386824 0 -0.024839021293566344 0.0050787979272984094
leaf_weight=52.734440053580329 32.119623012840748 49.79046845017001 4.3179211169481269 8.289727892726658 10.706661909818648 72.948666622396559 6.182809089543297 4.5599655564874402 85.156763817300089 14.109538989840074 80.609734211117029 20.562032768502831 55.640288460999727 69.685243330895901
leaf_count=300 175 372 20 43 40 409 27 22 710 105 375 119 313 509
internal_value=0 -0.000836657 0.00215677 0.011798 0.0175103 0 0.00812111 0.0130584 -0.010404 -0.0141239 0.0228732 0 -0.00273209 0
internal_weight=567.414 285.483 281.931 103.924 95.6343 136.426 83.6914 77.5086 149.057 99.2663 84.9277 178.007 87.7599 90.2473
internal_count=3539 1945 1594 478 435 758 458 431 1187 815 395 1116 488 628
is_linear=0
shrinkage=0.285707


Tree=129
num_leaves=7
num_cat=0
split_feature=11 11 16 11 30 30
split_gain=0.00220396 0.241149 0.292828 0.0578483 0.139597 0.0459241
threshold=4.5000000000000009 6.5000000000000009 1.0000000180025095e-35 100.00000000000001 3.5000000000000004 6.5000000000000009
decision_type=2 2 2 2 2 2
left_child=5 2 -2 4 -3 -1
right_child=1 3 -4 -5 -6 -7
leaf_value=0.0052693900740676146 0 0.012327929075695684 -0.023845553347108816 -0.0017943833916494697 0 0
leaf_weight=129.10681383498013 10.260340343229471 99.653428020887077 70.956725117284805 12.156519561074672 153.39808657299727 22.254781754687428
leaf_count=788 75 558 529 79 1323 187
internal_value=0 -0.000708432 -0.0150896 0 0.00424285 0.00013869
internal_weight=497.787 346.425 81.2171 265.208 253.052 151.362
internal_count=3539 2564 604 1960 1881 975
is_linear=0
shrinkage=0.285707


Tree=130
num_leaves=8
num_cat=0
split_feature=1 10 10 11 10 11 10
split_gain=0.00440832 0.0854324 0.136312 0.181692 0.0349589 0.0214867 0.0316522
threshold=42.500000000000007 94.500000000000014 3.5000000000000004 6.5000000000000009 2.5000000000000004 6.5000000000000009 1.5000000000000002
decision_type=2 2 2 2 2 2 2
left_child=1 2 5 -4 -2 -1 -7
right_child=4 -3 3 -5 -6 6 -8
leaf_value=0 0 0 0 -0.012058713513213032 0.0057375165679358249 0 0.011067934831302598
leaf_weight=71.104770686477423 16.058948595076799 17.321479761973023 147.16897250432521 222.76352188549936 81.439146281220019 2.9614063743501893 29.398471031337976
leaf_count=449 79 72 887 1468 415 22 147
internal_value=0 -0.000820859 -0.00390444 -0.00700269 0.00049286 0 0.00676089
internal_weight=588.217 490.719 473.397 369.932 97.4981 103.465 32.3599
internal_count=3539 3045 2973 2355 494 618 169
is_linear=0
shrinkage=0.285707


Tree=131
num_leaves=12
num_cat=0
split_feature=18 2 19 2 2 19 22 22 19 19 19
split_gain=0.0046616 0.394058 0.2888 0.153179 0.358341 0.346854 0.488299 0.35128 0.247075 0.11682 0.0134359
threshold=1.0000000180025095e-35 1.5000000000000002 18.500000000000004 1.5000000000000002 2.5000000000000004 19.500000000000004 15.500000000000002 5.5000000000000009 48.500000000000007 24.500000000000004 40.500000000000007
decision_type=2 2 2 2 2 2 2 2 2 2 2
left_child=3 2 -2 5 9 -1 7 -7 -9 -5 -4
right_child=1 -3 10 4 -6 6 -8 8 -10 -11 -12
leaf_value=0 0 0 0.029893658550996419 0.02760247144770055 0 0 0 -0.030201097740254614 0 0 0
leaf_weight=96.867101097945124 22.745085662230849 56.197359967045486 58.017544311471283 44.896940884413198 75.6701249552425 53.399098484660499 11.07947478443384 135.98877098271623 5.9750195620581499 3.6801740196533492 2.5822392320260397
leaf_count=542 145 330 364 262 476 425 41 865 34 39 16
internal_value=0 0.00161688 0.019085 0 0 -0.00635795 -0.0138608 -0.0200157 -0.0271842 0.0231483 0.0290263
internal_weight=567.099 139.542 83.3449 427.557 124.247 303.309 206.442 195.363 141.964 48.5771 60.5998
internal_count=3539 855 525 2684 777 1907 1365 1324 899 301 380
is_linear=0
shrinkage=0.285707


Tree=132
num_leaves=11
num_cat=0
split_feature=27 13 30 8 30 2 33 8 8 2
split_gain=0.00219683 0.333513 0.786603 0.328865 0.17947 0.263069 0.0554193 0.1103 0.0546945 0.0456084
threshold=1.5000000000000002 1.0000000180025095e-35 1.5000000000000002 37.500000000000007 10.500000000000002 1.5000000000000002 12.550000000000002 37.500000000000007 2.5000000000000004 2.5000000000000004
decision_type=2 2 2 2 2 2 2 2 2 2
left_child=1 2 -1 9 5 -2 -3 8 -8 -4
right_child=4 6 3 -5 -6 -7 7 -9 -10 -11
leaf_value=0 0.026646893798683478 0 -0.032143915943529673 0 0 0 0 0 0.018861440220018229 0
leaf_weight=44.681288090534508 44.863420164212584 173.74477079510689 112.23968536406755 18.31033565569669 16.645935753360391 2.5470304675400248 24.931654533371329 7.6820253552868953 44.563332688063383 6.9571454972028723
leaf_count=398 227 1250 807 132 101 12 169 69 318 56
internal_value=0 -0.000639038 -0.0120668 -0.0252653 0 0.0165599 0 0.0073743 0.0133849 -0.0307585
internal_weight=497.167 433.11 182.188 137.507 64.0564 47.4105 250.922 77.177 69.495 119.197
internal_count=3539 3199 1393 995 340 239 1806 556 487 863
is_linear=0
shrinkage=0.285707


Tree=133
num_leaves=1
num_cat=0
split_feature=
split_gain=
threshold=
decision_type=
left_child=
right_child=
leaf_value=0
leaf_weight=
leaf_count=3539
internal_value=
internal_weight=
internal_count=
is_linear=0
shrinkage=1


Tree=134
num_leaves=16
num_cat=0
split_feature=30 3 3 3 24 12 12 3 24 3 12 3 3 12 30
split_gain=0.0493146 0.4053 0.178058 0.300151 0.40323 0.211544 0.179857 0.0646733 0.0611115 0.00871684 0.11418 0.109483 0.0701659 0.0554987 0.00646294
threshold=2.5000000000000004 8508.5000000000018 9813.0000000000018 9192.5000000000018 3.5000000000000004 100.05000000000001 134.05000000000004 9922.0000000000018 6.5000000000000009 9102.0000000000018 109.95000000000002 4092.5000000000005 9138.5000000000018 165.50000000000003 6.5000000000000009
decision_type=2 2 2 2 2 2 2 2 2 2 2 2 2 2 2
left_child=1 -1 3 9 -5 -6 -7 8 -3 10 -2 -12 -11 -13 -4
right_child=2 7 14 4 5 6 -8 -9 -10 12 11 13 -14 -15 -16
leaf_value=0 0 -0.042421143794279519 -0.0031244403290818248 0 0 0.023861301569598543 0 0 0 -0.013892572335682094 0 0.01384235051675951 0 0 0
leaf_weight=43.237132124835625 11.315820218995212 19.299796623061418 48.030412825290114 8.367466517724095 7.1806857585906974 179.68591955676675 39.123796810396016 1.2060598998796184 0.84270775318145652 27.351369188632816 8.6553603485226613 112.91504785232246 42.646291692741215 2.8643324486911288 13.176398716866968
leaf_count=184 51 671 215 50 31 1013 270 69 4 130 32 555 203 13 48
internal_value=0 -0.00557819 0.00189862 0.00605637 0.0130387 0.0178329 0.0201241 -0.0359098 -0.0393806 0 0 0.00845279 -0.00305963 0.0122437 0
internal_weight=565.899 64.5857 501.313 440.106 234.358 225.99 218.81 21.3486 20.1425 205.748 135.751 124.435 69.9977 115.779 61.2068
internal_count=3539 928 2611 2348 1364 1314 1283 744 675 984 651 600 333 568 263
is_linear=0
shrinkage=0.285707


Tree=135
num_leaves=1
num_cat=0
split_feature=
split_gain=
threshold=
decision_type=
left_child=
right_child=
leaf_value=0
leaf_weight=
leaf_count=3539
internal_value=
internal_weight=
internal_count=
is_linear=0
shrinkage=1


Tree=136
num_leaves=6
num_cat=0
split_feature=29 29 3 29 3
split_gain=0.00149179 0.0803795 0.264829 0.000236591 6.25668e-05
threshold=5.5000000000000009 8.5000000000000018 9036.5000000000018 14.500000000000002 9036.5000000000018
decision_type=2 2 2 2 2
left_child=4 2 -2 -3 -1
right_child=1 3 -4 -5 -6
leaf_value=0 0 -0.00026349873273704121 0.011756226296309947 0 -0.00037934479709118499
leaf_weight=25.820240111090243 16.972487041726708 272.14157078694552 198.75618519261479 42.090869309380651 29.479812663048506
leaf_count=158 143 1214 1446 186 392
internal_value=0 0.000476655 0.00548991 0 0
internal_weight=585.261 529.961 215.729 314.232 55.3001
internal_count=3539 2989 1589 1400 550
is_linear=0
shrinkage=0.285707


Tree=137
num_leaves=5
num_cat=0
split_feature=30 6 30 6
split_gain=0.0188551 0.0676074 0.15278 0.0580499
threshold=10.500000000000002 129.50000000000003 6.5000000000000009 112.50000000000001
decision_type=2 2 2 2
left_child=1 2 3 -1
right_child=-2 -3 -4 -5
leaf_value=0 0.0057856160081077232 0 0 -0.012470014962883049
leaf_weight=24.710080641787499 24.04252552613616 340.89976326818578 29.996328298002481 143.57950041699223
leaf_count=174 102 2243 152 868
internal_value=0 -0.000988858 -0.00544267 -0.0103088
internal_weight=563.228 539.186 198.286 168.29
internal_count=3539 3437 1194 1042
is_linear=0
shrinkage=0.285707


Tree=138
num_leaves=5
num_cat=0
split_feature=10 11 11 10
split_gain=0.0202374 0.0421595 0.118893 0.0184025
threshold=110.50000000000001 6.5000000000000009 4.5000000000000009 3.5000000000000004
decision_type=2 2 2 2
left_child=1 2 -1 -3
right_child=-2 3 -4 -5
leaf_value=0.00096593673782858916 -0.0091928305417461314 0 -0.010520953264521302 0.0047040448889008575
leaf_weight=150.32056803070009 12.617846428416668 30.795161854475737 80.348577949218452 220.90649704355747
leaf_count=973 81 204 604 1677
internal_value=0 0.000398741 0 0.00369527
internal_weight=494.989 482.371 230.669 251.702
internal_count=3539 3458 1577 1881
is_linear=0
shrinkage=0.285707


Tree=139
num_leaves=1
num_cat=0
split_feature=
split_gain=
threshold=
decision_type=
left_child=
right_child=
leaf_value=0
leaf_weight=
leaf_count=3539
internal_value=
internal_weight=
internal_count=
is_linear=0
shrinkage=1


Tree=140
num_leaves=4
num_cat=0
split_feature=3 3 3
split_gain=0.00393324 0.325907 0.324219
threshold=9036.5000000000018 9192.5000000000018 9246.0000000000018
decision_type=2 2 2
left_child=-1 -2 -3
right_child=1 2 -4
leaf_value=0.0017193745866432894 -0.012728565103424088 0.024566760508078853 0
leaf_weight=102.59424510982353 158.19053311203606 37.840335340239108 265.18203132669441
leaf_count=514 1019 278 1728
internal_value=0 0 0
internal_weight=563.807 461.213 303.022
internal_count=3539 3025 2006
is_linear=0
shrinkage=0.285707


Tree=141
num_leaves=3
num_cat=0
split_feature=10 10
split_gain=0.0149209 0.00120941
threshold=110.50000000000001 8.5000000000000018
decision_type=2 2
left_child=1 -1
right_child=-2 -3
leaf_value=0.00059669926660716518 -0.0080553265682890667 0
leaf_weight=306.25274523533881 12.567092670127748 176.3042856939137
leaf_count=2154 81 1304
internal_value=0 0.000159689
internal_weight=495.124 482.557
internal_count=3539 3458
is_linear=0
shrinkage=0.285707


Tree=142
num_leaves=9
num_cat=0
split_feature=1 9 10 9 10 10 1 10
split_gain=0.00127189 0.250629 0.325828 0.0143449 0.0629483 0.00452054 0.0253558 0.0270007
threshold=42.500000000000007 36.500000000000007 94.500000000000014 26.500000000000004 2.5000000000000004 1.0000000180025095e-35 40.500000000000007 9.5000000000000018
decision_type=2 2 2 2 2 2 2 2
left_child=1 2 -1 4 -2 -3 7 -7
right_child=3 5 -4 -5 -6 6 -8 -9
leaf_value=-0.012869122501287472 0 0 0 0 0.011320834835062068 0.0049120676053986401 0 0
leaf_weight=278.74201261997223 11.999466877430676 2.169935029000043 11.393945946358143 42.336021131835878 43.218507762998343 186.40896942280233 2.9719626437872639 7.5679882112890473
leaf_count=1685 50 19 47 241 203 1231 18 45
internal_value=0 -0.000457854 -0.00833263 0 0.00437311 0 0.00134838 0.00349207
internal_weight=586.809 489.255 290.136 97.554 55.218 199.119 196.949 193.977
internal_count=3539 3045 1732 494 253 1313 1294 1276
is_linear=0
shrinkage=0.285707


Tree=143
num_leaves=11
num_cat=0
split_feature=12 15 12 12 3 12 16 3 3 3
split_gain=0.0171376 0.275368 0.286879 0.246103 0.236904 0.161776 0.196593 0.109335 0.111063 0.0360787
threshold=145.65000000000001 1.0000000180025095e-35 170.60000000000002 120.85000000000001 9813.0000000000018 108.10000000000001 1.0000000180025095e-35 9036.5000000000018 9922.0000000000018 9813.0000000000018
decision_type=2 2 2 2 2 2 2 2 2 2
left_child=3 2 4 5 -2 -1 -7 -5 -9 -8
right_child=1 -3 -4 7 -6 6 9 8 -10 -11
leaf_value=0 0.036062890045480217 0 0 0 0 0 0.01548845167127123 -0.012258568562612742 0 0
leaf_weight=39.675192228634842 45.223628662060946 8.2944978317245823 2.9529759585857382 48.839343729894608 6.9015935244970015 5.8911584005691102 128.8877948820591 246.30931384465657 14.972132156370206 15.787904886296017
leaf_count=280 269 48 15 224 41 146 760 1577 96 83
internal_value=0 0.00449022 0.0197699 0 0.028522 0.000911335 0.00924009 -0.0079392 -0.0103893 0.0139719
internal_weight=563.736 63.3727 55.0782 500.363 52.1252 190.242 150.567 310.121 261.281 144.676
internal_count=3539 373 325 3166 310 1269 989 1897 1673 843
is_linear=0
shrinkage=0.285707


Tree=144
num_leaves=3
num_cat=0
split_feature=10 10
split_gain=0.0104998 0.000155132
threshold=110.50000000000001 8.5000000000000018
decision_type=2 2
left_child=1 -1
right_child=-2 -3
leaf_value=0.00020139057329665662 -0.0068023248472675385 0
leaf_weight=306.21291344845667 12.511667193844913 176.29995748912916
leaf_count=2154 81 1304
internal_value=0 0
internal_weight=495.025 482.513
internal_count=3539 3458
is_linear=0
shrinkage=0.285707


Tree=145
num_leaves=1
num_cat=0
split_feature=
split_gain=
threshold=
decision_type=
left_child=
right_child=
leaf_value=0
leaf_weight=
leaf_count=3539
internal_value=
internal_weight=
internal_count=
is_linear=0
shrinkage=1


Tree=146
num_leaves=4
num_cat=0
split_feature=24 15 24
split_gain=0.00653506 0.0178315 0.00114947
threshold=5.5000000000000009 1.0000000180025095e-35 4.5000000000000009
decision_type=2 2 2
left_child=2 -2 -1
right_child=1 -3 -4
leaf_value=-0.0012779710208278394 0.002650371081556488 0 0
leaf_weight=152.75883985613473 253.58626651205122 26.143207309767604 130.8854921781458
leaf_count=1349 1480 114 596
internal_value=0 0.00113481 -0.000755832
internal_weight=563.374 279.729 283.644
internal_count=3539 1594 1945
is_linear=0
shrinkage=0.285707


Tree=147
num_leaves=4
num_cat=0
split_feature=11 11 11
split_gain=1.82185e-05 0.0839194 0.0231646
threshold=4.5000000000000009 6.5000000000000009 100.00000000000001
decision_type=2 2 2
left_child=-1 -2 -3
right_child=1 2 -4
leaf_value=0 -0.008919015134408903 0.0027074674589313095 0
leaf_weight=150.81326912622899 80.120905494783074 251.94208562979475 11.939865252934394
leaf_count=975 604 1881 79
internal_value=0 -6.51831e-05 0
internal_weight=494.816 344.003 263.882
internal_count=3539 2564 1960
is_linear=0
shrinkage=0.285707


Tree=148
num_leaves=1
num_cat=0
split_feature=
split_gain=
threshold=
decision_type=
left_child=
right_child=
leaf_value=0
leaf_weight=
leaf_count=3539
internal_value=
internal_weight=
internal_count=
is_linear=0
shrinkage=1


Tree=149
num_leaves=1
num_cat=0
split_feature=
split_gain=
threshold=
decision_type=
left_child=
right_child=
leaf_value=0
leaf_weight=
leaf_count=3539
internal_value=
internal_weight=
internal_count=
is_linear=0
shrinkage=1


Tree=150
num_leaves=1
num_cat=0
split_feature=
split_gain=
threshold=
decision_type=
left_child=
right_child=
leaf_value=0
leaf_weight=
leaf_count=3539
internal_value=
internal_weight=
internal_count=
is_linear=0
shrinkage=1


Tree=151
num_leaves=1
num_cat=0
split_feature=
split_gain=
threshold=
decision_type=
left_child=
right_child=
leaf_value=0
leaf_weight=
leaf_count=3539
internal_value=
internal_weight=
internal_count=
is_linear=0
shrinkage=1


Tree=152
num_leaves=5
num_cat=0
split_feature=30 15 24 24
split_gain=0.0170855 0.064104 0.121931 0.00315212
threshold=2.5000000000000004 1.0000000180025095e-35 3.5000000000000004 6.5000000000000009
decision_type=2 2 2 2
left_child=3 2 -2 -1
right_child=1 -3 -4 -5
leaf_value=-0.0046045670946020132 0 0 0.0059773079662969082 0
leaf_weight=62.87035208940506 31.976830591913313 42.886891661211848 424.38490967266262 0.9183289185166349
leaf_count=923 182 221 2208 5
internal_value=0 0.000615702 0.00342511 -0.00415172
internal_weight=563.037 499.249 456.362 63.7887
internal_count=3539 2611 2390 928
is_linear=0
shrinkage=0.285707


Tree=153
num_leaves=1
num_cat=0
split_feature=
split_gain=
threshold=
decision_type=
left_child=
right_child=
leaf_value=0
leaf_weight=
leaf_count=3539
internal_value=
internal_weight=
internal_count=
is_linear=0
shrinkage=1


Tree=154
num_leaves=5
num_cat=0
split_feature=29 5 11 29
split_gain=0.00117508 0.0829105 0.239531 0.0524791
threshold=5.5000000000000009 1.5000000000000002 1.5000000000000002 19.500000000000004
decision_type=2 2 2 2
left_child=-1 2 -2 -4
right_child=1 -3 3 -5
leaf_value=0 0 0 0.008399120289431794 0
leaf_weight=55.055420181713998 16.852571744471788 79.384064539335668 429.17323352862149 4.1437624692916861
leaf_count=550 113 468 2389 19
internal_value=0 0.000423203 0.00387894 0.00775429
internal_weight=584.609 529.554 450.17 433.317
internal_count=3539 2989 2521 2408
is_linear=0
shrinkage=0.285707


Tree=155
num_leaves=12
num_cat=0
split_feature=30 3 3 3 3 12 3 3 30 3 3
split_gain=0.00968429 0.28331 0.0648498 0.182551 0.108296 0.269312 0.0518741 0.0472791 0.00473557 5.87999e-05 0.000521033
threshold=2.5000000000000004 8508.5000000000018 9813.0000000000018 9138.5000000000018 9246.0000000000018 112.05000000000001 9922.0000000000018 9102.0000000000018 6.5000000000000009 4092.5000000000005 9036.5000000000018
decision_type=2 2 2 2 2 2 2 2 2 2 2
left_child=1 -1 3 7 5 -5 -3 9 -4 -2 -11
right_child=2 6 8 4 -6 -7 -8 -9 -10 10 -12
leaf_value=0 0 -0.033350673950435866 -0.0026776403680989509 0 0 0.026324363172795 0 -0.010759630388653673 0 0.00092535939241810273 0
leaf_weight=43.169560936512426 8.8878429885953647 19.298543896642517 47.903910344466567 10.810791317373512 196.65207474399358 67.611822076607496 1.202943974174558 27.325104382354766 13.171253219246863 49.263306898064911 76.875871045514941
leaf_count=184 34 675 215 52 1131 384 69 130 48 240 377
internal_value=0 -0.00336817 0 0.00345509 0.00847622 0.018544 -0.0300348 0 0 0 0.000190579
internal_weight=562.173 63.671 498.502 437.427 275.075 78.4226 20.5015 162.352 61.0752 135.027 126.139
internal_count=3539 928 2611 2348 1567 436 744 781 263 651 617
is_linear=0
shrinkage=0.285707


Tree=156
num_leaves=1
num_cat=0
split_feature=
split_gain=
threshold=
decision_type=
left_child=
right_child=
leaf_value=0
leaf_weight=
leaf_count=3539
internal_value=
internal_weight=
internal_count=
is_linear=0
shrinkage=1


Tree=157
num_leaves=1
num_cat=0
split_feature=
split_gain=
threshold=
decision_type=
left_child=
right_child=
leaf_value=0
leaf_weight=
leaf_count=3539
internal_value=
internal_weight=
internal_count=
is_linear=0
shrinkage=1


Tree=158
num_leaves=4
num_cat=0
split_feature=30 24 24
split_gain=0.00455325 0.214615 0.00733543
threshold=7.5000000000000009 6.5000000000000009 9.5000000000000018
decision_type=2 2 2
left_child=2 -2 -1
right_child=1 -3 -4
leaf_value=-0.001236922671442469 0 0.015888650889825523 0
leaf_weight=486.95984111295547 7.3026162013411513 64.240313878282905 3.1766770184040061
leaf_count=3117 30 380 12
internal_value=0 0.00166973 -0.000559751
internal_weight=561.679 71.5429 490.137
internal_count=3539 410 3129
is_linear=0
shrinkage=0.285707


Tree=159
num_leaves=4
num_cat=0
split_feature=11 11 11
split_gain=0.00200791 0.0315299 0.0448397
threshold=100.00000000000001 6.5000000000000009 4.5000000000000009
decision_type=2 2 2
left_child=1 2 -1
right_child=-2 -3 -4
leaf_value=2.1893562192124548e-05 0 0.0032615927815856909 -0.006534435805168869
leaf_weight=150.38298423960805 11.896680638194082 251.33477454213426 79.70841689966619
leaf_count=975 79 1881 604
internal_value=0 0.000579875 0
internal_weight=493.323 481.426 230.091
internal_count=3539 3460 1579
is_linear=0
shrinkage=0.285707


Tree=160
num_leaves=5
num_cat=0
split_feature=3 3 3 3
split_gain=4.44407e-07 0.00889515 0.00139362 0.000307808
threshold=9613.0000000000018 9036.5000000000018 9124.5000000000018 9377.0000000000018
decision_type=2 2 2 2
left_child=1 -1 -3 -4
right_child=-2 2 3 -5
leaf_value=0 -1.5433252085405599e-05 0.0026134883875085454 0 0.00053029154466115928
leaf_weight=83.443182939663529 146.29172274190933 116.94908504001796 155.19647652469575 83.338509640656412
leaf_count=514 840 605 899 681
internal_value=0 0 0.00141725 0
internal_weight=585.219 438.927 355.484 238.535
internal_count=3539 2699 2185 1580
is_linear=0
shrinkage=0.285707


Tree=161
num_leaves=4
num_cat=0
split_feature=30 24 24
split_gain=0.00150382 0.0153523 0.00138825
threshold=2.5000000000000004 2.5000000000000004 5.5000000000000009
decision_type=2 2 2
left_child=2 -2 -1
right_child=1 -3 -4
leaf_value=-0.0019042010006155511 0 0.0015906931039724643 0
leaf_weight=59.095512986648828 8.9293402174953354 489.25978984637186 3.9912069570273152
leaf_count=902 64 2547 26
internal_value=0 0 -0.00133287
internal_weight=561.276 498.189 63.0867
internal_count=3539 2611 928
is_linear=0
shrinkage=0.285707


Tree=162
num_leaves=6
num_cat=0
split_feature=12 12 12 12 12
split_gain=5.70383e-07 0.214599 0.000785436 0.000633767 0.000766299
threshold=143.15000000000001 127.45000000000002 172.65000000000003 120.15000000000002 126.85000000000001
decision_type=2 2 2 2 2
left_child=1 3 -2 -1 -5
right_child=2 -3 -4 4 -6
leaf_value=0 -0.00099524891300815498 0.010069415504272159 0 -0.001109114904509597 0
leaf_weight=170.03603638615459 58.716463686898351 166.75648552924395 2.5822986774146548 86.893542600329965 8.2219424135982973
leaf_count=1200 414 1187 15 654 69
internal_value=0 1.03112e-05 0 0 -0.000715242
internal_weight=493.207 431.908 61.2988 265.152 95.1155
internal_count=3539 3110 429 1923 723
is_linear=0
shrinkage=0.285707


Tree=163
num_leaves=1
num_cat=0
split_feature=
split_gain=
threshold=
decision_type=
left_child=
right_child=
leaf_value=0
leaf_weight=
leaf_count=3539
internal_value=
internal_weight=
internal_count=
is_linear=0
shrinkage=1


Tree=164
num_leaves=9
num_cat=0
split_feature=30 12 12 6 6 6 6 12
split_gain=0.00202697 0.0975582 0.311203 0.721205 0.189398 0.00118143 0.126862 0.124522
threshold=10.500000000000002 148.55000000000004 120.85000000000001 129.50000000000003 109.50000000000001 120.50000000000001 130.50000000000003 114.45000000000002
decision_type=2 2 2 2 2 2 2 2
left_child=1 2 5 4 -4 -1 7 -7
right_child=-2 -3 3 -5 -6 6 -8 -9
leaf_value=0 0.00044720128338447083 0 0 0 -0.03952273821497311 0 0 0.019916973495160768
leaf_weight=76.748377074138261 23.661917924880981 52.082403602544218 3.5575247602537265 237.00018201814964 63.037559865857475 12.736113150604067 46.323573195491917 45.960857106372714
leaf_count=483 102 306 17 1516 357 84 380 294
internal_value=0 -0.00054179 -0.00406587 -0.0104061 -0.0356732 0 0.00093197 0.0127093
internal_weight=561.109 537.447 485.364 303.595 66.5951 181.769 105.021 58.697
internal_count=3539 3437 3131 1890 374 1241 758 378
is_linear=0
shrinkage=0.285707


Tree=165
num_leaves=1
num_cat=0
split_feature=
split_gain=
threshold=
decision_type=
left_child=
right_child=
leaf_value=0
leaf_weight=
leaf_count=3539
internal_value=
internal_weight=
internal_count=
is_linear=0
shrinkage=1


Tree=166
num_leaves=1
num_cat=0
split_feature=
split_gain=
threshold=
decision_type=
left_child=
right_child=
leaf_value=0
leaf_weight=
leaf_count=3539
internal_value=
internal_weight=
internal_count=
is_linear=0
shrinkage=1


Tree=167
num_leaves=2
num_cat=0
split_feature=30
split_gain=0.000940322
threshold=2.5000000000000004
decision_type=2
left_child=-1
right_child=-2
leaf_value=-0.00034344481937262041 0.00036888785085852825
leaf_weight=62.9090349113103 498.31427681259811
leaf_count=928 2611
internal_value=0
internal_weight=561.223
internal_count=3539
is_linear=0
shrinkage=0.285707


Tree=168
num_leaves=1
num_cat=0
split_feature=
split_gain=
threshold=
decision_type=
left_child=
right_child=
leaf_value=0
leaf_weight=
leaf_count=3539
internal_value=
internal_weight=
internal_count=
is_linear=0
shrinkage=1


Tree=169
num_leaves=1
num_cat=0
split_feature=
split_gain=
threshold=
decision_type=
left_child=
right_child=
leaf_value=0
leaf_weight=
leaf_count=3539
internal_value=
internal_weight=
internal_count=
is_linear=0
shrinkage=1


Tree=170
num_leaves=5
num_cat=0
split_feature=30 15 24 24
split_gain=0.000622095 0.0536763 0.111258 0.000450359
threshold=2.5000000000000004 1.0000000180025095e-35 3.5000000000000004 5.5000000000000009
decision_type=2 2 2 2
left_child=3 2 -2 -1
right_child=1 -3 -4 -5
leaf_value=-0.00080730016815721759 0 0 0.0056081550472781927 0
leaf_weight=58.910290502244607 31.961500290315598 42.818297628778964 423.49423318449408 3.9899869691580525
leaf_count=902 182 221 2208 26
internal_value=0 0.00029949 0.00309722 -0.000283775
internal_weight=561.174 498.274 455.456 62.9003
internal_count=3539 2611 2390 928
is_linear=0
shrinkage=0.285707


Tree=171
num_leaves=3
num_cat=0
split_feature=10 10
split_gain=0.00822731 0.00205559
threshold=110.50000000000001 8.5000000000000018
decision_type=2 2
left_child=1 -1
right_child=-2 -3
leaf_value=0.00093679259164234892 -0.0055431822041760127 0
leaf_weight=305.02167542185634 12.422947159036992 175.75636746454984
leaf_count=2154 81 1304
internal_value=0 0.000464792
internal_weight=493.201 480.778
internal_count=3539 3458
is_linear=0
shrinkage=0.285707


Tree=172
num_leaves=3
num_cat=0
split_feature=3 3
split_gain=0.000293544 0.015293
threshold=9613.0000000000018 9036.5000000000018
decision_type=2 2
left_child=1 -1
right_child=-2 -3
leaf_value=0 0 0.0018774330155184027
leaf_weight=83.309086142107844 146.06149148475379 354.95281541347504
leaf_count=514 840 2185
internal_value=0 0.000232238
internal_weight=584.323 438.262
internal_count=3539 2699
is_linear=0
shrinkage=0.285707


Tree=173
num_leaves=6
num_cat=0
split_feature=30 12 12 3 3
split_gain=0.00214066 0.0954195 0.228825 0.141801 0.0172471
threshold=10.500000000000002 148.55000000000004 120.85000000000001 8508.5000000000018 9922.0000000000018
decision_type=2 2 2 2 2
left_child=1 2 -1 -4 -5
right_child=-2 -3 3 4 -6
leaf_value=0 0 0 0 -0.012340586324694473 0
leaf_weight=181.40423730039038 23.620501570403576 52.001705778297037 34.498380434699357 254.18453417776618 14.747120028827338
leaf_count=1241 102 306 145 1649 96
internal_value=0 -0.000567356 -0.00402796 -0.00927892 -0.0117899
internal_weight=560.456 536.836 484.834 303.43 268.932
internal_count=3539 3437 3131 1890 1745
is_linear=0
shrinkage=0.285707


Tree=174
num_leaves=1
num_cat=0
split_feature=
split_gain=
threshold=
decision_type=
left_child=
right_child=
leaf_value=0
leaf_weight=
leaf_count=3539
internal_value=
internal_weight=
internal_count=
is_linear=0
shrinkage=1


Tree=175
num_leaves=3
num_cat=0
split_feature=1 1
split_gain=0.000268114 0.0282891
threshold=42.500000000000007 6.0000000000000009
decision_type=2 2
left_child=1 -1
right_child=-2 -3
leaf_value=0 0 -0.0029344727221898613
leaf_weight=223.39696554560214 97.309573509730399 264.69488861039281
leaf_count=1387 494 1658
internal_value=0 -0.000210461
internal_weight=585.401 488.092
internal_count=3539 3045
is_linear=0
shrinkage=0.285707


Tree=176
num_leaves=5
num_cat=0
split_feature=24 6 15 16
split_gain=0.0020752 0.0282762 0.0126531 0.0195628
threshold=5.5000000000000009 138.30000000000004 1.0000000180025095e-35 1.0000000180025095e-35
decision_type=2 2 2 2
left_child=1 -1 3 -2
right_child=2 -3 -4 -5
leaf_value=-0.0033532272834641079 0 0 0 0.0033395984235691113
leaf_weight=199.26446002861485 8.0504885967820865 82.835284892236814 26.090091129764915 244.96630098484457
leaf_count=1443 36 502 114 1444
internal_value=0 0 0.000770795 0.00215439
internal_weight=561.207 282.1 279.107 253.017
internal_count=3539 1945 1594 1480
is_linear=0
shrinkage=0.285707


Tree=177
num_leaves=1
num_cat=0
split_feature=
split_gain=
threshold=
decision_type=
left_child=
right_child=
leaf_value=0
leaf_weight=
leaf_count=3539
internal_value=
internal_weight=
internal_count=
is_linear=0
shrinkage=1


Tree=178
num_leaves=1
num_cat=0
split_feature=
split_gain=
threshold=
decision_type=
left_child=
right_child=
leaf_value=0
leaf_weight=
leaf_count=3539
internal_value=
internal_weight=
internal_count=
is_linear=0
shrinkage=1


Tree=179
num_leaves=7
num_cat=0
split_feature=30 22 24 24 22 24
split_gain=0.00144639 0.184454 0.442276 0.223164 0.166529 0.0516802
threshold=2.5000000000000004 6.5000000000000009 6.5000000000000009 3.5000000000000004 1.0000000180025095e-35 5.5000000000000009
decision_type=2 2 2 2 2 2
left_child=4 3 -3 -2 -1 -6
right_child=1 2 -4 -5 5 -7
leaf_value=0 0 -0.024392894714370606 0 0.010485547122360659 -0.027773469606711402 0
leaf_weight=41.658887892961502 32.139782972866669 54.663717306219041 113.45913449674845 297.69348470959812 17.080550784361552 3.9804600812494746
leaf_count=137 198 274 652 1487 765 26
internal_value=0 0.000484019 0 0.0067219 0 -0.0224081
internal_weight=560.676 497.956 168.123 329.833 62.7199 21.061
internal_count=3539 2611 926 1685 928 791
is_linear=0
shrinkage=0.285707


Tree=180
num_leaves=1
num_cat=0
split_feature=
split_gain=
threshold=
decision_type=
left_child=
right_child=
leaf_value=0
leaf_weight=
leaf_count=3539
internal_value=
internal_weight=
internal_count=
is_linear=0
shrinkage=1


Tree=181
num_leaves=1
num_cat=0
split_feature=
split_gain=
threshold=
decision_type=
left_child=
right_child=
leaf_value=0
leaf_weight=
leaf_count=3539
internal_value=
internal_weight=
internal_count=
is_linear=0
shrinkage=1


Tree=182
num_leaves=2
num_cat=0
split_feature=30
split_gain=0.000155509
threshold=6.5000000000000009
decision_type=2
left_child=-1
right_child=-2
leaf_value=-2.7960229375793079e-05 0.00031395327019866813
leaf_weight=440.41620564227924 119.23366977460682
leaf_count=2863 676
internal_value=0
internal_weight=559.65
internal_count=3539
is_linear=0
shrinkage=0.285707


Tree=183
num_leaves=1
num_cat=0
split_feature=
split_gain=
threshold=
decision_type=
left_child=
right_child=
leaf_value=0
leaf_weight=
leaf_count=3539
internal_value=
internal_weight=
internal_count=
is_linear=0
shrinkage=1


Tree=184
num_leaves=1
num_cat=0
split_feature=
split_gain=
threshold=
decision_type=
left_child=
right_child=
leaf_value=0
leaf_weight=
leaf_count=3539
internal_value=
internal_weight=
internal_count=
is_linear=0
shrinkage=1


Tree=185
num_leaves=2
num_cat=0
split_feature=30
split_gain=0.000104197
threshold=6.5000000000000009
decision_type=2
left_child=-1
right_child=-2
leaf_value=-2.2706326332024309e-05 0.00025706433217506604
leaf_weight=440.4170272864867 119.2164954636246
leaf_count=2863 676
internal_value=0
internal_weight=559.634
internal_count=3539
is_linear=0
shrinkage=0.285707


Tree=186
num_leaves=3
num_cat=0
split_feature=10 10
split_gain=0.00560426 0.000711863
threshold=110.50000000000001 8.5000000000000018
decision_type=2 2
left_child=1 -1
right_child=-2 -3
leaf_value=0.00043286800718261219 -0.0049849797062411277 0
leaf_weight=304.94195456244051 12.39169304538518 175.70497452886775
leaf_count=2154 81 1304
internal_value=0 1.79276e-05
internal_weight=493.039 480.647
internal_count=3539 3458
is_linear=0
shrinkage=0.285707


Tree=187
num_leaves=1
num_cat=0
split_feature=
split_gain=
threshold=
decision_type=
left_child=
right_child=
leaf_value=0
leaf_weight=
leaf_count=3539
internal_value=
internal_weight=
internal_count=
is_linear=0
shrinkage=1


Tree=188
num_leaves=1
num_cat=0
split_feature=
split_gain=
threshold=
decision_type=
left_child=
right_child=
leaf_value=0
leaf_weight=
leaf_count=3539
internal_value=
internal_weight=
internal_count=
is_linear=0
shrinkage=1


Tree=189
num_leaves=3
num_cat=0
split_feature=10 10
split_gain=0.00426557 0.000471975
threshold=110.50000000000001 8.5000000000000018
decision_type=2 2
left_child=1 -1
right_child=-2 -3
leaf_value=0.00035197504667706779 -0.0043531833016050882 0
leaf_weight=304.97211237391457 12.362904420122502 175.70497452886775
leaf_count=2154 81 1304
internal_value=0 0
internal_weight=493.04 480.677
internal_count=3539 3458
is_linear=0
shrinkage=0.285707


Tree=190
num_leaves=1
num_cat=0
split_feature=
split_gain=
threshold=
decision_type=
left_child=
right_child=
leaf_value=0
leaf_weight=
leaf_count=3539
internal_value=
internal_weight=
internal_count=
is_linear=0
shrinkage=1


Tree=191
num_leaves=2
num_cat=0
split_feature=30
split_gain=7.84904e-05
threshold=6.5000000000000009
decision_type=2
left_child=-1
right_child=-2
leaf_value=-4.6362486805001469e-06 0.00022603155722585787
leaf_weight=440.41710632666945 119.20761663652956
leaf_count=2863 676
internal_value=0
internal_weight=559.625
internal_count=3539
is_linear=0
shrinkage=0.285707


Tree=192
num_leaves=3
num_cat=0
split_feature=10 10
split_gain=0.00324482 0.000321371
threshold=110.50000000000001 8.5000000000000018
decision_type=2 2
left_child=1 -1
right_child=-2 -3
leaf_value=0.00029043039845914003 -0.0037993804912252126 0
leaf_weight=304.9915182646364 12.337645687162874 175.70239413576201
leaf_count=2154 81 1304
internal_value=0 0
internal_weight=493.032 480.694
internal_count=3539 3458
is_linear=0
shrinkage=0.285707


Tree=193
num_leaves=1
num_cat=0
split_feature=
split_gain=
threshold=
decision_type=
left_child=
right_child=
leaf_value=0
leaf_weight=
leaf_count=3539
internal_value=
internal_weight=
internal_count=
is_linear=0
shrinkage=1


Tree=194
num_leaves=2
num_cat=0
split_feature=30
split_gain=5.97588e-05
threshold=6.5000000000000009
decision_type=2
left_child=-1
right_child=-2
leaf_value=0 0.00019737925313334149
leaf_weight=440.41682872897945 119.19937473721802
leaf_count=2863 676
internal_value=0
internal_weight=559.616
internal_count=3539
is_linear=0
shrinkage=0.285707


Tree=195
num_leaves=3
num_cat=0
split_feature=10 10
split_gain=0.00246812 0.000219695
threshold=110.50000000000001 8.5000000000000018
decision_type=2 2
left_child=1 -1
right_child=-2 -3
leaf_value=0.00024012571782520346 -0.0033155977503647833 0
leaf_weight=305.00711254449561 12.315609614364801 175.70003089355305
leaf_count=2154 81 1304
internal_value=0 0
internal_weight=493.023 480.707
internal_count=3539 3458
is_linear=0
shrinkage=0.285707


Tree=196
num_leaves=1
num_cat=0
split_feature=
split_gain=
threshold=
decision_type=
left_child=
right_child=
leaf_value=0
leaf_weight=
leaf_count=3539
internal_value=
internal_weight=
internal_count=
is_linear=0
shrinkage=1


Tree=197
num_leaves=2
num_cat=0
split_feature=30
split_gain=4.51311e-05
threshold=6.5000000000000009
decision_type=2
left_child=-1
right_child=-2
leaf_value=0 0.00017153449907145733
leaf_weight=440.41653009585571 119.19191660732031
leaf_count=2863 676
internal_value=0
internal_weight=559.608
internal_count=3539
is_linear=0
shrinkage=0.285707


Tree=198
num_leaves=2
num_cat=0
split_feature=10
split_gain=0.00211826
threshold=8.5000000000000018
decision_type=2
left_child=-1
right_child=-2
leaf_value=0.00019870346271301013 -0.00090992749587417965
leaf_weight=305.01981041627005 187.99436978111044
leaf_count=2154 1385
internal_value=0
internal_weight=493.014
internal_count=3539
is_linear=0
shrinkage=0.285707


Tree=199
num_leaves=1
num_cat=0
split_feature=
split_gain=
threshold=
decision_type=
left_child=
right_child=
leaf_value=0
leaf_weight=
leaf_count=3539
internal_value=
internal_weight=
internal_count=
is_linear=0
shrinkage=1


Tree=200
num_leaves=2
num_cat=0
split_feature=30
split_gain=3.38038e-05
threshold=6.5000000000000009
decision_type=2
left_child=-1
right_child=-2
leaf_value=0 0.00014845958526124453
leaf_weight=440.41632075095549 119.18524109758437
leaf_count=2863 676
internal_value=0
internal_weight=559.602
internal_count=3539
is_linear=0
shrinkage=0.285707


Tree=201
num_leaves=3
num_cat=0
split_feature=10 10
split_gain=0.00172833 0.000103186
threshold=110.50000000000001 8.5000000000000018
decision_type=2 2
left_child=1 -1
right_child=-2 -3
leaf_value=0.00016455942879593232 -0.0027764029196581455 0
leaf_weight=305.03016434283927 12.291054573841391 175.66272802278399
leaf_count=2154 81 1304
internal_value=0 0
internal_weight=492.984 480.693
internal_count=3539 3458
is_linear=0
shrinkage=0.285707


Tree=202
num_leaves=1
num_cat=0
split_feature=
split_gain=
threshold=
decision_type=
left_child=
right_child=
leaf_value=0
leaf_weight=
leaf_count=3539
internal_value=
internal_weight=
internal_count=
is_linear=0
shrinkage=1


Tree=203
num_leaves=1
num_cat=0
split_feature=
split_gain=
threshold=
decision_type=
left_child=
right_child=
leaf_value=0
leaf_weight=
leaf_count=3539
internal_value=
internal_weight=
internal_count=
is_linear=0
shrinkage=1


Tree=204
num_leaves=1
num_cat=0
split_feature=
split_gain=
threshold=
decision_type=
left_child=
right_child=
leaf_value=0
leaf_weight=
leaf_count=3539
internal_value=
internal_weight=
internal_count=
is_linear=0
shrinkage=1


Tree=205
num_leaves=1
num_cat=0
split_feature=
split_gain=
threshold=
decision_type=
left_child=
right_child=
leaf_value=0
leaf_weight=
leaf_count=3539
internal_value=
internal_weight=
internal_count=
is_linear=0
shrinkage=1


Tree=206
num_leaves=2
num_cat=0
split_feature=30
split_gain=1.73323e-05
threshold=6.5000000000000009
decision_type=2
left_child=-1
right_child=-2
leaf_value=0 0.00010630930294683857
leaf_weight=440.41484789107926 119.17503824457526
leaf_count=2863 676
internal_value=0
internal_weight=559.59
internal_count=3539
is_linear=0
shrinkage=0.285707


Tree=207
num_leaves=3
num_cat=0
split_feature=10 10
split_gain=0.00131492 7.04271e-05
threshold=110.50000000000001 8.5000000000000018
decision_type=2 2
left_child=1 -1
right_child=-2 -3
leaf_value=0.00013594892021001994 -0.002422759819194072 0
leaf_weight=305.0391310271807 12.27499863412231 175.66145608574152
leaf_count=2154 81 1304
internal_value=0 0
internal_weight=492.976 480.701
internal_count=3539 3458
is_linear=0
shrinkage=0.285707


Tree=208
num_leaves=1
num_cat=0
split_feature=
split_gain=
threshold=
decision_type=
left_child=
right_child=
leaf_value=0
leaf_weight=
leaf_count=3539
internal_value=
internal_weight=
internal_count=
is_linear=0
shrinkage=1


Tree=209
num_leaves=1
num_cat=0
split_feature=
split_gain=
threshold=
decision_type=
left_child=
right_child=
leaf_value=0
leaf_weight=
leaf_count=3539
internal_value=
internal_weight=
internal_count=
is_linear=0
shrinkage=1


Tree=210
num_leaves=1
num_cat=0
split_feature=
split_gain=
threshold=
decision_type=
left_child=
right_child=
leaf_value=0
leaf_weight=
leaf_count=3539
internal_value=
internal_weight=
internal_count=
is_linear=0
shrinkage=1


Tree=211
num_leaves=1
num_cat=0
split_feature=
split_gain=
threshold=
decision_type=
left_child=
right_child=
leaf_value=0
leaf_weight=
leaf_count=3539
internal_value=
internal_weight=
internal_count=
is_linear=0
shrinkage=1


Tree=212
num_leaves=2
num_cat=0
split_feature=30
split_gain=1.26846e-05
threshold=6.5000000000000009
decision_type=2
left_child=-1
right_child=-2
leaf_value=0 9.0947277227781796e-05
leaf_weight=440.41484159766696 119.17058595083654
leaf_count=2863 676
internal_value=0
internal_weight=559.585
internal_count=3539
is_linear=0
shrinkage=0.285707


Tree=213
num_leaves=2
num_cat=0
split_feature=10
split_gain=0.00112171
threshold=8.5000000000000018
decision_type=2
left_child=-1
right_child=-2
leaf_value=0.00011237635176217433 -0.00067222527321090077
leaf_weight=305.04646584670991 187.92136372439563
leaf_count=2154 1385
internal_value=0
internal_weight=492.968
internal_count=3539
is_linear=0
shrinkage=0.285707


Tree=214
num_leaves=1
num_cat=0
split_feature=
split_gain=
threshold=
decision_type=
left_child=
right_child=
leaf_value=0
leaf_weight=
leaf_count=3539
internal_value=
internal_weight=
internal_count=
is_linear=0
shrinkage=1


Tree=215
num_leaves=1
num_cat=0
split_feature=
split_gain=
threshold=
decision_type=
left_child=
right_child=
leaf_value=0
leaf_weight=
leaf_count=3539
internal_value=
internal_weight=
internal_count=
is_linear=0
shrinkage=1


Tree=216
num_leaves=1
num_cat=0
split_feature=
split_gain=
threshold=
decision_type=
left_child=
right_child=
leaf_value=0
leaf_weight=
leaf_count=3539
internal_value=
internal_weight=
internal_count=
is_linear=0
shrinkage=1


Tree=217
num_leaves=1
num_cat=0
split_feature=
split_gain=
threshold=
decision_type=
left_child=
right_child=
leaf_value=0
leaf_weight=
leaf_count=3539
internal_value=
internal_weight=
internal_count=
is_linear=0
shrinkage=1


Tree=218
num_leaves=2
num_cat=0
split_feature=30
split_gain=5.17072e-06
threshold=6.5000000000000009
decision_type=2
left_child=-1
right_child=-2
leaf_value=-2.5086727687614264e-06 5.7874908445077947e-05
leaf_weight=440.41391330270562 119.16228344477713
leaf_count=2863 676
internal_value=0
internal_weight=559.576
internal_count=3539
is_linear=0
shrinkage=0.285707


Tree=219
num_leaves=3
num_cat=0
split_feature=10 10
split_gain=0.0009206 3.25179e-05
threshold=110.50000000000001 8.5000000000000018
decision_type=2 2
left_child=1 -1
right_child=-2 -3
leaf_value=9.2375606309664051e-05 -0.0020281876300600131 0
leaf_weight=305.05304339528084 12.257095077075062 175.63502254663035
leaf_count=2154 81 1304
internal_value=0 0
internal_weight=492.945 480.688
internal_count=3539 3458
is_linear=0
shrinkage=0.285707


Tree=220
num_leaves=1
num_cat=0
split_feature=
split_gain=
threshold=
decision_type=
left_child=
right_child=
leaf_value=0
leaf_weight=
leaf_count=3539
internal_value=
internal_weight=
internal_count=
is_linear=0
shrinkage=1


Tree=221
num_leaves=1
num_cat=0
split_feature=
split_gain=
threshold=
decision_type=
left_child=
right_child=
leaf_value=0
leaf_weight=
leaf_count=3539
internal_value=
internal_weight=
internal_count=
is_linear=0
shrinkage=1


Tree=222
num_leaves=3
num_cat=0
split_feature=10 10
split_gain=0.00070088 2.15037e-05
threshold=110.50000000000001 8.5000000000000018
decision_type=2 2
left_child=1 -1
right_child=-2 -3
leaf_value=7.5118767596165945e-05 -0.0017702450973087341 0
leaf_weight=305.05948134791106 12.245428116992114 175.63502254663035
leaf_count=2154 81 1304
internal_value=0 0
internal_weight=492.94 480.695
internal_count=3539 3458
is_linear=0
shrinkage=0.285707


Tree=223
num_leaves=1
num_cat=0
split_feature=
split_gain=
threshold=
decision_type=
left_child=
right_child=
leaf_value=0
leaf_weight=
leaf_count=3539
internal_value=
internal_weight=
internal_count=
is_linear=0
shrinkage=1


Tree=224
num_leaves=2
num_cat=0
split_feature=30
split_gain=3.77198e-06
threshold=6.5000000000000009
decision_type=2
left_child=-1
right_child=-2
leaf_value=-3.033706446714256e-07 4.9593491794671269e-05
leaf_weight=440.4140607380541 119.15992388501763
leaf_count=2863 676
internal_value=0
internal_weight=559.574
internal_count=3539
is_linear=0
shrinkage=0.285707


Tree=225
num_leaves=2
num_cat=0
split_feature=10
split_gain=0.000609693
threshold=8.5000000000000018
decision_type=2
left_child=-1
right_child=-2
leaf_value=6.2060891354425246e-05 -0.00050051589499427735
leaf_weight=305.06356293382123 187.86965468339622
leaf_count=2154 1385
internal_value=0
internal_weight=492.933
internal_count=3539
is_linear=0
shrinkage=0.285707


Tree=226
num_leaves=1
num_cat=0
split_feature=
split_gain=
threshold=
decision_type=
left_child=
right_child=
leaf_value=0
leaf_weight=
leaf_count=3539
internal_value=
internal_weight=
internal_count=
is_linear=0
shrinkage=1


Tree=227
num_leaves=2
num_cat=0
split_feature=30
split_gain=2.73867e-06
threshold=6.5000000000000009
decision_type=2
left_child=-1
right_child=-2
leaf_value=0 4.2261258110985589e-05
leaf_weight=440.41415478277486 119.15782885253429
leaf_count=2863 676
internal_value=0
internal_weight=559.572
internal_count=3539
is_linear=0
shrinkage=0.285707


Tree=228
num_leaves=3
num_cat=0
split_feature=10 10
split_gain=0.000489955 1.00351e-05
threshold=110.50000000000001 8.5000000000000018
decision_type=2 2
left_child=1 -1
right_child=-2 -3
leaf_value=5.1315370039111676e-05 -0.0014806270168371948 0
leaf_weight=305.06689372379333 12.232312288135288 175.61552931228653
leaf_count=2154 81 1304
internal_value=0 0
internal_weight=492.915 480.682
internal_count=3539 3458
is_linear=0
shrinkage=0.285707


Tree=229
num_leaves=1
num_cat=0
split_feature=
split_gain=
threshold=
decision_type=
left_child=
right_child=
leaf_value=0
leaf_weight=
leaf_count=3539
internal_value=
internal_weight=
internal_count=
is_linear=0
shrinkage=1


Tree=230
num_leaves=1
num_cat=0
split_feature=
split_gain=
threshold=
decision_type=
left_child=
right_child=
leaf_value=0
leaf_weight=
leaf_count=3539
internal_value=
internal_weight=
internal_count=
is_linear=0
shrinkage=1


Tree=231
num_leaves=3
num_cat=0
split_feature=10 10
split_gain=0.000373013 6.63615e-06
threshold=110.50000000000001 8.5000000000000018
decision_type=2 2
left_child=1 -1
right_child=-2 -3
leaf_value=4.1729375493477111e-05 -0.0012922032625136783 0
leaf_weight=305.07047034800053 12.223801326006649 175.61552931228653
leaf_count=2154 81 1304
internal_value=0 0
internal_weight=492.91 480.686
internal_count=3539 3458
is_linear=0
shrinkage=0.285707


Tree=232
num_leaves=1
num_cat=0
split_feature=
split_gain=
threshold=
decision_type=
left_child=
right_child=
leaf_value=0
leaf_weight=
leaf_count=3539
internal_value=
internal_weight=
internal_count=
is_linear=0
shrinkage=1


Tree=233
num_leaves=1
num_cat=0
split_feature=
split_gain=
threshold=
decision_type=
left_child=
right_child=
leaf_value=0
leaf_weight=
leaf_count=3539
internal_value=
internal_weight=
internal_count=
is_linear=0
shrinkage=1


Tree=234
num_leaves=1
num_cat=0
split_feature=
split_gain=
threshold=
decision_type=
left_child=
right_child=
leaf_value=0
leaf_weight=
leaf_count=3539
internal_value=
internal_weight=
internal_count=
is_linear=0
shrinkage=1


Tree=235
num_leaves=1
num_cat=0
split_feature=
split_gain=
threshold=
decision_type=
left_child=
right_child=
leaf_value=0
leaf_weight=
leaf_count=3539
internal_value=
internal_weight=
internal_count=
is_linear=0
shrinkage=1


Tree=236
num_leaves=2
num_cat=0
split_feature=30
split_gain=1.3493e-06
threshold=6.5000000000000009
decision_type=2
left_child=-1
right_child=-2
leaf_value=-1.0199599238815261e-05 2.2559364520900341e-05
leaf_weight=440.41376955062151 119.15328618884087
leaf_count=2863 676
internal_value=0
internal_weight=559.567
internal_count=3539
is_linear=0
shrinkage=0.285707


Tree=237
num_leaves=2
num_cat=0
split_feature=10
split_gain=0.000336912
threshold=8.5000000000000018
decision_type=2
left_child=-1
right_child=-2
leaf_value=3.3702062352451913e-05 -0.00037423664901397306
leaf_weight=305.07328482717276 187.83191542886198
leaf_count=2154 1385
internal_value=0
internal_weight=492.905
internal_count=3539
is_linear=0
shrinkage=0.285707


Tree=238
num_leaves=1
num_cat=0
split_feature=
split_gain=
threshold=
decision_type=
left_child=
right_child=
leaf_value=0
leaf_weight=
leaf_count=3539
internal_value=
internal_weight=
internal_count=
is_linear=0
shrinkage=1


Tree=239
num_leaves=2
num_cat=0
split_feature=30
split_gain=8.98246e-07
threshold=6.5000000000000009
decision_type=2
left_child=-1
right_child=-2
leaf_value=-8.2831198156856003e-06 1.8468918001581239e-05
leaf_weight=440.4140687774634 119.15205234847963
leaf_count=2863 676
internal_value=0
internal_weight=559.566
internal_count=3539
is_linear=0
shrinkage=0.285707


Tree=240
num_leaves=3
num_cat=0
split_feature=10 10
split_gain=0.000260581 2.8237e-06
threshold=110.50000000000001 8.5000000000000018
decision_type=2 2
left_child=1 -1
right_child=-2 -3
leaf_value=2.722010086164263e-05 -0.0010803235693191749 0
leaf_weight=305.07555392105132 12.214231940917669 175.60178188420832
leaf_count=2154 81 1304
internal_value=0 0
internal_weight=492.892 480.677
internal_count=3539 3458
is_linear=0
shrinkage=0.285707


Tree=241
num_leaves=1
num_cat=0
split_feature=
split_gain=
threshold=
decision_type=
left_child=
right_child=
leaf_value=0
leaf_weight=
leaf_count=3539
internal_value=
internal_weight=
internal_count=
is_linear=0
shrinkage=1


Tree=242
num_leaves=2
num_cat=0
split_feature=30
split_gain=1.48642e-06
threshold=6.5000000000000009
decision_type=2
left_child=-1
right_child=-2
leaf_value=-1.6316289401913283e-05 4.4574493519278745e-06
leaf_weight=440.4139033977408 119.14873946085572
leaf_count=2863 676
internal_value=0
internal_weight=559.563
internal_count=3539
is_linear=0
shrinkage=0.285707


Tree=243
num_leaves=2
num_cat=0
split_feature=10
split_gain=0.000206158
threshold=8.5000000000000018
decision_type=2
left_child=-1
right_child=-2
leaf_value=2.1127501433860284e-05 -0.00029344090956829141
leaf_weight=305.0780444284901 187.81022364692762
leaf_count=2154 1385
internal_value=0
internal_weight=492.888
internal_count=3539
is_linear=0
shrinkage=0.285707


Tree=244
num_leaves=1
num_cat=0
split_feature=
split_gain=
threshold=
decision_type=
left_child=
right_child=
leaf_value=0
leaf_weight=
leaf_count=3539
internal_value=
internal_weight=
internal_count=
is_linear=0
shrinkage=1


Tree=245
num_leaves=1
num_cat=0
split_feature=
split_gain=
threshold=
decision_type=
left_child=
right_child=
leaf_value=0
leaf_weight=
leaf_count=3539
internal_value=
internal_weight=
internal_count=
is_linear=0
shrinkage=1


Tree=246
num_leaves=3
num_cat=0
split_feature=10 10
split_gain=0.000183143 1.12491e-06
threshold=110.50000000000001 8.5000000000000018
decision_type=2 2
left_child=1 -1
right_child=-2 -3
leaf_value=1.7180531932982858e-05 -0.00090588238580135039 0
leaf_weight=305.07951729791239 12.206365979276596 175.59138470469043
leaf_count=2154 81 1304
internal_value=0 0
internal_weight=492.877 480.671
internal_count=3539 3458
is_linear=0
shrinkage=0.285707


Tree=247
num_leaves=1
num_cat=0
split_feature=
split_gain=
threshold=
decision_type=
left_child=
right_child=
leaf_value=0
leaf_weight=
leaf_count=3539
internal_value=
internal_weight=
internal_count=
is_linear=0
shrinkage=1


Tree=248
num_leaves=1
num_cat=0
split_feature=
split_gain=
threshold=
decision_type=
left_child=
right_child=
leaf_value=0
leaf_weight=
leaf_count=3539
internal_value=
internal_weight=
internal_count=
is_linear=0
shrinkage=1


Tree=249
num_leaves=3
num_cat=0
split_feature=10 10
split_gain=0.000139429 7.43953e-07
threshold=110.50000000000001 8.5000000000000018
decision_type=2 2
left_child=1 -1
right_child=-2 -3
leaf_value=1.3971705520647902e-05 -0.00079052322504713295 0
leaf_weight=305.08071473008022 12.20116288308054 175.59138470469043
leaf_count=2154 81 1304
internal_value=0 0
internal_weight=492.873 480.672
internal_count=3539 3458
is_linear=0
shrinkage=0.285707


Tree=250
num_leaves=1
num_cat=0
split_feature=
split_gain=
threshold=
decision_type=
left_child=
right_child=
leaf_value=0
leaf_weight=
leaf_count=3539
internal_value=
internal_weight=
internal_count=
is_linear=0
shrinkage=1


Tree=251
num_leaves=2
num_cat=0
split_feature=30
split_gain=2.51958e-06
threshold=6.5000000000000009
decision_type=2
left_child=-1
right_child=-2
leaf_value=-2.1463992619256963e-05 0
leaf_weight=440.4143249867484 119.14667799323797
leaf_count=2863 676
internal_value=0
internal_weight=559.561
internal_count=3539
is_linear=0
shrinkage=0.285707


Tree=252
num_leaves=2
num_cat=0
split_feature=10
split_gain=0.000115747
threshold=8.5000000000000018
decision_type=2
left_child=-1
right_child=-2
leaf_value=9.9193467143523571e-06 -0.00022044209952676918
leaf_weight=305.08260767813772 187.78862877748907
leaf_count=2154 1385
internal_value=0
internal_weight=492.871
internal_count=3539
is_linear=0
shrinkage=0.285707


Tree=253
num_leaves=1
num_cat=0
split_feature=
split_gain=
threshold=
decision_type=
left_child=
right_child=
leaf_value=0
leaf_weight=
leaf_count=3539
internal_value=
internal_weight=
internal_count=
is_linear=0
shrinkage=1


Tree=254
num_leaves=2
num_cat=0
split_feature=30
split_gain=1.72928e-06
threshold=6.5000000000000009
decision_type=2
left_child=-1
right_child=-2
leaf_value=-1.7781928218380361e-05 0
leaf_weight=440.4150657687569 119.14664843864739
leaf_count=2863 676
internal_value=0
internal_weight=559.562
internal_count=3539
is_linear=0
shrinkage=0.285707


Tree=255
num_leaves=1
num_cat=0
split_feature=
split_gain=
threshold=
decision_type=
left_child=
right_child=
leaf_value=0
leaf_weight=
leaf_count=3539
internal_value=
internal_weight=
internal_count=
is_linear=0
shrinkage=1


Tree=256
num_leaves=1
num_cat=0
split_feature=
split_gain=
threshold=
decision_type=
left_child=
right_child=
leaf_value=0
leaf_weight=
leaf_count=3539
internal_value=
internal_weight=
internal_count=
is_linear=0
shrinkage=1


Tree=257
num_leaves=2
num_cat=0
split_feature=30
split_gain=2.31007e-06
threshold=6.5000000000000009
decision_type=2
left_child=-1
right_child=-2
leaf_value=-2.0552195830820095e-05 0
leaf_weight=440.41538525244687 119.14513744600117
leaf_count=2863 676
internal_value=0
internal_weight=559.561
internal_count=3539
is_linear=0
shrinkage=0.285707


Tree=258
num_leaves=3
num_cat=0
split_feature=10 10
split_gain=9.82263e-05 1.14831e-07
threshold=110.50000000000001 8.5000000000000018
decision_type=2 2
left_child=1 -1
right_child=-2 -3
leaf_value=5.4891295105998012e-06 -0.00066362146787963486 0
leaf_weight=305.08493997948244 12.19546427298337 175.58490465022624
leaf_count=2154 81 1304
internal_value=0 0
internal_weight=492.865 480.67
internal_count=3539 3458
is_linear=0
shrinkage=0.285707


Tree=259
num_leaves=1
num_cat=0
split_feature=
split_gain=
threshold=
decision_type=
left_child=
right_child=
leaf_value=0
leaf_weight=
leaf_count=3539
internal_value=
internal_weight=
internal_count=
is_linear=0
shrinkage=1


Tree=260
num_leaves=2
num_cat=0
split_feature=30
split_gain=1.52346e-06
threshold=6.5000000000000009
decision_type=2
left_child=-1
right_child=-2
leaf_value=-1.6690204095779192e-05 0
leaf_weight=440.41598812968004 119.14513744600117
leaf_count=2863 676
internal_value=0
internal_weight=559.561
internal_count=3539
is_linear=0
shrinkage=0.285707


Tree=261
num_leaves=3
num_cat=0
split_feature=10 10
split_gain=7.49142e-05 4.25631e-08
threshold=110.50000000000001 8.5000000000000018
decision_type=2 2
left_child=1 -1
right_child=-2 -3
leaf_value=3.3418695618846003e-06 -0.00057960689995480532 0
leaf_weight=305.08603732613847 12.191683593206106 175.58535772236064
leaf_count=2154 81 1304
internal_value=0 0
internal_weight=492.863 480.671
internal_count=3539 3458
is_linear=0
shrinkage=0.285707


Tree=262
num_leaves=1
num_cat=0
split_feature=
split_gain=
threshold=
decision_type=
left_child=
right_child=
leaf_value=0
leaf_weight=
leaf_count=3539
internal_value=
internal_weight=
internal_count=
is_linear=0
shrinkage=1


Tree=263
num_leaves=2
num_cat=0
split_feature=30
split_gain=1.09355e-06
threshold=6.5000000000000009
decision_type=2
left_child=-1
right_child=-2
leaf_value=-1.4140485498501153e-05 0
leaf_weight=440.41659309819806 119.14501444064081
leaf_count=2863 676
internal_value=0
internal_weight=559.562
internal_count=3539
is_linear=0
shrinkage=0.285707


Tree=264
num_leaves=2
num_cat=0
split_feature=10
split_gain=6.83189e-05
threshold=8.5000000000000018
decision_type=2
left_child=-1
right_child=-2
leaf_value=1.7672020562665535e-06 -0.0001696263405620542
leaf_weight=305.08687615999952 187.77412270382047
leaf_count=2154 1385
internal_value=0
internal_weight=492.861
internal_count=3539
is_linear=0
shrinkage=0.285707


Tree=265
num_leaves=1
num_cat=0
split_feature=
split_gain=
threshold=
decision_type=
left_child=
right_child=
leaf_value=0
leaf_weight=
leaf_count=3539
internal_value=
internal_weight=
internal_count=
is_linear=0
shrinkage=1


Tree=266
num_leaves=2
num_cat=0
split_feature=30
split_gain=7.95884e-07
threshold=6.5000000000000009
decision_type=2
left_child=-1
right_child=-2
leaf_value=-1.2063412515364117e-05 0
leaf_weight=440.4171151103219 119.14488463848829
leaf_count=2863 676
internal_value=0
internal_weight=559.562
internal_count=3539
is_linear=0
shrinkage=0.285707


Tree=267
num_leaves=3
num_cat=0
split_feature=10 10
split_gain=5.24357e-05 1.49324e-09
threshold=110.50000000000001 8.5000000000000018
decision_type=2 2
left_child=1 -1
right_child=-2 -3
leaf_value=6.2594688571976142e-07 -0.00048497122117458456 0
leaf_weight=305.08751571271569 12.187429024837909 175.5798335345462
leaf_count=2154 81 1304
internal_value=0 0
internal_weight=492.855 480.667
internal_count=3539 3458
is_linear=0
shrinkage=0.285707


Tree=268
num_leaves=1
num_cat=0
split_feature=
split_gain=
threshold=
decision_type=
left_child=
right_child=
leaf_value=0
leaf_weight=
leaf_count=3539
internal_value=
internal_weight=
internal_count=
is_linear=0
shrinkage=1


Tree=269
num_leaves=2
num_cat=0
split_feature=30
split_gain=1.19367e-06
threshold=6.5000000000000009
decision_type=2
left_child=-1
right_child=-2
leaf_value=-1.4773622305193356e-05 0
leaf_weight=440.41733407031279 119.14362999796867
leaf_count=2863 676
internal_value=0
internal_weight=559.561
internal_count=3539
is_linear=0
shrinkage=0.285707


Tree=270
num_leaves=2
num_cat=0
split_feature=10
split_gain=4.28559e-05
threshold=8.5000000000000018
decision_type=2
left_child=-1
right_child=-2
leaf_value=0 -0.00013436189305256069
leaf_weight=305.08819183381274 187.76490650279447
leaf_count=2154 1385
internal_value=0
internal_weight=492.853
internal_count=3539
is_linear=0
shrinkage=0.285707


Tree=271
num_leaves=1
num_cat=0
split_feature=
split_gain=
threshold=
decision_type=
left_child=
right_child=
leaf_value=0
leaf_weight=
leaf_count=3539
internal_value=
internal_weight=
internal_count=
is_linear=0
shrinkage=1


Tree=272
num_leaves=1
num_cat=0
split_feature=
split_gain=
threshold=
decision_type=
left_child=
right_child=
leaf_value=0
leaf_weight=
leaf_count=3539
internal_value=
internal_weight=
internal_count=
is_linear=0
shrinkage=1


Tree=273
num_leaves=2
num_cat=0
split_feature=10
split_gain=3.68368e-05
threshold=110.50000000000001
decision_type=2
left_child=-1
right_child=-2
leaf_value=0 -0.00040652303264652079
leaf_weight=480.66348817618564 12.183900182135401
leaf_count=3458 81
internal_value=0
internal_weight=492.847
internal_count=3539
is_linear=0
shrinkage=0.285707


Tree=274
num_leaves=1
num_cat=0
split_feature=
split_gain=
threshold=
decision_type=
left_child=
right_child=
leaf_value=0
leaf_weight=
leaf_count=3539
internal_value=
internal_weight=
internal_count=
is_linear=0
shrinkage=1


Tree=275
num_leaves=1
num_cat=0
split_feature=
split_gain=
threshold=
decision_type=
left_child=
right_child=
leaf_value=0
leaf_weight=
leaf_count=3539
internal_value=
internal_weight=
internal_count=
is_linear=0
shrinkage=1


Tree=276
num_leaves=2
num_cat=0
split_feature=10
split_gain=2.80435e-05
threshold=110.50000000000001
decision_type=2
left_child=-1
right_child=-2
leaf_value=0 -0.00035472220818344338
leaf_weight=480.66348817618564 12.181566732935606
leaf_count=3458 81
internal_value=0
internal_weight=492.845
internal_count=3539
is_linear=0
shrinkage=0.285707


Tree=277
num_leaves=1
num_cat=0
split_feature=
split_gain=
threshold=
decision_type=
left_child=
right_child=
leaf_value=0
leaf_weight=
leaf_count=3539
internal_value=
internal_weight=
internal_count=
is_linear=0
shrinkage=1


Tree=278
num_leaves=2
num_cat=0
split_feature=30
split_gain=1.60065e-06
threshold=6.5000000000000009
decision_type=2
left_child=-1
right_child=-2
leaf_value=-1.7107772847471628e-05 0
leaf_weight=440.41784692800138 119.14234410040081
leaf_count=2863 676
internal_value=0
internal_weight=559.56
internal_count=3539
is_linear=0
shrinkage=0.285707


Tree=279
num_leaves=1
num_cat=0
split_feature=
split_gain=
threshold=
decision_type=
left_child=
right_child=
leaf_value=0
leaf_weight=
leaf_count=3539
internal_value=
internal_weight=
internal_count=
is_linear=0
shrinkage=1


Tree=280
num_leaves=1
num_cat=0
split_feature=
split_gain=
threshold=
decision_type=
left_child=
right_child=
leaf_value=0
leaf_weight=
leaf_count=3539
internal_value=
internal_weight=
internal_count=
is_linear=0
shrinkage=1


Tree=281
num_leaves=2
num_cat=0
split_feature=30
split_gain=1.12516e-06
threshold=6.5000000000000009
decision_type=2
left_child=-1
right_child=-2
leaf_value=-1.4343361855521727e-05 0
leaf_weight=440.41842076170724 119.14223269931972
leaf_count=2863 676
internal_value=0
internal_weight=559.561
internal_count=3539
is_linear=0
shrinkage=0.285707


Tree=282
num_leaves=2
num_cat=0
split_feature=10
split_gain=2.49954e-05
threshold=8.5000000000000018
decision_type=2
left_child=-1
right_child=-2
leaf_value=0 -0.00010261507840956517
leaf_weight=305.08953836932778 187.75573667790741
leaf_count=2154 1385
internal_value=0
internal_weight=492.845
internal_count=3539
is_linear=0
shrinkage=0.285707


Tree=283
num_leaves=1
num_cat=0
split_feature=
split_gain=
threshold=
decision_type=
left_child=
right_child=
leaf_value=0
leaf_weight=
leaf_count=3539
internal_value=
internal_weight=
internal_count=
is_linear=0
shrinkage=1


Tree=284
num_leaves=2
num_cat=0
split_feature=30
split_gain=7.41988e-07
threshold=6.5000000000000009
decision_type=2
left_child=-1
right_child=-2
leaf_value=-1.1647771813661165e-05 0
leaf_weight=440.41884297085926 119.14223269931972
leaf_count=2863 676
internal_value=0
internal_weight=559.561
internal_count=3539
is_linear=0
shrinkage=0.285707


Tree=285
num_leaves=1
num_cat=0
split_feature=
split_gain=
threshold=
decision_type=
left_child=
right_child=
leaf_value=0
leaf_weight=
leaf_count=3539
internal_value=
internal_weight=
internal_count=
is_linear=0
shrinkage=1


Tree=286
num_leaves=1
num_cat=0
split_feature=
split_gain=
threshold=
decision_type=
left_child=
right_child=
leaf_value=0
leaf_weight=
leaf_count=3539
internal_value=
internal_weight=
internal_count=
is_linear=0
shrinkage=1


Tree=287
num_leaves=2
num_cat=0
split_feature=30
split_gain=8.57177e-07
threshold=6.5000000000000009
decision_type=2
left_child=-1
right_child=-2
leaf_value=-1.251928805230972e-05 0
leaf_weight=440.41910760570318 119.14145710878074
leaf_count=2863 676
internal_value=0
internal_weight=559.561
internal_count=3539
is_linear=0
shrinkage=0.285707


Tree=288
num_leaves=2
num_cat=0
split_feature=10
split_gain=1.98124e-05
threshold=110.50000000000001
decision_type=2
left_child=-1
right_child=-2
leaf_value=0 -0.00029817478624877459
leaf_weight=480.66360719269142 12.179041182622312
leaf_count=3458 81
internal_value=0
internal_weight=492.843
internal_count=3539
is_linear=0
shrinkage=0.285707


Tree=289
num_leaves=1
num_cat=0
split_feature=
split_gain=
threshold=
decision_type=
left_child=
right_child=
leaf_value=0
leaf_weight=
leaf_count=3539
internal_value=
internal_weight=
internal_count=
is_linear=0
shrinkage=1


Tree=290
num_leaves=2
num_cat=0
split_feature=30
split_gain=5.65346e-07
threshold=6.5000000000000009
decision_type=2
left_child=-1
right_child=-2
leaf_value=-1.0167194112924935e-05 0
leaf_weight=440.41947496973444 119.14145710878074
leaf_count=2863 676
internal_value=0
internal_weight=559.561
internal_count=3539
is_linear=0
shrinkage=0.285707


Tree=291
num_leaves=1
num_cat=0
split_feature=
split_gain=
threshold=
decision_type=
left_child=
right_child=
leaf_value=0
leaf_weight=
leaf_count=3539
internal_value=
internal_weight=
internal_count=
is_linear=0
shrinkage=1


Tree=292
num_leaves=1
num_cat=0
split_feature=
split_gain=
threshold=
decision_type=
left_child=
right_child=
leaf_value=0
leaf_weight=
leaf_count=3539
internal_value=
internal_weight=
internal_count=
is_linear=0
shrinkage=1


Tree=293
num_leaves=2
num_cat=0
split_feature=30
split_gain=4.07735e-07
threshold=6.5000000000000009
decision_type=2
left_child=-1
right_child=-2
leaf_value=-8.6344104277996284e-06 0
leaf_weight=440.4198348011123 119.14136348478496
leaf_count=2863 676
internal_value=0
internal_weight=559.561
internal_count=3539
is_linear=0
shrinkage=0.285707


Tree=294
num_leaves=2
num_cat=0
split_feature=10
split_gain=1.63768e-05
threshold=8.5000000000000018
decision_type=2
left_child=-1
right_child=-2
leaf_value=0 -8.3061793334512012e-05
leaf_weight=305.09137797914445 187.75090743694454
leaf_count=2154 1385
internal_value=0
internal_weight=492.842
internal_count=3539
is_linear=0
shrinkage=0.285707


Tree=295
num_leaves=1
num_cat=0
split_feature=
split_gain=
threshold=
decision_type=
left_child=
right_child=
leaf_value=0
leaf_weight=
leaf_count=3539
internal_value=
internal_weight=
internal_count=
is_linear=0
shrinkage=1


Tree=296
num_leaves=2
num_cat=0
split_feature=30
split_gain=2.68949e-07
threshold=6.5000000000000009
decision_type=2
left_child=-1
right_child=-2
leaf_value=-7.0125916665794244e-06 0
leaf_weight=440.42008792550769 119.14136348478496
leaf_count=2863 676
internal_value=0
internal_weight=559.561
internal_count=3539
is_linear=0
shrinkage=0.285707


Tree=297
num_leaves=2
num_cat=0
split_feature=10
split_gain=1.39698e-05
threshold=110.50000000000001
decision_type=2
left_child=-1
right_child=-2
leaf_value=0 -0.00025039333720550415
leaf_weight=480.66236046841368 12.176899333484469
leaf_count=3458 81
internal_value=0
internal_weight=492.839
internal_count=3539
is_linear=0
shrinkage=0.285707


Tree=298
num_leaves=1
num_cat=0
split_feature=
split_gain=
threshold=
decision_type=
left_child=
right_child=
leaf_value=0
leaf_weight=
leaf_count=3539
internal_value=
internal_weight=
internal_count=
is_linear=0
shrinkage=1


Tree=299
num_leaves=2
num_cat=0
split_feature=30
split_gain=3.65252e-07
threshold=6.5000000000000009
decision_type=2
left_child=-1
right_child=-2
leaf_value=-8.1722199895231062e-06 0
leaf_weight=440.42023182532284 119.14073573984206
leaf_count=2863 676
internal_value=0
internal_weight=559.561
internal_count=3539
is_linear=0
shrinkage=0.285707


Tree=300
num_leaves=2
num_cat=0
split_feature=10
split_gain=1.06599e-05
threshold=110.50000000000001
decision_type=2
left_child=-1
right_child=-2
leaf_value=0 -0.00021873626581130648
leaf_weight=480.6629316858016 12.175476937554775
leaf_count=3458 81
internal_value=0
internal_weight=492.838
internal_count=3539
is_linear=0
shrinkage=0.285707


Tree=301
num_leaves=1
num_cat=0
split_feature=
split_gain=
threshold=
decision_type=
left_child=
right_child=
leaf_value=0
leaf_weight=
leaf_count=3539
internal_value=
internal_weight=
internal_count=
is_linear=0
shrinkage=1


Tree=302
num_leaves=2
num_cat=0
split_feature=30
split_gain=2.64465e-07
threshold=6.5000000000000009
decision_type=2
left_child=-1
right_child=-2
leaf_value=-6.9538875719400816e-06 0
leaf_weight=440.42052274616435 119.14065709151328
leaf_count=2863 676
internal_value=0
internal_weight=559.561
internal_count=3539
is_linear=0
shrinkage=0.285707


Tree=303
num_leaves=2
num_cat=0
split_feature=10
split_gain=9.61323e-06
threshold=8.5000000000000018
decision_type=2
left_child=-1
right_child=-2
leaf_value=0 -6.3639646211049208e-05
leaf_weight=305.09232592210174 187.74532629735768
leaf_count=2154 1385
internal_value=0
internal_weight=492.838
internal_count=3539
is_linear=0
shrinkage=0.285707


Tree=304
num_leaves=1
num_cat=0
split_feature=
split_gain=
threshold=
decision_type=
left_child=
right_child=
leaf_value=0
leaf_weight=
leaf_count=3539
internal_value=
internal_weight=
internal_count=
is_linear=0
shrinkage=1


Tree=305
num_leaves=1
num_cat=0
split_feature=
split_gain=
threshold=
decision_type=
left_child=
right_child=
leaf_value=0
leaf_weight=
leaf_count=3539
internal_value=
internal_weight=
internal_count=
is_linear=0
shrinkage=1


Tree=306
num_leaves=2
num_cat=0
split_feature=10
split_gain=7.45762e-06
threshold=110.50000000000001
decision_type=2
left_child=-1
right_child=-2
leaf_value=0 -0.00018296343330087965
leaf_weight=480.66107918927446 12.173868967220185
leaf_count=3458 81
internal_value=0
internal_weight=492.835
internal_count=3539
is_linear=0
shrinkage=0.285707


Tree=307
num_leaves=1
num_cat=0
split_feature=
split_gain=
threshold=
decision_type=
left_child=
right_child=
leaf_value=0
leaf_weight=
leaf_count=3539
internal_value=
internal_weight=
internal_count=
is_linear=0
shrinkage=1


Tree=308
num_leaves=2
num_cat=0
split_feature=30
split_gain=3.34675e-07
threshold=6.5000000000000009
decision_type=2
left_child=-1
right_child=-2
leaf_value=-7.8226710437343248e-06 0
leaf_weight=440.42072403081693 119.1401075720787
leaf_count=2863 676
internal_value=0
internal_weight=559.561
internal_count=3539
is_linear=0
shrinkage=0.285707


Tree=309
num_leaves=1
num_cat=0
split_feature=
split_gain=
threshold=
decision_type=
left_child=
right_child=
leaf_value=0
leaf_weight=
leaf_count=3539
internal_value=
internal_weight=
internal_count=
is_linear=0
shrinkage=1


Tree=310
num_leaves=1
num_cat=0
split_feature=
split_gain=
threshold=
decision_type=
left_child=
right_child=
leaf_value=0
leaf_weight=
leaf_count=3539
internal_value=
internal_weight=
internal_count=
is_linear=0
shrinkage=1


Tree=311
num_leaves=2
num_cat=0
split_feature=30
split_gain=2.37144e-07
threshold=6.5000000000000009
decision_type=2
left_child=-1
right_child=-2
leaf_value=-6.5849095966551121e-06 0
leaf_weight=440.42099080560729 119.14005014300346
leaf_count=2863 676
internal_value=0
internal_weight=559.561
internal_count=3539
is_linear=0
shrinkage=0.285707


Tree=312
num_leaves=2
num_cat=0
split_feature=10
split_gain=6.10034e-06
threshold=8.5000000000000018
decision_type=2
left_child=-1
right_child=-2
leaf_value=0 -5.069599332909674e-05
leaf_weight=305.09294300479814 187.74198890198022
leaf_count=2154 1385
internal_value=0
internal_weight=492.835
internal_count=3539
is_linear=0
shrinkage=0.285707


Tree=313
num_leaves=1
num_cat=0
split_feature=
split_gain=
threshold=
decision_type=
left_child=
right_child=
leaf_value=0
leaf_weight=
leaf_count=3539
internal_value=
internal_weight=
internal_count=
is_linear=0
shrinkage=1


Tree=314
num_leaves=2
num_cat=0
split_feature=30
split_gain=1.56372e-07
threshold=6.5000000000000009
decision_type=2
left_child=-1
right_child=-2
leaf_value=-5.3471609416874103e-06 0
leaf_weight=440.42118391336408 119.14005014300346
leaf_count=2863 676
internal_value=0
internal_weight=559.561
internal_count=3539
is_linear=0
shrinkage=0.285707


Tree=315
num_leaves=2
num_cat=0
split_feature=10
split_gain=5.26919e-06
threshold=110.50000000000001
decision_type=2
left_child=-1
right_child=-2
leaf_value=0 -0.00015379836343379277
leaf_weight=480.66059791203588 12.172563468106089
leaf_count=3458 81
internal_value=0
internal_weight=492.833
internal_count=3539
is_linear=0
shrinkage=0.285707


Tree=316
num_leaves=1
num_cat=0
split_feature=
split_gain=
threshold=
decision_type=
left_child=
right_child=
leaf_value=0
leaf_weight=
leaf_count=3539
internal_value=
internal_weight=
internal_count=
is_linear=0
shrinkage=1


Tree=317
num_leaves=1
num_cat=0
split_feature=
split_gain=
threshold=
decision_type=
left_child=
right_child=
leaf_value=0
leaf_weight=
leaf_count=3539
internal_value=
internal_weight=
internal_count=
is_linear=0
shrinkage=1


Tree=318
num_leaves=1
num_cat=0
split_feature=
split_gain=
threshold=
decision_type=
left_child=
right_child=
leaf_value=0
leaf_weight=
leaf_count=3539
internal_value=
internal_weight=
internal_count=
is_linear=0
shrinkage=1


Tree=319
num_leaves=1
num_cat=0
split_feature=
split_gain=
threshold=
decision_type=
left_child=
right_child=
leaf_value=0
leaf_weight=
leaf_count=3539
internal_value=
internal_weight=
internal_count=
is_linear=0
shrinkage=1


Tree=320
num_leaves=2
num_cat=0
split_feature=30
split_gain=2.00168e-07
threshold=6.5000000000000009
decision_type=2
left_child=-1
right_child=-2
leaf_value=-6.0497863144543588e-06 0
leaf_weight=440.42133416491561 119.13961867615581
leaf_count=2863 676
internal_value=0
internal_weight=559.561
internal_count=3539
is_linear=0
shrinkage=0.285707


Tree=321
num_leaves=2
num_cat=0
split_feature=10
split_gain=4.02261e-06
threshold=110.50000000000001
decision_type=2
left_child=-1
right_child=-2
leaf_value=0 -0.00013438293472238719
leaf_weight=480.66102102352306 12.171691764146088
leaf_count=3458 81
internal_value=0
internal_weight=492.833
internal_count=3539
is_linear=0
shrinkage=0.285707


Tree=322
num_leaves=1
num_cat=0
split_feature=
split_gain=
threshold=
decision_type=
left_child=
right_child=
leaf_value=0
leaf_weight=
leaf_count=3539
internal_value=
internal_weight=
internal_count=
is_linear=0
shrinkage=1


Tree=323
num_leaves=1
num_cat=0
split_feature=
split_gain=
threshold=
decision_type=
left_child=
right_child=
leaf_value=0
leaf_weight=
leaf_count=3539
internal_value=
internal_weight=
internal_count=
is_linear=0
shrinkage=1


Tree=324
num_leaves=2
num_cat=0
split_feature=10
split_gain=3.55021e-06
threshold=8.5000000000000018
decision_type=2
left_child=-1
right_child=-2
leaf_value=0 -3.8674782985135525e-05
leaf_weight=305.09343087021261 187.73851079633459
leaf_count=2154 1385
internal_value=0
internal_weight=492.832
internal_count=3539
is_linear=0
shrinkage=0.285707


Tree=325
num_leaves=1
num_cat=0
split_feature=
split_gain=
threshold=
decision_type=
left_child=
right_child=
leaf_value=0
leaf_weight=
leaf_count=3539
internal_value=
internal_weight=
internal_count=
is_linear=0
shrinkage=1


Tree=326
num_leaves=1
num_cat=0
split_feature=
split_gain=
threshold=
decision_type=
left_child=
right_child=
leaf_value=0
leaf_weight=
leaf_count=3539
internal_value=
internal_weight=
internal_count=
is_linear=0
shrinkage=1


Tree=327
num_leaves=2
num_cat=0
split_feature=10
split_gain=2.81025e-06
threshold=110.50000000000001
decision_type=2
left_child=-1
right_child=-2
leaf_value=0 -0.00011232453023692319
leaf_weight=480.65959955658764 12.17069869674742
leaf_count=3458 81
internal_value=0
internal_weight=492.83
internal_count=3539
is_linear=0
shrinkage=0.285707


Tree=328
num_leaves=1
num_cat=0
split_feature=
split_gain=
threshold=
decision_type=
left_child=
right_child=
leaf_value=0
leaf_weight=
leaf_count=3539
internal_value=
internal_weight=
internal_count=
is_linear=0
shrinkage=1


Tree=329
num_leaves=2
num_cat=0
split_feature=30
split_gain=2.12719e-07
threshold=6.5000000000000009
decision_type=2
left_child=-1
right_child=-2
leaf_value=-6.2365719140533573e-06 0
leaf_weight=440.42151027836371 119.13928431272507
leaf_count=2863 676
internal_value=0
internal_weight=559.561
internal_count=3539
is_linear=0
shrinkage=0.285707


Tree=330
num_leaves=2
num_cat=0
split_feature=10
split_gain=2.22565e-06
threshold=8.5000000000000018
decision_type=2
left_child=-1
right_child=-2
leaf_value=0 -3.0621840091700954e-05
leaf_weight=305.09369782498106 187.73640339495614
leaf_count=2154 1385
internal_value=0
internal_weight=492.83
internal_count=3539
is_linear=0
shrinkage=0.285707


Tree=331
num_leaves=1
num_cat=0
split_feature=
split_gain=
threshold=
decision_type=
left_child=
right_child=
leaf_value=0
leaf_weight=
leaf_count=3539
internal_value=
internal_weight=
internal_count=
is_linear=0
shrinkage=1


Tree=332
num_leaves=2
num_cat=0
split_feature=30
split_gain=1.48272e-07
threshold=6.5000000000000009
decision_type=2
left_child=-1
right_child=-2
leaf_value=-5.2068181518953369e-06 0
leaf_weight=440.42171709798276 119.13924914598465
leaf_count=2863 676
internal_value=0
internal_weight=559.561
internal_count=3539
is_linear=0
shrinkage=0.285707


Tree=333
num_leaves=2
num_cat=0
split_feature=10
split_gain=1.98737e-06
threshold=110.50000000000001
decision_type=2
left_child=-1
right_child=-2
leaf_value=0 -9.4460649521704298e-05
leaf_weight=480.65927481511608 12.169898986816404
leaf_count=3458 81
internal_value=0
internal_weight=492.829
internal_count=3539
is_linear=0
shrinkage=0.285707


Tree=334
num_leaves=1
num_cat=0
split_feature=
split_gain=
threshold=
decision_type=
left_child=
right_child=
leaf_value=0
leaf_weight=
leaf_count=3539
internal_value=
internal_weight=
internal_count=
is_linear=0
shrinkage=1


Tree=335
num_leaves=2
num_cat=0
split_feature=30
split_gain=1.44602e-07
threshold=6.5000000000000009
decision_type=2
left_child=-1
right_child=-2
leaf_value=-5.1419801960647716e-06 0
leaf_weight=440.42184597812593 119.13901770487428
leaf_count=2863 676
internal_value=0
internal_weight=559.561
internal_count=3539
is_linear=0
shrinkage=0.285707


Tree=336
num_leaves=1
num_cat=0
split_feature=
split_gain=
threshold=
decision_type=
left_child=
right_child=
leaf_value=0
leaf_weight=
leaf_count=3539
internal_value=
internal_weight=
internal_count=
is_linear=0
shrinkage=1


Tree=337
num_leaves=1
num_cat=0
split_feature=
split_gain=
threshold=
decision_type=
left_child=
right_child=
leaf_value=0
leaf_weight=
leaf_count=3539
internal_value=
internal_weight=
internal_count=
is_linear=0
shrinkage=1


Tree=338
num_leaves=2
num_cat=0
split_feature=30
split_gain=1.00891e-07
threshold=6.5000000000000009
decision_type=2
left_child=-1
right_child=-2
leaf_value=-4.2950486788870554e-06 0
leaf_weight=440.42201649490744 119.13898808136582
leaf_count=2863 676
internal_value=0
internal_weight=559.561
internal_count=3539
is_linear=0
shrinkage=0.285707


Tree=339
num_leaves=1
num_cat=0
split_feature=
split_gain=
threshold=
decision_type=
left_child=
right_child=
leaf_value=0
leaf_weight=
leaf_count=3539
internal_value=
internal_weight=
internal_count=
is_linear=0
shrinkage=1


Tree=340
num_leaves=1
num_cat=0
split_feature=
split_gain=
threshold=
decision_type=
left_child=
right_child=
leaf_value=0
leaf_weight=
leaf_count=3539
internal_value=
internal_weight=
internal_count=
is_linear=0
shrinkage=1


Tree=341
num_leaves=2
num_cat=0
split_feature=30
split_gain=6.65433e-08
threshold=6.5000000000000009
decision_type=2
left_child=-1
right_child=-2
leaf_value=-3.4881482482591987e-06 0
leaf_weight=440.42214294162113 119.13898808136582
leaf_count=2863 676
internal_value=0
internal_weight=559.561
internal_count=3539
is_linear=0
shrinkage=0.285707


Tree=342
num_leaves=1
num_cat=0
split_feature=
split_gain=
threshold=
decision_type=
left_child=
right_child=
leaf_value=0
leaf_weight=
leaf_count=3539
internal_value=
internal_weight=
internal_count=
is_linear=0
shrinkage=1


Tree=343
num_leaves=1
num_cat=0
split_feature=
split_gain=
threshold=
decision_type=
left_child=
right_child=
leaf_value=0
leaf_weight=
leaf_count=3539
internal_value=
internal_weight=
internal_count=
is_linear=0
shrinkage=1


Tree=344
num_leaves=2
num_cat=0
split_feature=30
split_gain=4.38978e-08
threshold=6.5000000000000009
decision_type=2
left_child=-1
right_child=-2
leaf_value=-2.833114128658746e-06 0
leaf_weight=440.42224544135388 119.13898808136582
leaf_count=2863 676
internal_value=0
internal_weight=559.561
internal_count=3539
is_linear=0
shrinkage=0.285707


Tree=345
num_leaves=1
num_cat=0
split_feature=
split_gain=
threshold=
decision_type=
left_child=
right_child=
leaf_value=0
leaf_weight=
leaf_count=3539
internal_value=
internal_weight=
internal_count=
is_linear=0
shrinkage=1


Tree=346
num_leaves=1
num_cat=0
split_feature=
split_gain=
threshold=
decision_type=
left_child=
right_child=
leaf_value=0
leaf_weight=
leaf_count=3539
internal_value=
internal_weight=
internal_count=
is_linear=0
shrinkage=1


Tree=347
num_leaves=2
num_cat=0
split_feature=30
split_gain=2.89415e-08
threshold=6.5000000000000009
decision_type=2
left_child=-1
right_child=-2
leaf_value=-2.3004006419311147e-06 0
leaf_weight=440.42232864175458 119.13898808136582
leaf_count=2863 676
internal_value=0
internal_weight=559.561
internal_count=3539
is_linear=0
shrinkage=0.285707


Tree=348
num_leaves=2
num_cat=0
split_feature=10
split_gain=1.53598e-06
threshold=8.5000000000000018
decision_type=2
left_child=-1
right_child=-2
leaf_value=0 -2.5438818628985566e-05
leaf_weight=305.0946938386187 187.73523316113278
leaf_count=2154 1385
internal_value=0
internal_weight=492.83
internal_count=3539
is_linear=0
shrinkage=0.285707


Tree=349
num_leaves=1
num_cat=0
split_feature=
split_gain=
threshold=
decision_type=
left_child=
right_child=
leaf_value=0
leaf_weight=
leaf_count=3539
internal_value=
internal_weight=
internal_count=
is_linear=0
shrinkage=1


Tree=350
num_leaves=2
num_cat=0
split_feature=30
split_gain=1.90819e-08
threshold=6.5000000000000009
decision_type=2
left_child=-1
right_child=-2
leaf_value=-1.867897309099851e-06 0
leaf_weight=440.42239606415387 119.13898808136582
leaf_count=2863 676
internal_value=0
internal_weight=559.561
internal_count=3539
is_linear=0
shrinkage=0.285707


Tree=351
num_leaves=2
num_cat=0
split_feature=10
split_gain=1.41817e-06
threshold=110.50000000000001
decision_type=2
left_child=-1
right_child=-2
leaf_value=0 -7.9796314302081004e-05
leaf_weight=480.65973379882053 12.169246663339434
leaf_count=3458 81
internal_value=0
internal_weight=492.829
internal_count=3539
is_linear=0
shrinkage=0.285707


Tree=352
num_leaves=1
num_cat=0
split_feature=
split_gain=
threshold=
decision_type=
left_child=
right_child=
leaf_value=0
leaf_weight=
leaf_count=3539
internal_value=
internal_weight=
internal_count=
is_linear=0
shrinkage=1


Tree=353
num_leaves=2
num_cat=0
split_feature=30
split_gain=2.83211e-08
threshold=6.5000000000000009
decision_type=2
left_child=-1
right_child=-2
leaf_value=-2.2756089034935581e-06 0
leaf_weight=440.42243169131689 119.13879570364952
leaf_count=2863 676
internal_value=0
internal_weight=559.561
internal_count=3539
is_linear=0
shrinkage=0.285707


Tree=354
num_leaves=2
num_cat=0
split_feature=10
split_gain=1.08189e-06
threshold=110.50000000000001
decision_type=2
left_child=-1
right_child=-2
leaf_value=0 -6.969722593641146e-05
leaf_weight=480.65989307546988 12.168792934156953
leaf_count=3458 81
internal_value=0
internal_weight=492.829
internal_count=3539
is_linear=0
shrinkage=0.285707


Tree=355
num_leaves=1
num_cat=0
split_feature=
split_gain=
threshold=
decision_type=
left_child=
right_child=
leaf_value=0
leaf_weight=
leaf_count=3539
internal_value=
internal_weight=
internal_count=
is_linear=0
shrinkage=1


Tree=356
num_leaves=2
num_cat=0
split_feature=30
split_gain=2.07747e-08
threshold=6.5000000000000009
decision_type=2
left_child=-1
right_child=-2
leaf_value=-1.9489897405588714e-06 0
leaf_weight=440.42251539300196 119.13877066969872
leaf_count=2863 676
internal_value=0
internal_weight=559.561
internal_count=3539
is_linear=0
shrinkage=0.285707


Tree=357
num_leaves=2
num_cat=0
split_feature=10
split_gain=8.90977e-07
threshold=8.5000000000000018
decision_type=2
left_child=-1
right_child=-2
leaf_value=0 -1.9374903948049034e-05
leaf_weight=305.09495502896607 187.73347099358216
leaf_count=2154 1385
internal_value=0
internal_weight=492.828
internal_count=3539
is_linear=0
shrinkage=0.285707


Tree=358
num_leaves=1
num_cat=0
split_feature=
split_gain=
threshold=
decision_type=
left_child=
right_child=
leaf_value=0
leaf_weight=
leaf_count=3539
internal_value=
internal_weight=
internal_count=
is_linear=0
shrinkage=1


Tree=359
num_leaves=1
num_cat=0
split_feature=
split_gain=
threshold=
decision_type=
left_child=
right_child=
leaf_value=0
leaf_weight=
leaf_count=3539
internal_value=
internal_weight=
internal_count=
is_linear=0
shrinkage=1


Tree=360
num_leaves=2
num_cat=0
split_feature=10
split_gain=7.59637e-07
threshold=110.50000000000001
decision_type=2
left_child=-1
right_child=-2
leaf_value=0 -5.8402832512143777e-05
leaf_weight=480.65931718982756 12.168285288847981
leaf_count=3458 81
internal_value=0
internal_weight=492.828
internal_count=3539
is_linear=0
shrinkage=0.285707


Tree=361
num_leaves=1
num_cat=0
split_feature=
split_gain=
threshold=
decision_type=
left_child=
right_child=
leaf_value=0
leaf_weight=
leaf_count=3539
internal_value=
internal_weight=
internal_count=
is_linear=0
shrinkage=1


Tree=362
num_leaves=2
num_cat=0
split_feature=30
split_gain=2.76698e-08
threshold=6.5000000000000009
decision_type=2
left_child=-1
right_child=-2
leaf_value=-2.2492899738629459e-06 0
leaf_weight=440.42257191066165 119.13860247097909
leaf_count=2863 676
internal_value=0
internal_weight=559.561
internal_count=3539
is_linear=0
shrinkage=0.285707


Tree=363
num_leaves=2
num_cat=0
split_feature=10
split_gain=5.79894e-07
threshold=110.50000000000001
decision_type=2
left_child=-1
right_child=-2
leaf_value=0 -5.1028053672201049e-05
leaf_weight=480.65947453770787 12.167954146862028
leaf_count=3458 81
internal_value=0
internal_weight=492.827
internal_count=3539
is_linear=0
shrinkage=0.285707


Tree=364
num_leaves=1
num_cat=0
split_feature=
split_gain=
threshold=
decision_type=
left_child=
right_child=
leaf_value=0
leaf_weight=
leaf_count=3539
internal_value=
internal_weight=
internal_count=
is_linear=0
shrinkage=1


Tree=365
num_leaves=1
num_cat=0
split_feature=
split_gain=
threshold=
decision_type=
left_child=
right_child=
leaf_value=0
leaf_weight=
leaf_count=3539
internal_value=
internal_weight=
internal_count=
is_linear=0
shrinkage=1


Tree=366
num_leaves=2
num_cat=0
split_feature=10
split_gain=5.08986e-07
threshold=8.5000000000000018
decision_type=2
left_child=-1
right_child=-2
leaf_value=0 -1.4644033449618923e-05
leaf_weight=305.09505128581077 187.73208469711244
leaf_count=2154 1385
internal_value=0
internal_weight=492.827
internal_count=3539
is_linear=0
shrinkage=0.285707


Tree=367
num_leaves=1
num_cat=0
split_feature=
split_gain=
threshold=
decision_type=
left_child=
right_child=
leaf_value=0
leaf_weight=
leaf_count=3539
internal_value=
internal_weight=
internal_count=
is_linear=0
shrinkage=1


Tree=368
num_leaves=1
num_cat=0
split_feature=
split_gain=
threshold=
decision_type=
left_child=
right_child=
leaf_value=0
leaf_weight=
leaf_count=3539
internal_value=
internal_weight=
internal_count=
is_linear=0
shrinkage=1


Tree=369
num_leaves=2
num_cat=0
split_feature=10
split_gain=4.05224e-07
threshold=110.50000000000001
decision_type=2
left_child=-1
right_child=-2
leaf_value=0 -4.2656688696368698e-05
leaf_weight=480.65893616853282 12.167577465996144
leaf_count=3458 81
internal_value=0
internal_weight=492.827
internal_count=3539
is_linear=0
shrinkage=0.285707


Tree=370
num_leaves=1
num_cat=0
split_feature=
split_gain=
threshold=
decision_type=
left_child=
right_child=
leaf_value=0
leaf_weight=
leaf_count=3539
internal_value=
internal_weight=
internal_count=
is_linear=0
shrinkage=1


Tree=371
num_leaves=1
num_cat=0
split_feature=
split_gain=
threshold=
decision_type=
left_child=
right_child=
leaf_value=0
leaf_weight=
leaf_count=3539
internal_value=
internal_weight=
internal_count=
is_linear=0
shrinkage=1


Tree=372
num_leaves=1
num_cat=0
split_feature=
split_gain=
threshold=
decision_type=
left_child=
right_child=
leaf_value=0
leaf_weight=
leaf_count=3539
internal_value=
internal_weight=
internal_count=
is_linear=0
shrinkage=1


Tree=373
num_leaves=1
num_cat=0
split_feature=
split_gain=
threshold=
decision_type=
left_child=
right_child=
leaf_value=0
leaf_weight=
leaf_count=3539
internal_value=
internal_weight=
internal_count=
is_linear=0
shrinkage=1


Tree=374
num_leaves=2
num_cat=0
split_feature=30
split_gain=3.29763e-08
threshold=6.5000000000000009
decision_type=2
left_child=-1
right_child=-2
leaf_value=-2.4555195156029288e-06 0
leaf_weight=440.42265816172585 119.13844412751496
leaf_count=2863 676
internal_value=0
internal_weight=559.561
internal_count=3539
is_linear=0
shrinkage=0.285707


Tree=375
num_leaves=2
num_cat=0
split_feature=10
split_gain=3.19366e-07
threshold=8.5000000000000018
decision_type=2
left_child=-1
right_child=-2
leaf_value=0 -1.1599876825640302e-05
leaf_weight=305.09515622165054 187.73128892993554
leaf_count=2154 1385
internal_value=0
internal_weight=492.826
internal_count=3539
is_linear=0
shrinkage=0.285707


Tree=376
num_leaves=1
num_cat=0
split_feature=
split_gain=
threshold=
decision_type=
left_child=
right_child=
leaf_value=0
leaf_weight=
leaf_count=3539
internal_value=
internal_weight=
internal_count=
is_linear=0
shrinkage=1


Tree=377
num_leaves=2
num_cat=0
split_feature=30
split_gain=2.17477e-08
threshold=6.5000000000000009
decision_type=2
left_child=-1
right_child=-2
leaf_value=-1.9941086012246169e-06 0
leaf_weight=440.42272998916451 119.13844412751496
leaf_count=2863 676
internal_value=0
internal_weight=559.561
internal_count=3539
is_linear=0
shrinkage=0.285707


Tree=378
num_leaves=2
num_cat=0
split_feature=10
split_gain=2.86666e-07
threshold=110.50000000000001
decision_type=2
left_child=-1
right_child=-2
leaf_value=0 -3.5878255142084236e-05
leaf_weight=480.65882154554129 12.167274097912012
leaf_count=3458 81
internal_value=0
internal_weight=492.826
internal_count=3539
is_linear=0
shrinkage=0.285707


Tree=379
num_leaves=1
num_cat=0
split_feature=
split_gain=
threshold=
decision_type=
left_child=
right_child=
leaf_value=0
leaf_weight=
leaf_count=3539
internal_value=
internal_weight=
internal_count=
is_linear=0
shrinkage=1


Tree=380
num_leaves=1
num_cat=0
split_feature=
split_gain=
threshold=
decision_type=
left_child=
right_child=
leaf_value=0
leaf_weight=
leaf_count=3539
internal_value=
internal_weight=
internal_count=
is_linear=0
shrinkage=1


Tree=381
num_leaves=2
num_cat=0
split_feature=10
split_gain=2.18238e-07
threshold=110.50000000000001
decision_type=2
left_child=-1
right_child=-2
leaf_value=0 -3.1304754741562918e-05
leaf_weight=480.65882154554129 12.167068353854118
leaf_count=3458 81
internal_value=0
internal_weight=492.826
internal_count=3539
is_linear=0
shrinkage=0.285707


Tree=382
num_leaves=1
num_cat=0
split_feature=
split_gain=
threshold=
decision_type=
left_child=
right_child=
leaf_value=0
leaf_weight=
leaf_count=3539
internal_value=
internal_weight=
internal_count=
is_linear=0
shrinkage=1


Tree=383
num_leaves=1
num_cat=0
split_feature=
split_gain=
threshold=
decision_type=
left_child=
right_child=
leaf_value=0
leaf_weight=
leaf_count=3539
internal_value=
internal_weight=
internal_count=
is_linear=0
shrinkage=1


Tree=384
num_leaves=2
num_cat=0
split_feature=10
split_gain=1.83487e-07
threshold=8.5000000000000018
decision_type=2
left_child=-1
right_child=-2
leaf_value=0 -8.7924869409251749e-06
leaf_weight=305.09524188283831 187.73046827502549
leaf_count=2154 1385
internal_value=0
internal_weight=492.826
internal_count=3539
is_linear=0
shrinkage=0.285707


Tree=385
num_leaves=1
num_cat=0
split_feature=
split_gain=
threshold=
decision_type=
left_child=
right_child=
leaf_value=0
leaf_weight=
leaf_count=3539
internal_value=
internal_weight=
internal_count=
is_linear=0
shrinkage=1


Tree=386
num_leaves=1
num_cat=0
split_feature=
split_gain=
threshold=
decision_type=
left_child=
right_child=
leaf_value=0
leaf_weight=
leaf_count=3539
internal_value=
internal_weight=
internal_count=
is_linear=0
shrinkage=1


Tree=387
num_leaves=1
num_cat=0
split_feature=
split_gain=
threshold=
decision_type=
left_child=
right_child=
leaf_value=0
leaf_weight=
leaf_count=3539
internal_value=
internal_weight=
internal_count=
is_linear=0
shrinkage=1


Tree=388
num_leaves=1
num_cat=0
split_feature=
split_gain=
threshold=
decision_type=
left_child=
right_child=
leaf_value=0
leaf_weight=
leaf_count=3539
internal_value=
internal_weight=
internal_count=
is_linear=0
shrinkage=1


Tree=389
num_leaves=2
num_cat=0
split_feature=30
split_gain=2.92635e-08
threshold=6.5000000000000009
decision_type=2
left_child=-1
right_child=-2
leaf_value=-2.3131611355699273e-06 0
leaf_weight=440.42278722254559 119.13826897740364
leaf_count=2863 676
internal_value=0
internal_weight=559.561
internal_count=3539
is_linear=0
shrinkage=0.285707


Tree=390
num_leaves=2
num_cat=0
split_feature=10
split_gain=1.53616e-07
threshold=110.50000000000001
decision_type=2
left_child=-1
right_child=-2
leaf_value=0 -2.626437442311473e-05
leaf_weight=480.65866020228714 12.166842314414678
leaf_count=3458 81
internal_value=0
internal_weight=492.826
internal_count=3539
is_linear=0
shrinkage=0.285707


Tree=391
num_leaves=1
num_cat=0
split_feature=
split_gain=
threshold=
decision_type=
left_child=
right_child=
leaf_value=0
leaf_weight=
leaf_count=3539
internal_value=
internal_weight=
internal_count=
is_linear=0
shrinkage=1


Tree=392
num_leaves=2
num_cat=0
split_feature=30
split_gain=1.92954e-08
threshold=6.5000000000000009
decision_type=2
left_child=-1
right_child=-2
leaf_value=-1.8783186991082127e-06 0
leaf_weight=440.42285501828883 119.13826897740364
leaf_count=2863 676
internal_value=0
internal_weight=559.561
internal_count=3539
is_linear=0
shrinkage=0.285707


Tree=393
num_leaves=1
num_cat=0
split_feature=
split_gain=
threshold=
decision_type=
left_child=
right_child=
leaf_value=0
leaf_weight=
leaf_count=3539
internal_value=
internal_weight=
internal_count=
is_linear=0
shrinkage=1


Tree=394
num_leaves=1
num_cat=0
split_feature=
split_gain=
threshold=
decision_type=
left_child=
right_child=
leaf_value=0
leaf_weight=
leaf_count=3539
internal_value=
internal_weight=
internal_count=
is_linear=0
shrinkage=1


Tree=395
num_leaves=2
num_cat=0
split_feature=30
split_gain=1.32879e-08
threshold=6.5000000000000009
decision_type=2
left_child=-1
right_child=-2
leaf_value=-1.5587312611724784e-06 0
leaf_weight=440.42291562224273 119.13826066255569
leaf_count=2863 676
internal_value=0
internal_weight=559.561
internal_count=3539
is_linear=0
shrinkage=0.285707


Tree=396
num_leaves=1
num_cat=0
split_feature=
split_gain=
threshold=
decision_type=
left_child=
right_child=
leaf_value=0
leaf_weight=
leaf_count=3539
internal_value=
internal_weight=
internal_count=
is_linear=0
shrinkage=1


Tree=397
num_leaves=1
num_cat=0
split_feature=
split_gain=
threshold=
decision_type=
left_child=
right_child=
leaf_value=0
leaf_weight=
leaf_count=3539
internal_value=
internal_weight=
internal_count=
is_linear=0
shrinkage=1


Tree=398
num_leaves=2
num_cat=0
split_feature=30
split_gain=8.76271e-09
threshold=6.5000000000000009
decision_type=2
left_child=-1
right_child=-2
leaf_value=-1.2657903282756394e-06 0
leaf_weight=440.42296161700506 119.13826066255569
leaf_count=2863 676
internal_value=0
internal_weight=559.561
internal_count=3539
is_linear=0
shrinkage=0.285707


Tree=399
num_leaves=1
num_cat=0
split_feature=
split_gain=
threshold=
decision_type=
left_child=
right_child=
leaf_value=0
leaf_weight=
leaf_count=3539
internal_value=
internal_weight=
internal_count=
is_linear=0
shrinkage=1


Tree=400
num_leaves=1
num_cat=0
split_feature=
split_gain=
threshold=
decision_type=
left_child=
right_child=
leaf_value=0
leaf_weight=
leaf_count=3539
internal_value=
internal_weight=
internal_count=
is_linear=0
shrinkage=1


Tree=401
num_leaves=2
num_cat=0
split_feature=30
split_gain=5.77861e-09
threshold=6.5000000000000009
decision_type=2
left_child=-1
right_child=-2
leaf_value=-1.0279078732946419e-06 0
leaf_weight=440.42299861775246 119.13826066255569
leaf_count=2863 676
internal_value=0
internal_weight=559.561
internal_count=3539
is_linear=0
shrinkage=0.285707


Tree=402
num_leaves=1
num_cat=0
split_feature=
split_gain=
threshold=
decision_type=
left_child=
right_child=
leaf_value=0
leaf_weight=
leaf_count=3539
internal_value=
internal_weight=
internal_count=
is_linear=0
shrinkage=1


Tree=403
num_leaves=1
num_cat=0
split_feature=
split_gain=
threshold=
decision_type=
left_child=
right_child=
leaf_value=0
leaf_weight=
leaf_count=3539
internal_value=
internal_weight=
internal_count=
is_linear=0
shrinkage=1


Tree=404
num_leaves=2
num_cat=0
split_feature=30
split_gain=3.8137e-09
threshold=6.5000000000000009
decision_type=2
left_child=-1
right_child=-2
leaf_value=-8.3505572272863855e-07 0
leaf_weight=440.42302828817628 119.13826066255569
leaf_count=2863 676
internal_value=0
internal_weight=559.561
internal_count=3539
is_linear=0
shrinkage=0.285707


Tree=405
num_leaves=2
num_cat=0
split_feature=10
split_gain=1.32286e-07
threshold=8.5000000000000018
decision_type=2
left_child=-1
right_child=-2
leaf_value=0 -7.4656427047884124e-06
leaf_weight=305.09562184056267 187.73020060732961
leaf_count=2154 1385
internal_value=0
internal_weight=492.826
internal_count=3539
is_linear=0
shrinkage=0.285707


Tree=406
num_leaves=1
num_cat=0
split_feature=
split_gain=
threshold=
decision_type=
left_child=
right_child=
leaf_value=0
leaf_weight=
leaf_count=3539
internal_value=
internal_weight=
internal_count=
is_linear=0
shrinkage=1


Tree=407
num_leaves=2
num_cat=0
split_feature=30
split_gain=2.51284e-09
threshold=6.5000000000000009
decision_type=2
left_child=-1
right_child=-2
leaf_value=-6.7783671570226039e-07 0
leaf_weight=440.42305314377882 119.13826066255569
leaf_count=2863 676
internal_value=0
internal_weight=559.561
internal_count=3539
is_linear=0
shrinkage=0.285707


Tree=408
num_leaves=2
num_cat=0
split_feature=10
split_gain=1.09657e-07
threshold=110.50000000000001
decision_type=2
left_child=-1
right_child=-2
leaf_value=0 -2.2190614236059296e-05
leaf_weight=480.65889233676717 12.166661772876976
leaf_count=3458 81
internal_value=0
internal_weight=492.826
internal_count=3539
is_linear=0
shrinkage=0.285707


Tree=409
num_leaves=1
num_cat=0
split_feature=
split_gain=
threshold=
decision_type=
left_child=
right_child=
leaf_value=0
leaf_weight=
leaf_count=3539
internal_value=
internal_weight=
internal_count=
is_linear=0
shrinkage=1


Tree=410
num_leaves=2
num_cat=0
split_feature=30
split_gain=3.2686e-09
threshold=6.5000000000000009
decision_type=2
left_child=-1
right_child=-2
leaf_value=-7.7307764537909422e-07 0
leaf_weight=440.42306702083442 119.13820434361696
leaf_count=2863 676
internal_value=0
internal_weight=559.561
internal_count=3539
is_linear=0
shrinkage=0.285707


Tree=411
num_leaves=1
num_cat=0
split_feature=
split_gain=
threshold=
decision_type=
left_child=
right_child=
leaf_value=0
leaf_weight=
leaf_count=3539
internal_value=
internal_weight=
internal_count=
is_linear=0
shrinkage=1


Tree=412
num_leaves=1
num_cat=0
split_feature=
split_gain=
threshold=
decision_type=
left_child=
right_child=
leaf_value=0
leaf_weight=
leaf_count=3539
internal_value=
internal_weight=
internal_count=
is_linear=0
shrinkage=1


Tree=413
num_leaves=2
num_cat=0
split_feature=30
split_gain=2.35433e-09
threshold=6.5000000000000009
decision_type=2
left_child=-1
right_child=-2
leaf_value=-6.5610949207321888e-07 0
leaf_weight=440.42309484281577 119.13819742947817
leaf_count=2863 676
internal_value=0
internal_weight=559.561
internal_count=3539
is_linear=0
shrinkage=0.285707


Tree=414
num_leaves=1
num_cat=0
split_feature=
split_gain=
threshold=
decision_type=
left_child=
right_child=
leaf_value=0
leaf_weight=
leaf_count=3539
internal_value=
internal_weight=
internal_count=
is_linear=0
shrinkage=1


Tree=415
num_leaves=1
num_cat=0
split_feature=
split_gain=
threshold=
decision_type=
left_child=
right_child=
leaf_value=0
leaf_weight=
leaf_count=3539
internal_value=
internal_weight=
internal_count=
is_linear=0
shrinkage=1


Tree=416
num_leaves=2
num_cat=0
split_feature=30
split_gain=1.55043e-09
threshold=6.5000000000000009
decision_type=2
left_child=-1
right_child=-2
leaf_value=-5.3243706265655001e-07 0
leaf_weight=440.42311413073912 119.13819742947817
leaf_count=2863 676
internal_value=0
internal_weight=559.561
internal_count=3539
is_linear=0
shrinkage=0.285707


Tree=417
num_leaves=1
num_cat=0
split_feature=
split_gain=
threshold=
decision_type=
left_child=
right_child=
leaf_value=0
leaf_weight=
leaf_count=3539
internal_value=
internal_weight=
internal_count=
is_linear=0
shrinkage=1


Tree=418
num_leaves=1
num_cat=0
split_feature=
split_gain=
threshold=
decision_type=
left_child=
right_child=
leaf_value=0
leaf_weight=
leaf_count=3539
internal_value=
internal_weight=
internal_count=
is_linear=0
shrinkage=1


Tree=419
num_leaves=2
num_cat=0
split_feature=30
split_gain=1.0257e-09
threshold=6.5000000000000009
decision_type=2
left_child=-1
right_child=-2
leaf_value=-4.3306450660283041e-07 0
leaf_weight=440.42312910640612 119.13819742947817
leaf_count=2863 676
internal_value=0
internal_weight=559.561
internal_count=3539
is_linear=0
shrinkage=0.285707


Tree=420
num_leaves=2
num_cat=0
split_feature=10
split_gain=8.63942e-08
threshold=8.5000000000000018
decision_type=2
left_child=-1
right_child=-2
leaf_value=0 -6.0332676415763375e-06
leaf_weight=305.0957536874339 187.72984466841444
leaf_count=2154 1385
internal_value=0
internal_weight=492.826
internal_count=3539
is_linear=0
shrinkage=0.285707


Tree=421
num_leaves=1
num_cat=0
split_feature=
split_gain=
threshold=
decision_type=
left_child=
right_child=
leaf_value=0
leaf_weight=
leaf_count=3539
internal_value=
internal_weight=
internal_count=
is_linear=0
shrinkage=1


Tree=422
num_leaves=1
num_cat=0
split_feature=
split_gain=
threshold=
decision_type=
left_child=
right_child=
leaf_value=0
leaf_weight=
leaf_count=3539
internal_value=
internal_weight=
internal_count=
is_linear=0
shrinkage=1


Tree=423
num_leaves=2
num_cat=0
split_feature=10
split_gain=7.75943e-08
threshold=110.50000000000001
decision_type=2
left_child=-1
right_child=-2
leaf_value=0 -1.8666680132186112e-05
leaf_weight=480.658838450443 12.166504103690384
leaf_count=3458 81
internal_value=0
internal_weight=492.825
internal_count=3539
is_linear=0
shrinkage=0.285707


Tree=424
num_leaves=1
num_cat=0
split_feature=
split_gain=
threshold=
decision_type=
left_child=
right_child=
leaf_value=0
leaf_weight=
leaf_count=3539
internal_value=
internal_weight=
internal_count=
is_linear=0
shrinkage=1


Tree=425
num_leaves=1
num_cat=0
split_feature=
split_gain=
threshold=
decision_type=
left_child=
right_child=
leaf_value=0
leaf_weight=
leaf_count=3539
internal_value=
internal_weight=
internal_count=
is_linear=0
shrinkage=1


Tree=426
num_leaves=2
num_cat=0
split_feature=10
split_gain=5.90799e-08
threshold=110.50000000000001
decision_type=2
left_child=-1
right_child=-2
leaf_value=0 -1.6288209106920273e-05
leaf_weight=480.658838450443 12.166397030465303
leaf_count=3458 81
internal_value=0
internal_weight=492.825
internal_count=3539
is_linear=0
shrinkage=0.285707


Tree=427
num_leaves=1
num_cat=0
split_feature=
split_gain=
threshold=
decision_type=
left_child=
right_child=
leaf_value=0
leaf_weight=
leaf_count=3539
internal_value=
internal_weight=
internal_count=
is_linear=0
shrinkage=1


Tree=428
num_leaves=1
num_cat=0
split_feature=
split_gain=
threshold=
decision_type=
left_child=
right_child=
leaf_value=0
leaf_weight=
leaf_count=3539
internal_value=
internal_weight=
internal_count=
is_linear=0
shrinkage=1


Tree=429
num_leaves=2
num_cat=0
split_feature=10
split_gain=4.81098e-08
threshold=8.5000000000000018
decision_type=2
left_child=-1
right_child=-2
leaf_value=0 -4.5022306729880378e-06
leaf_weight=305.0957536874339 187.72938828030601
leaf_count=2154 1385
internal_value=0
internal_weight=492.825
internal_count=3539
is_linear=0
shrinkage=0.285707


Tree=430
num_leaves=1
num_cat=0
split_feature=
split_gain=
threshold=
decision_type=
left_child=
right_child=
leaf_value=0
leaf_weight=
leaf_count=3539
internal_value=
internal_weight=
internal_count=
is_linear=0
shrinkage=1


Tree=431
num_leaves=1
num_cat=0
split_feature=
split_gain=
threshold=
decision_type=
left_child=
right_child=
leaf_value=0
leaf_weight=
leaf_count=3539
internal_value=
internal_weight=
internal_count=
is_linear=0
shrinkage=1


Tree=432
num_leaves=1
num_cat=0
split_feature=
split_gain=
threshold=
decision_type=
left_child=
right_child=
leaf_value=0
leaf_weight=
leaf_count=3539
internal_value=
internal_weight=
internal_count=
is_linear=0
shrinkage=1


Tree=433
num_leaves=1
num_cat=0
split_feature=
split_gain=
threshold=
decision_type=
left_child=
right_child=
leaf_value=0
leaf_weight=
leaf_count=3539
internal_value=
internal_weight=
internal_count=
is_linear=0
shrinkage=1


Tree=434
num_leaves=2
num_cat=0
split_feature=30
split_gain=2.75232e-09
threshold=6.5000000000000009
decision_type=2
left_child=-1
right_child=-2
leaf_value=-7.0940137551613291e-07 0
leaf_weight=440.42314129369333 119.13810684159398
leaf_count=2863 676
internal_value=0
internal_weight=559.561
internal_count=3539
is_linear=0
shrinkage=0.285707


Tree=435
num_leaves=2
num_cat=0
split_feature=10
split_gain=4.15505e-08
threshold=110.50000000000001
decision_type=2
left_child=-1
right_child=-2
leaf_value=0 -1.3659755915775777e-05
leaf_weight=480.65872177248821 12.166278990916906
leaf_count=3458 81
internal_value=0
internal_weight=492.825
internal_count=3539
is_linear=0
shrinkage=0.285707


Tree=436
num_leaves=1
num_cat=0
split_feature=
split_gain=
threshold=
decision_type=
left_child=
right_child=
leaf_value=0
leaf_weight=
leaf_count=3539
internal_value=
internal_weight=
internal_count=
is_linear=0
shrinkage=1


Tree=437
num_leaves=2
num_cat=0
split_feature=30
split_gain=1.81485e-09
threshold=6.5000000000000009
decision_type=2
left_child=-1
right_child=-2
leaf_value=-5.7605276673058122e-07 0
leaf_weight=440.42316269944422 119.13810684159398
leaf_count=2863 676
internal_value=0
internal_weight=559.561
internal_count=3539
is_linear=0
shrinkage=0.285707


Tree=438
num_leaves=1
num_cat=0
split_feature=
split_gain=
threshold=
decision_type=
left_child=
right_child=
leaf_value=0
leaf_weight=
leaf_count=3539
internal_value=
internal_weight=
internal_count=
is_linear=0
shrinkage=1


Tree=439
num_leaves=1
num_cat=0
split_feature=
split_gain=
threshold=
decision_type=
left_child=
right_child=
leaf_value=0
leaf_weight=
leaf_count=3539
internal_value=
internal_weight=
internal_count=
is_linear=0
shrinkage=1


Tree=440
num_leaves=2
num_cat=0
split_feature=30
split_gain=1.29143e-09
threshold=6.5000000000000009
decision_type=2
left_child=-1
right_child=-2
leaf_value=-4.8593452889887822e-07 0
leaf_weight=440.42318209307268 119.13810259476304
leaf_count=2863 676
internal_value=0
internal_weight=559.561
internal_count=3539
is_linear=0
shrinkage=0.285707


Tree=441
num_leaves=2
num_cat=0
split_feature=10
split_gain=3.18072e-08
threshold=110.50000000000001
decision_type=2
left_child=-1
right_child=-2
leaf_value=0 -1.1951399541841348e-05
leaf_weight=480.6587967290543 12.166202452965079
leaf_count=3458 81
internal_value=0
internal_weight=492.825
internal_count=3539
is_linear=0
shrinkage=0.285707


Tree=442
num_leaves=1
num_cat=0
split_feature=
split_gain=
threshold=
decision_type=
left_child=
right_child=
leaf_value=0
leaf_weight=
leaf_count=3539
internal_value=
internal_weight=
internal_count=
is_linear=0
shrinkage=1


Tree=443
num_leaves=1
num_cat=0
split_feature=
split_gain=
threshold=
decision_type=
left_child=
right_child=
leaf_value=0
leaf_weight=
leaf_count=3539
internal_value=
internal_weight=
internal_count=
is_linear=0
shrinkage=1


Tree=444
num_leaves=2
num_cat=0
split_feature=10
split_gain=2.88463e-08
threshold=8.5000000000000018
decision_type=2
left_child=-1
right_child=-2
leaf_value=0 -3.486230518842039e-06
leaf_weight=305.09582949336618 187.72910110419616
leaf_count=2154 1385
internal_value=0
internal_weight=492.825
internal_count=3539
is_linear=0
shrinkage=0.285707


Tree=445
num_leaves=1
num_cat=0
split_feature=
split_gain=
threshold=
decision_type=
left_child=
right_child=
leaf_value=0
leaf_weight=
leaf_count=3539
internal_value=
internal_weight=
internal_count=
is_linear=0
shrinkage=1


Tree=446
num_leaves=1
num_cat=0
split_feature=
split_gain=
threshold=
decision_type=
left_child=
right_child=
leaf_value=0
leaf_weight=
leaf_count=3539
internal_value=
internal_weight=
internal_count=
is_linear=0
shrinkage=1


Tree=447
num_leaves=2
num_cat=0
split_feature=10
split_gain=2.21929e-08
threshold=110.50000000000001
decision_type=2
left_child=-1
right_child=-2
leaf_value=0 -9.9830653859941866e-06
leaf_weight=480.65866859490052 12.166113959625362
leaf_count=3458 81
internal_value=0
internal_weight=492.825
internal_count=3539
is_linear=0
shrinkage=0.285707


Tree=448
num_leaves=1
num_cat=0
split_feature=
split_gain=
threshold=
decision_type=
left_child=
right_child=
leaf_value=0
leaf_weight=
leaf_count=3539
internal_value=
internal_weight=
internal_count=
is_linear=0
shrinkage=1


Tree=449
num_leaves=2
num_cat=0
split_feature=30
split_gain=1.44271e-09
threshold=6.5000000000000009
decision_type=2
left_child=-1
right_child=-2
leaf_value=-5.1360722994127014e-07 0
leaf_weight=440.42319653835148 119.13807242363691
leaf_count=2863 676
internal_value=0
internal_weight=559.561
internal_count=3539
is_linear=0
shrinkage=0.285707


Tree=450
num_leaves=2
num_cat=0
split_feature=10
split_gain=1.80611e-08
threshold=8.5000000000000018
decision_type=2
left_child=-1
right_child=-2
leaf_value=0 -2.7585691165130088e-06
leaf_weight=305.09585126908496 187.72891075257212
leaf_count=2154 1385
internal_value=0
internal_weight=492.825
internal_count=3539
is_linear=0
shrinkage=0.285707


Tree=451
num_leaves=1
num_cat=0
split_feature=
split_gain=
threshold=
decision_type=
left_child=
right_child=
leaf_value=0
leaf_weight=
leaf_count=3539
internal_value=
internal_weight=
internal_count=
is_linear=0
shrinkage=1


Tree=452
num_leaves=2
num_cat=0
split_feature=30
split_gain=1.00884e-09
threshold=6.5000000000000009
decision_type=2
left_child=-1
right_child=-2
leaf_value=-4.2949141080813693e-07 0
leaf_weight=440.42321360146161 119.13806929439306
leaf_count=2863 676
internal_value=0
internal_weight=559.561
internal_count=3539
is_linear=0
shrinkage=0.285707


Tree=453
num_leaves=2
num_cat=0
split_feature=10
split_gain=1.56694e-08
threshold=110.50000000000001
decision_type=2
left_child=-1
right_child=-2
leaf_value=0 -8.3884821530475611e-06
leaf_weight=480.65863308357075 12.166042523458598
leaf_count=3458 81
internal_value=0
internal_weight=492.825
internal_count=3539
is_linear=0
shrinkage=0.285707


Tree=454
num_leaves=1
num_cat=0
split_feature=
split_gain=
threshold=
decision_type=
left_child=
right_child=
leaf_value=0
leaf_weight=
leaf_count=3539
internal_value=
internal_weight=
internal_count=
is_linear=0
shrinkage=1


Tree=455
num_leaves=2
num_cat=0
split_feature=30
split_gain=1.01487e-09
threshold=6.5000000000000009
decision_type=2
left_child=-1
right_child=-2
leaf_value=-4.3077173469347056e-07 0
leaf_weight=440.42322375322692 119.13804856128991
leaf_count=2863 676
internal_value=0
internal_weight=559.561
internal_count=3539
is_linear=0
shrinkage=0.285707


Tree=456
num_leaves=2
num_cat=0
split_feature=10
split_gain=1.19717e-08
threshold=110.50000000000001
decision_type=2
left_child=-1
right_child=-2
leaf_value=0 -7.3322215890944774e-06
leaf_weight=480.65866359742358 12.165995195508001
leaf_count=3458 81
internal_value=0
internal_weight=492.825
internal_count=3539
is_linear=0
shrinkage=0.285707


Tree=457
num_leaves=1
num_cat=0
split_feature=
split_gain=
threshold=
decision_type=
left_child=
right_child=
leaf_value=0
leaf_weight=
leaf_count=3539
internal_value=
internal_weight=
internal_count=
is_linear=0
shrinkage=1


Tree=458
num_leaves=2
num_cat=0
split_feature=30
split_gain=7.10874e-10
threshold=6.5000000000000009
decision_type=2
left_child=-1
right_child=-2
leaf_value=-3.6052770926039382e-07 0
leaf_weight=440.42323805287015 119.13804589398205
leaf_count=2863 676
internal_value=0
internal_weight=559.561
internal_count=3539
is_linear=0
shrinkage=0.285707


Tree=459
num_leaves=2
num_cat=0
split_feature=10
split_gain=1.09284e-08
threshold=8.5000000000000018
decision_type=2
left_child=-1
right_child=-2
leaf_value=0 -2.1458067878709434e-06
leaf_weight=305.09590363642201 187.72873846022412
leaf_count=2154 1385
internal_value=0
internal_weight=492.825
internal_count=3539
is_linear=0
shrinkage=0.285707


Tree=460
num_leaves=1
num_cat=0
split_feature=
split_gain=
threshold=
decision_type=
left_child=
right_child=
leaf_value=0
leaf_weight=
leaf_count=3539
internal_value=
internal_weight=
internal_count=
is_linear=0
shrinkage=1


Tree=461
num_leaves=2
num_cat=0
split_feature=30
split_gain=4.9903e-10
threshold=6.5000000000000009
decision_type=2
left_child=-1
right_child=-2
leaf_value=-3.0206860726851557e-07 0
leaf_weight=440.42324996448588 119.13804362900555
leaf_count=2863 676
internal_value=0
internal_weight=559.561
internal_count=3539
is_linear=0
shrinkage=0.285707


Tree=462
num_leaves=1
num_cat=0
split_feature=
split_gain=
threshold=
decision_type=
left_child=
right_child=
leaf_value=0
leaf_weight=
leaf_count=3539
internal_value=
internal_weight=
internal_count=
is_linear=0
shrinkage=1


Tree=463
num_leaves=1
num_cat=0
split_feature=
split_gain=
threshold=
decision_type=
left_child=
right_child=
leaf_value=0
leaf_weight=
leaf_count=3539
internal_value=
internal_weight=
internal_count=
is_linear=0
shrinkage=1


Tree=464
num_leaves=2
num_cat=0
split_feature=30
split_gain=5.22443e-10
threshold=6.5000000000000009
decision_type=2
left_child=-1
right_child=-2
leaf_value=-3.0907337170456735e-07 0
leaf_weight=440.42325719655491 119.13802727125585
leaf_count=2863 676
internal_value=0
internal_weight=559.561
internal_count=3539
is_linear=0
shrinkage=0.285707


Tree=465
num_leaves=2
num_cat=0
split_feature=10
split_gain=8.43477e-09
threshold=110.50000000000001
decision_type=2
left_child=-1
right_child=-2
leaf_value=0 -6.1545382437607407e-06
leaf_weight=480.65865229815245 12.165942585095761
leaf_count=3458 81
internal_value=0
internal_weight=492.825
internal_count=3539
is_linear=0
shrinkage=0.285707


Tree=466
num_leaves=1
num_cat=0
split_feature=
split_gain=
threshold=
decision_type=
left_child=
right_child=
leaf_value=0
leaf_weight=
leaf_count=3539
internal_value=
internal_weight=
internal_count=
is_linear=0
shrinkage=1


Tree=467
num_leaves=2
num_cat=0
split_feature=30
split_gain=3.44173e-10
threshold=6.5000000000000009
decision_type=2
left_child=-1
right_child=-2
leaf_value=-2.5085942698419828e-07 0
leaf_weight=440.42326666577719 119.13802727125585
leaf_count=2863 676
internal_value=0
internal_weight=559.561
internal_count=3539
is_linear=0
shrinkage=0.285707


Tree=468
num_leaves=1
num_cat=0
split_feature=
split_gain=
threshold=
decision_type=
left_child=
right_child=
leaf_value=0
leaf_weight=
leaf_count=3539
internal_value=
internal_weight=
internal_count=
is_linear=0
shrinkage=1


Tree=469
num_leaves=1
num_cat=0
split_feature=
split_gain=
threshold=
decision_type=
left_child=
right_child=
leaf_value=0
leaf_weight=
leaf_count=3539
internal_value=
internal_weight=
internal_count=
is_linear=0
shrinkage=1


Tree=470
num_leaves=2
num_cat=0
split_feature=30
split_gain=2.4494e-10
threshold=6.5000000000000009
decision_type=2
left_child=-1
right_child=-2
leaf_value=-2.116274258190911e-07 0
leaf_weight=440.42327519122045 119.13802534900606
leaf_count=2863 676
internal_value=0
internal_weight=559.561
internal_count=3539
is_linear=0
shrinkage=0.285707


Tree=471
num_leaves=2
num_cat=0
split_feature=10
split_gain=7.26362e-09
threshold=8.5000000000000018
decision_type=2
left_child=-1
right_child=-2
leaf_value=0 -1.7493964476746529e-06
leaf_weight=305.09594977786765 187.72864306019619
leaf_count=2154 1385
internal_value=0
internal_weight=492.825
internal_count=3539
is_linear=0
shrinkage=0.285707


Tree=472
num_leaves=1
num_cat=0
split_feature=
split_gain=
threshold=
decision_type=
left_child=
right_child=
leaf_value=0
leaf_weight=
leaf_count=3539
internal_value=
internal_weight=
internal_count=
is_linear=0
shrinkage=1


Tree=473
num_leaves=1
num_cat=0
split_feature=
split_gain=
threshold=
decision_type=
left_child=
right_child=
leaf_value=0
leaf_weight=
leaf_count=3539
internal_value=
internal_weight=
internal_count=
is_linear=0
shrinkage=1


Tree=474
num_leaves=1
num_cat=0
split_feature=
split_gain=
threshold=
decision_type=
left_child=
right_child=
leaf_value=0
leaf_weight=
leaf_count=3539
internal_value=
internal_weight=
internal_count=
is_linear=0
shrinkage=1


Tree=475
num_leaves=1
num_cat=0
split_feature=
split_gain=
threshold=
decision_type=
left_child=
right_child=
leaf_value=0
leaf_weight=
leaf_count=3539
internal_value=
internal_weight=
internal_count=
is_linear=0
shrinkage=1


Tree=476
num_leaves=2
num_cat=0
split_feature=30
split_gain=2.74093e-10
threshold=6.5000000000000009
decision_type=2
left_child=-1
right_child=-2
leaf_value=-2.2386773958201633e-07 0
leaf_weight=440.42327988008037 119.13801208138466
leaf_count=2863 676
internal_value=0
internal_weight=559.561
internal_count=3539
is_linear=0
shrinkage=0.285707


Tree=477
num_leaves=2
num_cat=0
split_feature=10
split_gain=5.94638e-09
threshold=110.50000000000001
decision_type=2
left_child=-1
right_child=-2
leaf_value=0 -5.1675640291293116e-06
leaf_weight=480.65863560326397 12.165898437611757
leaf_count=3458 81
internal_value=0
internal_weight=492.825
internal_count=3539
is_linear=0
shrinkage=0.285707


Tree=478
num_leaves=1
num_cat=0
split_feature=
split_gain=
threshold=
decision_type=
left_child=
right_child=
leaf_value=0
leaf_weight=
leaf_count=3539
internal_value=
internal_weight=
internal_count=
is_linear=0
shrinkage=1


Tree=479
num_leaves=1
num_cat=0
split_feature=
split_gain=
threshold=
decision_type=
left_child=
right_child=
leaf_value=0
leaf_weight=
leaf_count=3539
internal_value=
internal_weight=
internal_count=
is_linear=0
shrinkage=1


Tree=480
num_leaves=1
num_cat=0
split_feature=
split_gain=
threshold=
decision_type=
left_child=
right_child=
leaf_value=0
leaf_weight=
leaf_count=3539
internal_value=
internal_weight=
internal_count=
is_linear=0
shrinkage=1


Tree=481
num_leaves=1
num_cat=0
split_feature=
split_gain=
threshold=
decision_type=
left_child=
right_child=
leaf_value=0
leaf_weight=
leaf_count=3539
internal_value=
internal_weight=
internal_count=
is_linear=0
shrinkage=1


Tree=482
num_leaves=2
num_cat=0
split_feature=30
split_gain=1.94976e-10
threshold=6.5000000000000009
decision_type=2
left_child=-1
right_child=-2
leaf_value=-1.8881349425995389e-07 0
leaf_weight=440.4232875497546 119.13801044225693
leaf_count=2863 676
internal_value=0
internal_weight=559.561
internal_count=3539
is_linear=0
shrinkage=0.285707


Tree=483
num_leaves=2
num_cat=0
split_feature=10
split_gain=4.60803e-09
threshold=8.5000000000000018
decision_type=2
left_child=-1
right_child=-2
leaf_value=0 -1.3933792769496026e-06
leaf_weight=305.0959673919715 187.72855130117387
leaf_count=2154 1385
internal_value=0
internal_weight=492.825
internal_count=3539
is_linear=0
shrinkage=0.285707


Tree=484
num_leaves=1
num_cat=0
split_feature=
split_gain=
threshold=
decision_type=
left_child=
right_child=
leaf_value=0
leaf_weight=
leaf_count=3539
internal_value=
internal_weight=
internal_count=
is_linear=0
shrinkage=1


Tree=485
num_leaves=1
num_cat=0
split_feature=
split_gain=
threshold=
decision_type=
left_child=
right_child=
leaf_value=0
leaf_weight=
leaf_count=3539
internal_value=
internal_weight=
internal_count=
is_linear=0
shrinkage=1


Tree=486
num_leaves=2
num_cat=0
split_feature=10
split_gain=4.18929e-09
threshold=110.50000000000001
decision_type=2
left_child=-1
right_child=-2
leaf_value=0 -4.3374064917937699e-06
leaf_weight=480.6585980639793 12.165861107408999
leaf_count=3458 81
internal_value=0
internal_weight=492.824
internal_count=3539
is_linear=0
shrinkage=0.285707


Tree=487
num_leaves=1
num_cat=0
split_feature=
split_gain=
threshold=
decision_type=
left_child=
right_child=
leaf_value=0
leaf_weight=
leaf_count=3539
internal_value=
internal_weight=
internal_count=
is_linear=0
shrinkage=1


Tree=488
num_leaves=2
num_cat=0
split_feature=30
split_gain=2.08479e-10
threshold=6.5000000000000009
decision_type=2
left_child=-1
right_child=-2
leaf_value=-1.9524190607186225e-07 0
leaf_weight=440.42329234501813 119.13799997232854
leaf_count=2863 676
internal_value=0
internal_weight=559.561
internal_count=3539
is_linear=0
shrinkage=0.285707


Tree=489
num_leaves=1
num_cat=0
split_feature=
split_gain=
threshold=
decision_type=
left_child=
right_child=
leaf_value=0
leaf_weight=
leaf_count=3539
internal_value=
internal_weight=
internal_count=
is_linear=0
shrinkage=1


Tree=490
num_leaves=1
num_cat=0
split_feature=
split_gain=
threshold=
decision_type=
left_child=
right_child=
leaf_value=0
leaf_weight=
leaf_count=3539
internal_value=
internal_weight=
internal_count=
is_linear=0
shrinkage=1


Tree=491
num_leaves=2
num_cat=0
split_feature=30
split_gain=1.46323e-10
threshold=6.5000000000000009
decision_type=2
left_child=-1
right_child=-2
leaf_value=-1.6356782483291825e-07 0
leaf_weight=440.42329893412534 119.13799863122404
leaf_count=2863 676
internal_value=0
internal_weight=559.561
internal_count=3539
is_linear=0
shrinkage=0.285707


Tree=492
num_leaves=2
num_cat=0
split_feature=10
split_gain=3.20988e-09
threshold=110.50000000000001
decision_type=2
left_child=-1
right_child=-2
leaf_value=0 -3.7966846043276824e-06
leaf_weight=480.65862296428531 12.165836857631801
leaf_count=3458 81
internal_value=0
internal_weight=492.824
internal_count=3539
is_linear=0
shrinkage=0.285707


Tree=493
num_leaves=1
num_cat=0
split_feature=
split_gain=
threshold=
decision_type=
left_child=
right_child=
leaf_value=0
leaf_weight=
leaf_count=3539
internal_value=
internal_weight=
internal_count=
is_linear=0
shrinkage=1


Tree=494
num_leaves=1
num_cat=0
split_feature=
split_gain=
threshold=
decision_type=
left_child=
right_child=
leaf_value=0
leaf_weight=
leaf_count=3539
internal_value=
internal_weight=
internal_count=
is_linear=0
shrinkage=1


Tree=495
num_leaves=2
num_cat=0
split_feature=10
split_gain=2.68255e-09
threshold=8.5000000000000018
decision_type=2
left_child=-1
right_child=-2
leaf_value=0 -1.0631284917596441e-06
leaf_weight=305.09598262701184 187.72845538612455
leaf_count=2154 1385
internal_value=0
internal_weight=492.824
internal_count=3539
is_linear=0
shrinkage=0.285707


Tree=496
num_leaves=1
num_cat=0
split_feature=
split_gain=
threshold=
decision_type=
left_child=
right_child=
leaf_value=0
leaf_weight=
leaf_count=3539
internal_value=
internal_weight=
internal_count=
is_linear=0
shrinkage=1


Tree=497
num_leaves=2
num_cat=0
split_feature=30
split_gain=1.0326e-10
threshold=6.5000000000000009
decision_type=2
left_child=-1
right_child=-2
leaf_value=-1.3740651717887886e-07 0
leaf_weight=440.42330417933408 119.13799740932882
leaf_count=2863 676
internal_value=0
internal_weight=559.561
internal_count=3539
is_linear=0
shrinkage=0.285707


Tree=498
num_leaves=2
num_cat=0
split_feature=10
split_gain=2.25124e-09
threshold=110.50000000000001
decision_type=2
left_child=-1
right_child=-2
leaf_value=0 -3.1795922174675305e-06
leaf_weight=480.65859369561076 12.165809258818625
leaf_count=3458 81
internal_value=0
internal_weight=492.824
internal_count=3539
is_linear=0
shrinkage=0.285707


Tree=499
num_leaves=1
num_cat=0
split_feature=
split_gain=
threshold=
decision_type=
left_child=
right_child=
leaf_value=0
leaf_weight=
leaf_count=3539
internal_value=
internal_weight=
internal_count=
is_linear=0
shrinkage=1


Tree=500
num_leaves=2
num_cat=0
split_feature=30
split_gain=1.13123e-10
threshold=6.5000000000000009
decision_type=2
left_child=-1
right_child=-2
leaf_value=-1.4381973113599525e-07 0
leaf_weight=440.42330761870835 119.13798953779042
leaf_count=2863 676
internal_value=0
internal_weight=559.561
internal_count=3539
is_linear=0
shrinkage=0.285707


Tree=501
num_leaves=2
num_cat=0
split_feature=10
split_gain=1.7224e-09
threshold=110.50000000000001
decision_type=2
left_child=-1
right_child=-2
leaf_value=0 -2.7811684470118222e-06
leaf_weight=480.65860396670178 12.165791323408483
leaf_count=3458 81
internal_value=0
internal_weight=492.824
internal_count=3539
is_linear=0
shrinkage=0.285707


Tree=502
num_leaves=1
num_cat=0
split_feature=
split_gain=
threshold=
decision_type=
left_child=
right_child=
leaf_value=0
leaf_weight=
leaf_count=3539
internal_value=
internal_weight=
internal_count=
is_linear=0
shrinkage=1


Tree=503
num_leaves=1
num_cat=0
split_feature=
split_gain=
threshold=
decision_type=
left_child=
right_child=
leaf_value=0
leaf_weight=
leaf_count=3539
internal_value=
internal_weight=
internal_count=
is_linear=0
shrinkage=1


Tree=504
num_leaves=2
num_cat=0
split_feature=10
split_gain=1.57789e-09
threshold=8.5000000000000018
decision_type=2
left_child=-1
right_child=-2
leaf_value=0 -8.1536138437656931e-07
leaf_weight=305.09599484875798 187.72838439932093
leaf_count=2154 1385
internal_value=0
internal_weight=492.824
internal_count=3539
is_linear=0
shrinkage=0.285707


Tree=505
num_leaves=1
num_cat=0
split_feature=
split_gain=
threshold=
decision_type=
left_child=
right_child=
leaf_value=0
leaf_weight=
leaf_count=3539
internal_value=
internal_weight=
internal_count=
is_linear=0
shrinkage=1


Tree=506
num_leaves=2
num_cat=0
split_feature=30
split_gain=8.44648e-11
threshold=6.5000000000000009
decision_type=2
left_child=-1
right_child=-2
leaf_value=-1.2427398916453475e-07 0
leaf_weight=440.42331301700324 119.13798764534295
leaf_count=2863 676
internal_value=0
internal_weight=559.561
internal_count=3539
is_linear=0
shrinkage=0.285707


Tree=507
num_leaves=2
num_cat=0
split_feature=10
split_gain=1.20432e-09
threshold=110.50000000000001
decision_type=2
left_child=-1
right_child=-2
leaf_value=0 -2.3255876232442419e-06
leaf_weight=480.65858243359253 12.165770890191196
leaf_count=3458 81
internal_value=0
internal_weight=492.824
internal_count=3539
is_linear=0
shrinkage=0.285707


Tree=508
num_leaves=1
num_cat=0
split_feature=
split_gain=
threshold=
decision_type=
left_child=
right_child=
leaf_value=0
leaf_weight=
leaf_count=3539
internal_value=
internal_weight=
internal_count=
is_linear=0
shrinkage=1


Tree=509
num_leaves=2
num_cat=0
split_feature=30
split_gain=8.59736e-11
threshold=6.5000000000000009
decision_type=2
left_child=-1
right_child=-2
leaf_value=-1.2537897890584774e-07 0
leaf_weight=440.42331634368747 119.13798138685524
leaf_count=2863 676
internal_value=0
internal_weight=559.561
internal_count=3539
is_linear=0
shrinkage=0.285707


Tree=510
num_leaves=1
num_cat=0
split_feature=
split_gain=
threshold=
decision_type=
left_child=
right_child=
leaf_value=0
leaf_weight=
leaf_count=3539
internal_value=
internal_weight=
internal_count=
is_linear=0
shrinkage=1


Tree=511
num_leaves=1
num_cat=0
split_feature=
split_gain=
threshold=
decision_type=
left_child=
right_child=
leaf_value=0
leaf_weight=
leaf_count=3539
internal_value=
internal_weight=
internal_count=
is_linear=0
shrinkage=1


Tree=512
num_leaves=2
num_cat=0
split_feature=30
split_gain=5.9945e-11
threshold=6.5000000000000009
decision_type=2
left_child=-1
right_child=-2
leaf_value=-1.0469330527957456e-07 0
leaf_weight=440.4233205372002 119.13798065669835
leaf_count=2863 676
internal_value=0
internal_weight=559.561
internal_count=3539
is_linear=0
shrinkage=0.285707


Tree=513
num_leaves=2
num_cat=0
split_feature=10
split_gain=1.03737e-09
threshold=8.5000000000000018
decision_type=2
left_child=-1
right_child=-2
leaf_value=0 -6.6111902896835316e-07
leaf_weight=305.09601012198254 187.72834667284042
leaf_count=2154 1385
internal_value=0
internal_weight=492.824
internal_count=3539
is_linear=0
shrinkage=0.285707


Tree=514
num_leaves=1
num_cat=0
split_feature=
split_gain=
threshold=
decision_type=
left_child=
right_child=
leaf_value=0
leaf_weight=
leaf_count=3539
internal_value=
internal_weight=
internal_count=
is_linear=0
shrinkage=1


Tree=515
num_leaves=2
num_cat=0
split_feature=30
split_gain=3.91535e-11
threshold=6.5000000000000009
decision_type=2
left_child=-1
right_child=-2
leaf_value=-8.4611143534850899e-08 0
leaf_weight=440.42332331673242 119.13798065669835
leaf_count=2863 676
internal_value=0
internal_weight=559.561
internal_count=3539
is_linear=0
shrinkage=0.285707


Tree=516
num_leaves=1
num_cat=0
split_feature=
split_gain=
threshold=
decision_type=
left_child=
right_child=
leaf_value=0
leaf_weight=
leaf_count=3539
internal_value=
internal_weight=
internal_count=
is_linear=0
shrinkage=1


Tree=517
num_leaves=1
num_cat=0
split_feature=
split_gain=
threshold=
decision_type=
left_child=
right_child=
leaf_value=0
leaf_weight=
leaf_count=3539
internal_value=
internal_weight=
internal_count=
is_linear=0
shrinkage=1


Tree=518
num_leaves=2
num_cat=0
split_feature=30
split_gain=4.3182e-11
threshold=6.5000000000000009
decision_type=2
left_child=-1
right_child=-2
leaf_value=-8.885743938338849e-08 0
leaf_weight=440.42332508671097 119.13797567039728
leaf_count=2863 676
internal_value=0
internal_weight=559.561
internal_count=3539
is_linear=0
shrinkage=0.285707


Tree=519
num_leaves=2
num_cat=0
split_feature=10
split_gain=8.52814e-10
threshold=110.50000000000001
decision_type=2
left_child=-1
right_child=-2
leaf_value=0 -1.956988288177234e-06
leaf_weight=480.65858637914062 12.165754368528722
leaf_count=3458 81
internal_value=0
internal_weight=492.824
internal_count=3539
is_linear=0
shrinkage=0.285707


Tree=520
num_leaves=1
num_cat=0
split_feature=
split_gain=
threshold=
decision_type=
left_child=
right_child=
leaf_value=0
leaf_weight=
leaf_count=3539
internal_value=
internal_weight=
internal_count=
is_linear=0
shrinkage=1


Tree=521
num_leaves=2
num_cat=0
split_feature=30
split_gain=2.86307e-11
threshold=6.5000000000000009
decision_type=2
left_child=-1
right_child=-2
leaf_value=-7.2353245268780496e-08 0
leaf_weight=440.42332808533683 119.13797567039728
leaf_count=2863 676
internal_value=0
internal_weight=559.561
internal_count=3539
is_linear=0
shrinkage=0.285707


Tree=522
num_leaves=2
num_cat=0
split_feature=10
split_gain=6.74034e-10
threshold=8.5000000000000018
decision_type=2
left_child=-1
right_child=-2
leaf_value=0 -5.3290907514405564e-07
leaf_weight=305.09601998794824 187.72831439133734
leaf_count=2154 1385
internal_value=0
internal_weight=492.824
internal_count=3539
is_linear=0
shrinkage=0.285707


Tree=523
num_leaves=1
num_cat=0
split_feature=
split_gain=
threshold=
decision_type=
left_child=
right_child=
leaf_value=0
leaf_weight=
leaf_count=3539
internal_value=
internal_weight=
internal_count=
is_linear=0
shrinkage=1


Tree=524
num_leaves=2
num_cat=0
split_feature=30
split_gain=2.01554e-11
threshold=6.5000000000000009
decision_type=2
left_child=-1
right_child=-2
leaf_value=-6.0706942419841109e-08 0
leaf_weight=440.42333013063762 119.13797499984503
leaf_count=2863 676
internal_value=0
internal_weight=559.561
internal_count=3539
is_linear=0
shrinkage=0.285707


Tree=525
num_leaves=2
num_cat=0
split_feature=10
split_gain=6.01588e-10
threshold=110.50000000000001
decision_type=2
left_child=-1
right_child=-2
leaf_value=0 -1.6436563649861087e-06
leaf_weight=480.65857589850202 12.165740364231167
leaf_count=3458 81
internal_value=0
internal_weight=492.824
internal_count=3539
is_linear=0
shrinkage=0.285707


Tree=526
num_leaves=1
num_cat=0
split_feature=
split_gain=
threshold=
decision_type=
left_child=
right_child=
leaf_value=0
leaf_weight=
leaf_count=3539
internal_value=
internal_weight=
internal_count=
is_linear=0
shrinkage=1


Tree=527
num_leaves=1
num_cat=0
split_feature=
split_gain=
threshold=
decision_type=
left_child=
right_child=
leaf_value=0
leaf_weight=
leaf_count=3539
internal_value=
internal_weight=
internal_count=
is_linear=0
shrinkage=1


Tree=528
num_leaves=1
num_cat=0
split_feature=
split_gain=
threshold=
decision_type=
left_child=
right_child=
leaf_value=0
leaf_weight=
leaf_count=3539
internal_value=
internal_weight=
internal_count=
is_linear=0
shrinkage=1


Tree=529
num_leaves=1
num_cat=0
split_feature=
split_gain=
threshold=
decision_type=
left_child=
right_child=
leaf_value=0
leaf_weight=
leaf_count=3539
internal_value=
internal_weight=
internal_count=
is_linear=0
shrinkage=1


Tree=530
num_leaves=2
num_cat=0
split_feature=30
split_gain=2.47552e-11
threshold=6.5000000000000009
decision_type=2
left_child=-1
right_child=-2
leaf_value=-6.7278363852418868e-08 0
leaf_weight=440.42333207302727 119.13797049969435
leaf_count=2863 676
internal_value=0
internal_weight=559.561
internal_count=3539
is_linear=0
shrinkage=0.285707


Tree=531
num_leaves=2
num_cat=0
split_feature=10
split_gain=4.59347e-10
threshold=110.50000000000001
decision_type=2
left_child=-1
right_child=-2
leaf_value=0 -1.4362564102411272e-06
leaf_weight=480.65858054440469 12.165731070563195
leaf_count=3458 81
internal_value=0
internal_weight=492.824
internal_count=3539
is_linear=0
shrinkage=0.285707


Tree=532
num_leaves=1
num_cat=0
split_feature=
split_gain=
threshold=
decision_type=
left_child=
right_child=
leaf_value=0
leaf_weight=
leaf_count=3539
internal_value=
internal_weight=
internal_count=
is_linear=0
shrinkage=1


Tree=533
num_leaves=2
num_cat=0
split_feature=30
split_gain=1.65263e-11
threshold=6.5000000000000009
decision_type=2
left_child=-1
right_child=-2
leaf_value=-5.4970549358995898e-08 0
leaf_weight=440.42333417199552 119.13797049969435
leaf_count=2863 676
internal_value=0
internal_weight=559.561
internal_count=3539
is_linear=0
shrinkage=0.285707


Tree=534
num_leaves=1
num_cat=0
split_feature=
split_gain=
threshold=
decision_type=
left_child=
right_child=
leaf_value=0
leaf_weight=
leaf_count=3539
internal_value=
internal_weight=
internal_count=
is_linear=0
shrinkage=1


Tree=535
num_leaves=1
num_cat=0
split_feature=
split_gain=
threshold=
decision_type=
left_child=
right_child=
leaf_value=0
leaf_weight=
leaf_count=3539
internal_value=
internal_weight=
internal_count=
is_linear=0
shrinkage=1


Tree=536
num_leaves=2
num_cat=0
split_feature=30
split_gain=1.16657e-11
threshold=6.5000000000000009
decision_type=2
left_child=-1
right_child=-2
leaf_value=-4.6184713315150583e-08 0
leaf_weight=440.42333615897223 119.13797003775835
leaf_count=2863 676
internal_value=0
internal_weight=559.561
internal_count=3539
is_linear=0
shrinkage=0.285707


Tree=537
num_leaves=1
num_cat=0
split_feature=
split_gain=
threshold=
decision_type=
left_child=
right_child=
leaf_value=0
leaf_weight=
leaf_count=3539
internal_value=
internal_weight=
internal_count=
is_linear=0
shrinkage=1


Tree=538
num_leaves=1
num_cat=0
split_feature=
split_gain=
threshold=
decision_type=
left_child=
right_child=
leaf_value=0
leaf_weight=
leaf_count=3539
internal_value=
internal_weight=
internal_count=
is_linear=0
shrinkage=1


Tree=539
num_leaves=2
num_cat=0
split_feature=30
split_gain=7.64038e-12
threshold=6.5000000000000009
decision_type=2
left_child=-1
right_child=-2
leaf_value=-3.7376601021492858e-08 0
leaf_weight=440.42333747399971 119.13797003775835
leaf_count=2863 676
internal_value=0
internal_weight=559.561
internal_count=3539
is_linear=0
shrinkage=0.285707


Tree=540
num_leaves=2
num_cat=0
split_feature=10
split_gain=4.09741e-10
threshold=8.5000000000000018
decision_type=2
left_child=-1
right_child=-2
leaf_value=0 -4.1549621683830366e-07
leaf_weight=305.09603137196973 187.72828177874908
leaf_count=2154 1385
internal_value=0
internal_weight=492.824
internal_count=3539
is_linear=0
shrinkage=0.285707


Tree=541
num_leaves=1
num_cat=0
split_feature=
split_gain=
threshold=
decision_type=
left_child=
right_child=
leaf_value=0
leaf_weight=
leaf_count=3539
internal_value=
internal_weight=
internal_count=
is_linear=0
shrinkage=1


Tree=542
num_leaves=2
num_cat=0
split_feature=30
split_gain=5.02707e-12
threshold=6.5000000000000009
decision_type=2
left_child=-1
right_child=-2
leaf_value=-3.0317930006189963e-08 0
leaf_weight=440.42333829344716 119.13797003775835
leaf_count=2863 676
internal_value=0
internal_weight=559.561
internal_count=3539
is_linear=0
shrinkage=0.285707


Tree=543
num_leaves=2
num_cat=0
split_feature=10
split_gain=3.23056e-10
threshold=110.50000000000001
decision_type=2
left_child=-1
right_child=-2
leaf_value=0 -1.2044828995368094e-06
leaf_weight=480.65857680840418 12.165720749646423
leaf_count=3458 81
internal_value=0
internal_weight=492.824
internal_count=3539
is_linear=0
shrinkage=0.285707


Tree=544
num_leaves=1
num_cat=0
split_feature=
split_gain=
threshold=
decision_type=
left_child=
right_child=
leaf_value=0
leaf_weight=
leaf_count=3539
internal_value=
internal_weight=
internal_count=
is_linear=0
shrinkage=1


Tree=545
num_leaves=2
num_cat=0
split_feature=30
split_gain=7.44779e-12
threshold=6.5000000000000009
decision_type=2
left_child=-1
right_child=-2
leaf_value=-3.6902501351784925e-08 0
leaf_weight=440.42333867494017 119.13796701095998
leaf_count=2863 676
internal_value=0
internal_weight=559.561
internal_count=3539
is_linear=0
shrinkage=0.285707


Tree=546
num_leaves=2
num_cat=0
split_feature=10
split_gain=2.57926e-10
threshold=8.5000000000000018
decision_type=2
left_child=-1
right_child=-2
leaf_value=0 -3.2965478862595681e-07
leaf_weight=305.09603417338803 187.72825909638777
leaf_count=2154 1385
internal_value=0
internal_weight=492.824
internal_count=3539
is_linear=0
shrinkage=0.285707


Tree=547
num_leaves=1
num_cat=0
split_feature=
split_gain=
threshold=
decision_type=
left_child=
right_child=
leaf_value=0
leaf_weight=
leaf_count=3539
internal_value=
internal_weight=
internal_count=
is_linear=0
shrinkage=1


Tree=548
num_leaves=1
num_cat=0
split_feature=
split_gain=
threshold=
decision_type=
left_child=
right_child=
leaf_value=0
leaf_weight=
leaf_count=3539
internal_value=
internal_weight=
internal_count=
is_linear=0
shrinkage=1


Tree=549
num_leaves=2
num_cat=0
split_feature=10
split_gain=2.27437e-10
threshold=110.50000000000001
decision_type=2
left_child=-1
right_child=-2
leaf_value=0 -1.0106305777551813e-06
leaf_weight=480.6585673186928 12.16571199800819
leaf_count=3458 81
internal_value=0
internal_weight=492.824
internal_count=3539
is_linear=0
shrinkage=0.285707


Tree=550
num_leaves=1
num_cat=0
split_feature=
split_gain=
threshold=
decision_type=
left_child=
right_child=
leaf_value=0
leaf_weight=
leaf_count=3539
internal_value=
internal_weight=
internal_count=
is_linear=0
shrinkage=1


Tree=551
num_leaves=1
num_cat=0
split_feature=
split_gain=
threshold=
decision_type=
left_child=
right_child=
leaf_value=0
leaf_weight=
leaf_count=3539
internal_value=
internal_weight=
internal_count=
is_linear=0
shrinkage=1


Tree=552
num_leaves=2
num_cat=0
split_feature=10
split_gain=1.72959e-10
threshold=110.50000000000001
decision_type=2
left_child=-1
right_child=-2
leaf_value=0 -8.8131995346120943e-07
leaf_weight=480.6585673186928 12.16570628993213
leaf_count=3458 81
internal_value=0
internal_weight=492.824
internal_count=3539
is_linear=0
shrinkage=0.285707


Tree=553
num_leaves=1
num_cat=0
split_feature=
split_gain=
threshold=
decision_type=
left_child=
right_child=
leaf_value=0
leaf_weight=
leaf_count=3539
internal_value=
internal_weight=
internal_count=
is_linear=0
shrinkage=1


Tree=554
num_leaves=1
num_cat=0
split_feature=
split_gain=
threshold=
decision_type=
left_child=
right_child=
leaf_value=0
leaf_weight=
leaf_count=3539
internal_value=
internal_weight=
internal_count=
is_linear=0
shrinkage=1


Tree=555
num_leaves=1
num_cat=0
split_feature=
split_gain=
threshold=
decision_type=
left_child=
right_child=
leaf_value=0
leaf_weight=
leaf_count=3539
internal_value=
internal_weight=
internal_count=
is_linear=0
shrinkage=1


Tree=556
num_leaves=1
num_cat=0
split_feature=
split_gain=
threshold=
decision_type=
left_child=
right_child=
leaf_value=0
leaf_weight=
leaf_count=3539
internal_value=
internal_weight=
internal_count=
is_linear=0
shrinkage=1


Tree=557
num_leaves=2
num_cat=0
split_feature=30
split_gain=1.06385e-11
threshold=6.5000000000000009
decision_type=2
left_child=-1
right_child=-2
leaf_value=-4.410447855097636e-08 0
leaf_weight=440.42334049649071 119.13796336576343
leaf_count=2863 676
internal_value=0
internal_weight=559.561
internal_count=3539
is_linear=0
shrinkage=0.285707


Tree=558
num_leaves=1
num_cat=0
split_feature=
split_gain=
threshold=
decision_type=
left_child=
right_child=
leaf_value=0
leaf_weight=
leaf_count=3539
internal_value=
internal_weight=
internal_count=
is_linear=0
shrinkage=1


Tree=559
num_leaves=1
num_cat=0
split_feature=
split_gain=
threshold=
decision_type=
left_child=
right_child=
leaf_value=0
leaf_weight=
leaf_count=3539
internal_value=
internal_weight=
internal_count=
is_linear=0
shrinkage=1


Tree=560
num_leaves=2
num_cat=0
split_feature=30
split_gain=7.13629e-12
threshold=6.5000000000000009
decision_type=2
left_child=-1
right_child=-2
leaf_value=-3.612256688232067e-08 0
leaf_weight=440.42334189242683 119.13796336576343
leaf_count=2863 676
internal_value=0
internal_weight=559.561
internal_count=3539
is_linear=0
shrinkage=0.285707


Tree=561
num_leaves=1
num_cat=0
split_feature=
split_gain=
threshold=
decision_type=
left_child=
right_child=
leaf_value=0
leaf_weight=
leaf_count=3539
internal_value=
internal_weight=
internal_count=
is_linear=0
shrinkage=1


Tree=562
num_leaves=1
num_cat=0
split_feature=
split_gain=
threshold=
decision_type=
left_child=
right_child=
leaf_value=0
leaf_weight=
leaf_count=3539
internal_value=
internal_weight=
internal_count=
is_linear=0
shrinkage=1


Tree=563
num_leaves=2
num_cat=0
split_feature=30
split_gain=4.56561e-12
threshold=6.5000000000000009
decision_type=2
left_child=-1
right_child=-2
leaf_value=-2.8892948889331254e-08 0
leaf_weight=440.42334295494948 119.13796336576343
leaf_count=2863 676
internal_value=0
internal_weight=559.561
internal_count=3539
is_linear=0
shrinkage=0.285707


Tree=564
num_leaves=2
num_cat=0
split_feature=10
split_gain=1.5287e-10
threshold=8.5000000000000018
decision_type=2
left_child=-1
right_child=-2
leaf_value=0 -2.5378917386099572e-07
leaf_weight=305.09603922162205 187.72823753487319
leaf_count=2154 1385
internal_value=0
internal_weight=492.824
internal_count=3539
is_linear=0
shrinkage=0.285707


Tree=565
num_leaves=1
num_cat=0
split_feature=
split_gain=
threshold=
decision_type=
left_child=
right_child=
leaf_value=0
leaf_weight=
leaf_count=3539
internal_value=
internal_weight=
internal_count=
is_linear=0
shrinkage=1


Tree=566
num_leaves=1
num_cat=0
split_feature=
split_gain=
threshold=
decision_type=
left_child=
right_child=
leaf_value=0
leaf_weight=
leaf_count=3539
internal_value=
internal_weight=
internal_count=
is_linear=0
shrinkage=1


Tree=567
num_leaves=2
num_cat=0
split_feature=10
split_gain=1.22599e-10
threshold=110.50000000000001
decision_type=2
left_child=-1
right_child=-2
leaf_value=0 -7.4200372191546188e-07
leaf_weight=480.65856610285118 12.165699910372494
leaf_count=3458 81
internal_value=0
internal_weight=492.824
internal_count=3539
is_linear=0
shrinkage=0.285707


Tree=568
num_leaves=1
num_cat=0
split_feature=
split_gain=
threshold=
decision_type=
left_child=
right_child=
leaf_value=0
leaf_weight=
leaf_count=3539
internal_value=
internal_weight=
internal_count=
is_linear=0
shrinkage=1


Tree=569
num_leaves=1
num_cat=0
split_feature=
split_gain=
threshold=
decision_type=
left_child=
right_child=
leaf_value=0
leaf_weight=
leaf_count=3539
internal_value=
internal_weight=
internal_count=
is_linear=0
shrinkage=1


Tree=570
num_leaves=2
num_cat=0
split_feature=10
split_gain=9.32204e-11
threshold=8.5000000000000018
decision_type=2
left_child=-1
right_child=-2
leaf_value=0 -1.9818354044412107e-07
leaf_weight=305.09603922162205 187.7282225121744
leaf_count=2154 1385
internal_value=0
internal_weight=492.824
internal_count=3539
is_linear=0
shrinkage=0.285707


Tree=571
num_leaves=1
num_cat=0
split_feature=
split_gain=
threshold=
decision_type=
left_child=
right_child=
leaf_value=0
leaf_weight=
leaf_count=3539
internal_value=
internal_weight=
internal_count=
is_linear=0
shrinkage=1


Tree=572
num_leaves=2
num_cat=0
split_feature=30
split_gain=5.72474e-12
threshold=6.5000000000000009
decision_type=2
left_child=-1
right_child=-2
leaf_value=-3.2353424922547154e-08 0
leaf_weight=440.42334358417429 119.13796140626073
leaf_count=2863 676
internal_value=0
internal_weight=559.561
internal_count=3539
is_linear=0
shrinkage=0.285707


Tree=573
num_leaves=2
num_cat=0
split_feature=10
split_gain=8.60377e-11
threshold=110.50000000000001
decision_type=2
left_child=-1
right_child=-2
leaf_value=0 -6.215932503400872e-07
leaf_weight=480.65856096940115 12.165694536641238
leaf_count=3458 81
internal_value=0
internal_weight=492.824
internal_count=3539
is_linear=0
shrinkage=0.285707


Tree=574
num_leaves=1
num_cat=0
split_feature=
split_gain=
threshold=
decision_type=
left_child=
right_child=
leaf_value=0
leaf_weight=
leaf_count=3539
internal_value=
internal_weight=
internal_count=
is_linear=0
shrinkage=1


Tree=575
num_leaves=1
num_cat=0
split_feature=
split_gain=
threshold=
decision_type=
left_child=
right_child=
leaf_value=0
leaf_weight=
leaf_count=3539
internal_value=
internal_weight=
internal_count=
is_linear=0
shrinkage=1


Tree=576
num_leaves=2
num_cat=0
split_feature=10
split_gain=6.53393e-11
threshold=110.50000000000001
decision_type=2
left_child=-1
right_child=-2
leaf_value=0 -5.4168796838336162e-07
leaf_weight=480.65856096940115 12.165691029280422
leaf_count=3458 81
internal_value=0
internal_weight=492.824
internal_count=3539
is_linear=0
shrinkage=0.285707


Tree=577
num_leaves=1
num_cat=0
split_feature=
split_gain=
threshold=
decision_type=
left_child=
right_child=
leaf_value=0
leaf_weight=
leaf_count=3539
internal_value=
internal_weight=
internal_count=
is_linear=0
shrinkage=1


Tree=578
num_leaves=2
num_cat=0
split_feature=30
split_gain=5.84355e-12
threshold=6.5000000000000009
decision_type=2
left_child=-1
right_child=-2
leaf_value=-3.2687421597329896e-08 0
leaf_weight=440.4233446684666 119.13795970566571
leaf_count=2863 676
internal_value=0
internal_weight=559.561
internal_count=3539
is_linear=0
shrinkage=0.285707


Tree=579
num_leaves=1
num_cat=0
split_feature=
split_gain=
threshold=
decision_type=
left_child=
right_child=
leaf_value=0
leaf_weight=
leaf_count=3539
internal_value=
internal_weight=
internal_count=
is_linear=0
shrinkage=1


Tree=580
num_leaves=1
num_cat=0
split_feature=
split_gain=
threshold=
decision_type=
left_child=
right_child=
leaf_value=0
leaf_weight=
leaf_count=3539
internal_value=
internal_weight=
internal_count=
is_linear=0
shrinkage=1


Tree=581
num_leaves=2
num_cat=0
split_feature=30
split_gain=4.08211e-12
threshold=6.5000000000000009
decision_type=2
left_child=-1
right_child=-2
leaf_value=-2.732022857265623e-08 0
leaf_weight=440.42334546090569 119.13795951195061
leaf_count=2863 676
internal_value=0
internal_weight=559.561
internal_count=3539
is_linear=0
shrinkage=0.285707


Tree=582
num_leaves=2
num_cat=0
split_feature=10
split_gain=5.57823e-11
threshold=8.5000000000000018
decision_type=2
left_child=-1
right_child=-2
leaf_value=0 -1.5330636716002341e-07
leaf_weight=305.09604316484183 187.7282099337317
leaf_count=2154 1385
internal_value=0
internal_weight=492.824
internal_count=3539
is_linear=0
shrinkage=0.285707


Tree=583
num_leaves=1
num_cat=0
split_feature=
split_gain=
threshold=
decision_type=
left_child=
right_child=
leaf_value=0
leaf_weight=
leaf_count=3539
internal_value=
internal_weight=
internal_count=
is_linear=0
shrinkage=1


Tree=584
num_leaves=1
num_cat=0
split_feature=
split_gain=
threshold=
decision_type=
left_child=
right_child=
leaf_value=0
leaf_weight=
leaf_count=3539
internal_value=
internal_weight=
internal_count=
is_linear=0
shrinkage=1


Tree=585
num_leaves=1
num_cat=0
split_feature=
split_gain=
threshold=
decision_type=
left_child=
right_child=
leaf_value=0
leaf_weight=
leaf_count=3539
internal_value=
internal_weight=
internal_count=
is_linear=0
shrinkage=1


Tree=586
num_leaves=1
num_cat=0
split_feature=
split_gain=
threshold=
decision_type=
left_child=
right_child=
leaf_value=0
leaf_weight=
leaf_count=3539
internal_value=
internal_weight=
internal_count=
is_linear=0
shrinkage=1


Tree=587
num_leaves=2
num_cat=0
split_feature=30
split_gain=3.80785e-12
threshold=6.5000000000000009
decision_type=2
left_child=-1
right_child=-2
leaf_value=-2.638652020923111e-08 0
leaf_weight=440.42334655218292 119.13795836269855
leaf_count=2863 676
internal_value=0
internal_weight=559.561
internal_count=3539
is_linear=0
shrinkage=0.285707


Tree=588
num_leaves=1
num_cat=0
split_feature=
split_gain=
threshold=
decision_type=
left_child=
right_child=
leaf_value=0
leaf_weight=
leaf_count=3539
internal_value=
internal_weight=
internal_count=
is_linear=0
shrinkage=1


Tree=589
num_leaves=1
num_cat=0
split_feature=
split_gain=
threshold=
decision_type=
left_child=
right_child=
leaf_value=0
leaf_weight=
leaf_count=3539
internal_value=
internal_weight=
internal_count=
is_linear=0
shrinkage=1


Tree=590
num_leaves=2
num_cat=0
split_feature=30
split_gain=2.57784e-12
threshold=6.5000000000000009
decision_type=2
left_child=-1
right_child=-2
leaf_value=-2.1710528396727409e-08 0
leaf_weight=440.42334724485409 119.13795836269855
leaf_count=2863 676
internal_value=0
internal_weight=559.561
internal_count=3539
is_linear=0
shrinkage=0.285707


Tree=591
num_leaves=2
num_cat=0
split_feature=10
split_gain=4.6811e-11
threshold=110.50000000000001
decision_type=2
left_child=-1
right_child=-2
leaf_value=0 -4.5849627217482872e-07
leaf_weight=480.65856299316511 12.165687214583157
leaf_count=3458 81
internal_value=0
internal_weight=492.824
internal_count=3539
is_linear=0
shrinkage=0.285707


Tree=592
num_leaves=1
num_cat=0
split_feature=
split_gain=
threshold=
decision_type=
left_child=
right_child=
leaf_value=0
leaf_weight=
leaf_count=3539
internal_value=
internal_weight=
internal_count=
is_linear=0
shrinkage=1


Tree=593
num_leaves=1
num_cat=0
split_feature=
split_gain=
threshold=
decision_type=
left_child=
right_child=
leaf_value=0
leaf_weight=
leaf_count=3539
internal_value=
internal_weight=
internal_count=
is_linear=0
shrinkage=1


Tree=594
num_leaves=2
num_cat=0
split_feature=10
split_gain=3.59211e-11
threshold=8.5000000000000018
decision_type=2
left_child=-1
right_child=-2
leaf_value=0 -1.2302314708107366e-07
leaf_weight=305.09604523843154 187.72820230200887
leaf_count=2154 1385
internal_value=0
internal_weight=492.824
internal_count=3539
is_linear=0
shrinkage=0.285707


Tree=595
num_leaves=1
num_cat=0
split_feature=
split_gain=
threshold=
decision_type=
left_child=
right_child=
leaf_value=0
leaf_weight=
leaf_count=3539
internal_value=
internal_weight=
internal_count=
is_linear=0
shrinkage=1


Tree=596
num_leaves=1
num_cat=0
split_feature=
split_gain=
threshold=
decision_type=
left_child=
right_child=
leaf_value=0
leaf_weight=
leaf_count=3539
internal_value=
internal_weight=
internal_count=
is_linear=0
shrinkage=1


Tree=597
num_leaves=2
num_cat=0
split_feature=10
split_gain=3.26339e-11
threshold=110.50000000000001
decision_type=2
left_child=-1
right_child=-2
leaf_value=0 -3.8282151235614381e-07
leaf_weight=480.65855832723901 12.165683862753211
leaf_count=3458 81
internal_value=0
internal_weight=492.824
internal_count=3539
is_linear=0
shrinkage=0.285707


Tree=598
num_leaves=1
num_cat=0
split_feature=
split_gain=
threshold=
decision_type=
left_child=
right_child=
leaf_value=0
leaf_weight=
leaf_count=3539
internal_value=
internal_weight=
internal_count=
is_linear=0
shrinkage=1


Tree=599
num_leaves=2
num_cat=0
split_feature=30
split_gain=2.60569e-12
threshold=6.5000000000000009
decision_type=2
left_child=-1
right_child=-2
leaf_value=-2.1827460752403636e-08 0
leaf_weight=440.42334793321788 119.13795723579824
leaf_count=2863 676
internal_value=0
internal_weight=559.561
internal_count=3539
is_linear=0
shrinkage=0.285707


Tree=600
num_leaves=2
num_cat=0
split_feature=10
split_gain=2.50966e-11
threshold=110.50000000000001
decision_type=2
left_child=-1
right_child=-2
leaf_value=0 -3.3571416390726778e-07
leaf_weight=480.65855970652774 12.165681648999451
leaf_count=3458 81
internal_value=0
internal_weight=492.824
internal_count=3539
is_linear=0
shrinkage=0.285707


Tree=601
num_leaves=1
num_cat=0
split_feature=
split_gain=
threshold=
decision_type=
left_child=
right_child=
leaf_value=0
leaf_weight=
leaf_count=3539
internal_value=
internal_weight=
internal_count=
is_linear=0
shrinkage=1


Tree=602
num_leaves=2
num_cat=0
split_feature=30
split_gain=1.83656e-12
threshold=6.5000000000000009
decision_type=2
left_child=-1
right_child=-2
leaf_value=-1.8325039512623499e-08 0
leaf_weight=440.42334879632108 119.13795708678663
leaf_count=2863 676
internal_value=0
internal_weight=559.561
internal_count=3539
is_linear=0
shrinkage=0.285707


Tree=603
num_leaves=2
num_cat=0
split_feature=10
split_gain=2.13449e-11
threshold=8.5000000000000018
decision_type=2
left_child=-1
right_child=-2
leaf_value=0 -9.4833017116170034e-08
leaf_weight=305.09604695485905 187.72819423908368
leaf_count=2154 1385
internal_value=0
internal_weight=492.824
internal_count=3539
is_linear=0
shrinkage=0.285707


Tree=604
num_leaves=1
num_cat=0
split_feature=
split_gain=
threshold=
decision_type=
left_child=
right_child=
leaf_value=0
leaf_weight=
leaf_count=3539
internal_value=
internal_weight=
internal_count=
is_linear=0
shrinkage=1


Tree=605
num_leaves=2
num_cat=0
split_feature=30
split_gain=1.33572e-12
threshold=6.5000000000000009
decision_type=2
left_child=-1
right_child=-2
leaf_value=-1.562788348788462e-08 0
leaf_weight=440.42334946850315 119.13795702718198
leaf_count=2863 676
internal_value=0
internal_weight=559.561
internal_count=3539
is_linear=0
shrinkage=0.285707


Tree=606
num_leaves=1
num_cat=0
split_feature=
split_gain=
threshold=
decision_type=
left_child=
right_child=
leaf_value=0
leaf_weight=
leaf_count=3539
internal_value=
internal_weight=
internal_count=
is_linear=0
shrinkage=1


Tree=607
num_leaves=1
num_cat=0
split_feature=
split_gain=
threshold=
decision_type=
left_child=
right_child=
leaf_value=0
leaf_weight=
leaf_count=3539
internal_value=
internal_weight=
internal_count=
is_linear=0
shrinkage=1


Tree=608
num_leaves=2
num_cat=0
split_feature=30
split_gain=1.29571e-12
threshold=6.5000000000000009
decision_type=2
left_child=-1
right_child=-2
leaf_value=-1.5392044365606241e-08 0
leaf_weight=440.42334994580597 119.13795618340373
leaf_count=2863 676
internal_value=0
internal_weight=559.561
internal_count=3539
is_linear=0
shrinkage=0.285707


end of trees

feature_importances:
Admission_grade=247
Mother's_occupation=242
Curricular_units_2nd_sem_(approved)=238
Course=224
Previous_qualification_(grade)=147
Grade_progress=139
Age_at_enrollment=124
Avg_grade_both_sem=120
Curricular_units_1st_sem_(grade)=109
Father's_occupation=107
Curricular_units_2nd_sem_(evaluations)=103
Curricular_units_1st_sem_(approved)=98
Curricular_units_2nd_sem_(grade)=96
Curricular_units_1st_sem_(evaluations)=66
Application_mode=63
Application_order=54
Tuition_fees_up_to_date=54
Curricular_units_1st_sem_(enrolled)=52
Mother's_qualification=50
Unemployment_rate=47
Curricular_units_2nd_sem_(enrolled)=41
Father's_qualification=35
Previous_qualification=29
Scholarship_holder=29
Debtor=28
GDP=27
Curricular_units_2nd_sem_(credited)=26
Curricular_units_1st_sem_(credited)=25
Curricular_units_1st_sem_(without_evaluations)=17
Gender=16
Curricular_units_2nd_sem_(without_evaluations)=16
Displaced=15
Inflation_rate=12
Nacionality=8
Daytime/evening_attendance	=2
Marital_status=1
International=1

parameters:
[boosting: gbdt]
[objective: multiclass]
[metric: multi_logloss]
[tree_learner: serial]
[device_type: cpu]
[data_sample_strategy: bagging]
[data: ]
[valid: ]
[num_iterations: 250]
[learning_rate: 0.285707]
[num_leaves: 94]
[num_threads: 8]
[seed: 42]
[deterministic: 0]
[force_col_wise: 0]
[force_row_wise: 0]
[histogram_pool_size: -1]
[max_depth: 12]
[min_data_in_leaf: 12]
[min_sum_hessian_in_leaf: 0.001]
[bagging_fraction: 0.577997]
[pos_bagging_fraction: 1]
[neg_bagging_fraction: 1]
[bagging_freq: 0]
[bagging_seed: 400]
[bagging_by_query: 0]
[feature_fraction: 0.529042]
[feature_fraction_bynode: 1]
[feature_fraction_seed: 30056]
[extra_trees: 0]
[extra_seed: 12879]
[early_stopping_round: 0]
[early_stopping_min_delta: 0]
[first_metric_only: 0]
[max_delta_step: 0]
[lambda_l1: 8.66176]
[lambda_l2: 6.01115]
[linear_lambda: 0]
[min_gain_to_split: 0]
[drop_rate: 0.1]
[max_drop: 50]
[skip_drop: 0.5]
[xgboost_dart_mode: 0]
[uniform_drop: 0]
[drop_seed: 17869]
[top_rate: 0.2]
[other_rate: 0.1]
[min_data_per_group: 100]
[max_cat_threshold: 32]
[cat_l2: 10]
[cat_smooth: 10]
[max_cat_to_onehot: 4]
[top_k: 20]
[monotone_constraints: ]
[monotone_constraints_method: basic]
[monotone_penalty: 0]
[feature_contri: ]
[forcedsplits_filename: ]
[refit_decay_rate: 0.9]
[cegb_tradeoff: 1]
[cegb_penalty_split: 0]
[cegb_penalty_feature_lazy: ]
[cegb_penalty_feature_coupled: ]
[path_smooth: 0]
[interaction_constraints: ]
[verbosity: -1]
[saved_feature_importance_type: 0]
[use_quantized_grad: 0]
[num_grad_quant_bins: 4]
[quant_train_renew_leaf: 0]
[stochastic_rounding: 1]
[linear_tree: 0]
[max_bin: 255]
[max_bin_by_feature: ]
[min_data_in_bin: 3]
[bin_construct_sample_cnt: 200000]
[data_random_seed: 175]
[is_enable_sparse: 1]
[enable_bundle: 1]
[use_missing: 1]
[zero_as_missing: 0]
[feature_pre_filter: 1]
[pre_partition: 0]
[two_round: 0]
[header: 0]
[label_column: ]
[weight_column: ]
[group_column: ]
[ignore_column: ]
[categorical_feature: ]
[forcedbins_filename: ]
[precise_float_parser: 0]
[parser_config_file: ]
[objective_seed: 16083]
[num_class: 3]
[is_unbalance: 0]
[scale_pos_weight: 1]
[sigmoid: 1]
[boost_from_average: 1]
[reg_sqrt: 0]
[alpha: 0.9]
[fair_c: 1]
[poisson_max_delta_step: 0.7]
[tweedie_variance_power: 1.5]
[lambdarank_truncation_level: 30]
[lambdarank_norm: 1]
[label_gain: ]
[lambdarank_position_bias_regularization: 0]
[eval_at: ]
[multi_error_top_k: 1]
[auc_mu_weights: ]
[num_machines: 1]
[local_listen_port: 12400]
[time_out: 120]
[machine_list_filename: ]
[machines: ]
[gpu_platform_id: -1]
[gpu_device_id: -1]
[gpu_use_dp: 0]
[num_gpu: 1]

end of parameters

pandas_categorical:[]
